Company,Company Type,"Invests in(Preseed, Seed, Series A ...)",Company Thesis,Sector,Cheque Size,Website,Company Linkedin,Notes,Investment Criteria (evaluation),Process / Extra Notes,Detailed Writeup (~200 words),Data Confidence,India relevance,Source,Wave,Status
021 Capital,VC,"Seed, Series A",,,,https://021.capital,,SEBI AIF1; IN/AIF1/17-18/0384,,,,Unverified – inferred,HQ India,https://www.sebi.gov.in/sebiweb/other/OtherAction.do?doRecognisedFpi=yes&intmId=16,E-sebi-aif,approved_high
108 Capital Venture,VC,"Seed, Series A",,,,https://108.vc,,SEBI AIF2; IN/AIF2/23-24/1349,,,,Unverified – inferred,HQ India,https://www.sebi.gov.in/sebiweb/other/OtherAction.do?doRecognisedFpi=yes&intmId=16,E-sebi-aif,approved_high
3One4 Capital India Internet Dynamics,VC,"Seed, Series A",,,,https://3one4capital.com,,SEBI AIF1; IN/AIF1/22-23/1215,,,,Unverified – inferred,HQ India,https://www.sebi.gov.in/sebiweb/other/OtherAction.do?doRecognisedFpi=yes&intmId=16,E-sebi-aif,approved_high
77 East Venture,VC,"Seed, Series A",,,,https://77eastvp.com,,SEBI AIF1; IN/AIF1/23-24/1390,,,,Unverified – inferred,HQ India,https://www.sebi.gov.in/sebiweb/other/OtherAction.do?doRecognisedFpi=yes&intmId=16,E-sebi-aif,approved_high
888vc Accelerator,Accelerator,"Pre-Seed, Seed",,,,https://888vc.co,,SEBI AIF1; IN/AIF1/24-25/1727,,,,Unverified – inferred,HQ India,https://www.sebi.gov.in/sebiweb/other/OtherAction.do?doRecognisedFpi=yes&intmId=16,E-sebi-aif,approved_high
9Unicorns Accelerator,Accelerator,"Pre-Seed, Seed",,,,https://vcatsaccelerator.com,,SEBI AIF1; IN/AIF1/18-19/0663,,,,Unverified – inferred,HQ India,https://www.sebi.gov.in/sebiweb/other/OtherAction.do?doRecognisedFpi=yes&intmId=16,E-sebi-aif,approved_high
Aagama Ventures,VC,"Seed, Series A",,,,https://aagama.vc,,SEBI AIF2; IN/AIF2/25-26/1879,,,,Unverified – inferred,HQ India,https://www.sebi.gov.in/sebiweb/other/OtherAction.do?doRecognisedFpi=yes&intmId=16,E-sebi-aif,approved_high
Access India,VC,"Seed, Series A",,,,https://accesspe.in,,"SEBI AIF1; IN/AIF1/25-26/1947, IN/VCF/10-11/0203",,,,Unverified – inferred,HQ India,https://www.sebi.gov.in/sebiweb/other/OtherAction.do?doRecognisedFpi=yes&intmId=16,E-sebi-aif,approved_high
Advantedge Technology,VC,"Seed, Series A",,,,https://advantedge.vc,,SEBI AIF1; IN/AIF1/19-20/0754,,,,Unverified – inferred,HQ India,https://www.sebi.gov.in/sebiweb/other/OtherAction.do?doRecognisedFpi=yes&intmId=16,E-sebi-aif,approved_high
Aeravti Ventures,VC,"Seed, Series A",,,,https://aeravti.com,,SEBI AIF1; IN/AIF1/22-23/1169,,,,Unverified – inferred,HQ India,https://www.sebi.gov.in/sebiweb/other/OtherAction.do?doRecognisedFpi=yes&intmId=16,E-sebi-aif,approved_high
Alkemi Venture,VC,"Seed, Series A",,,,https://alkemivp.com,,"SEBI AIF2; IN/AIF2/18-19/0533, IN/AIF2/21-22/0984",,,,Unverified – inferred,HQ India,https://www.sebi.gov.in/sebiweb/other/OtherAction.do?doRecognisedFpi=yes&intmId=16,E-sebi-aif,approved_high
Allvest Growth Capital,PE,"Series B, Series C+",,,,https://allvest.co,,SEBI AIF2; IN/AIF2/26-27/2149,,,,Unverified – inferred,HQ India,https://www.sebi.gov.in/sebiweb/other/OtherAction.do?doRecognisedFpi=yes&intmId=16,E-sebi-aif,approved_high
Alyxis Venture Partners,VC,"Seed, Series A",,,,https://alyxisventures.com,,SEBI AIF2; IN/AIF2/24-25/1504,,,,Unverified – inferred,HQ India,https://www.sebi.gov.in/sebiweb/other/OtherAction.do?doRecognisedFpi=yes&intmId=16,E-sebi-aif,approved_high
Angel One Alternative Investment,Angel,"Pre-Seed, Seed",,,,https://angeloneim.in,,SEBI AIF2; IN/AIF2/24-25/1750,,,,Unverified – inferred,HQ India,https://www.sebi.gov.in/sebiweb/other/OtherAction.do?doRecognisedFpi=yes&intmId=16,E-sebi-aif,approved_high
Ankur Capital,VC,"Seed, Series A",,,,https://ankurcapital.com,,"SEBI AIF1; IN/AIF1/19-20/0670, IN/AIF1/23-24/1313",,,,Unverified – inferred,HQ India,https://www.sebi.gov.in/sebiweb/other/OtherAction.do?doRecognisedFpi=yes&intmId=16,E-sebi-aif,approved_high
Anthill Capital Ventures,VC,"Seed, Series A",,,,https://anthillventures.com,,"SEBI AIF1; IN/AIF1/18-19/0559, IN/AIF1/22-23/1072",,,,Unverified – inferred,HQ India,https://www.sebi.gov.in/sebiweb/other/OtherAction.do?doRecognisedFpi=yes&intmId=16,E-sebi-aif,approved_high
Antler Innovation India,VC,"Seed, Series A",,,,https://antler.co,,SEBI AIF2; IN/AIF2/21-22/0885,,,,Unverified – inferred,HQ India,https://www.sebi.gov.in/sebiweb/other/OtherAction.do?doRecognisedFpi=yes&intmId=16,E-sebi-aif,approved_high
Arali Ventures,VC,"Seed, Series A",,,,https://araliventures.in,,"SEBI AIF1; IN/AIF1/18-19/0554, IN/AIF1/22-23/1050",,,,Unverified – inferred,HQ India,https://www.sebi.gov.in/sebiweb/other/OtherAction.do?doRecognisedFpi=yes&intmId=16,E-sebi-aif,approved_high
Art Ventures,VC,"Seed, Series A",,,,https://artpark.in,,"SEBI AIF1; IN/AIF1/24-25/1558, IN/AIF2/22-23/1097",,,,Unverified – inferred,HQ India,https://www.sebi.gov.in/sebiweb/other/OtherAction.do?doRecognisedFpi=yes&intmId=16,E-sebi-aif,approved_high
Artha Continuum,VC,"Seed, Series A",,,,https://arthagroupofcompanies.com,,SEBI AIF1; IN/AIF1/23-24/1281,,,,Unverified – inferred,HQ India,https://www.sebi.gov.in/sebiweb/other/OtherAction.do?doRecognisedFpi=yes&intmId=16,E-sebi-aif,approved_high
Artha Venture,VC,"Seed, Series A",,,,https://artha.vc,,SEBI AIF1; IN/AIF1/17-18/0522,,,,Unverified – inferred,HQ India,https://www.sebi.gov.in/sebiweb/other/OtherAction.do?doRecognisedFpi=yes&intmId=16,E-sebi-aif,approved_high
Artha99 Investment AIF,VC,"Seed, Series A",,,,https://artha99.vc,,SEBI AIF1; IN/AIF1/22-23/1067,,,,Unverified – inferred,HQ India,https://www.sebi.gov.in/sebiweb/other/OtherAction.do?doRecognisedFpi=yes&intmId=16,E-sebi-aif,approved_high
Asha Ventures,VC,"Seed, Series A",,,,https://ashaventures.in,,SEBI AIF2; IN/AIF2/22-23/1143,,,,Unverified – inferred,HQ India,https://www.sebi.gov.in/sebiweb/other/OtherAction.do?doRecognisedFpi=yes&intmId=16,E-sebi-aif,approved_high
Athera,VC,"Seed, Series A",,,,https://atheravp.com,,SEBI AIF1; IN/AIF1/22-23/1140,,,,Unverified – inferred,HQ India,https://www.sebi.gov.in/sebiweb/other/OtherAction.do?doRecognisedFpi=yes&intmId=16,E-sebi-aif,approved_high
Audacity Venture Capital,VC,"Seed, Series A",,,,https://audacityvc.com,,SEBI AIF2; IN/AIF2/22-23/1148,,,,Unverified – inferred,HQ India,https://www.sebi.gov.in/sebiweb/other/OtherAction.do?doRecognisedFpi=yes&intmId=16,E-sebi-aif,approved_high
AudTen Capital,VC,"Seed, Series A",,,,https://audten.vc,,SEBI AIF1; IN/AIF1/25-26/2015,,,,Unverified – inferred,HQ India,https://www.sebi.gov.in/sebiweb/other/OtherAction.do?doRecognisedFpi=yes&intmId=16,E-sebi-aif,approved_high
Aum Ventures Investment,VC,"Seed, Series A",,,,https://aumvc.com,,SEBI AIF2; IN/AIF2/25-26/2048,,,,Unverified – inferred,HQ India,https://www.sebi.gov.in/sebiweb/other/OtherAction.do?doRecognisedFpi=yes&intmId=16,E-sebi-aif,approved_high
Auxano Entrepreneur,VC,"Seed, Series A",,,,https://auxano.in,,SEBI AIF1; IN/AIF1/19-20/0741,,,,Unverified – inferred,HQ India,https://www.sebi.gov.in/sebiweb/other/OtherAction.do?doRecognisedFpi=yes&intmId=16,E-sebi-aif,approved_high
Avaana Capital Seed,VC,"Seed, Series A",,,,https://avaanacapital.com,,SEBI AIF2; IN/AIF2/22-23/1034,,,,Unverified – inferred,HQ India,https://www.sebi.gov.in/sebiweb/other/OtherAction.do?doRecognisedFpi=yes&intmId=16,E-sebi-aif,approved_high
Avatar Growth Capital India,PE,"Series B, Series C+",,,,https://avatargcp.com,,SEBI AIF2; IN/AIF2/25-26/2077,,,,Unverified – inferred,HQ India,https://www.sebi.gov.in/sebiweb/other/OtherAction.do?doRecognisedFpi=yes&intmId=16,E-sebi-aif,approved_high
Avora SME,VC,"Seed, Series A",,,,https://avoraadvisors.in,,SEBI AIF1; IN/AIF1/24-25/1732,,,,Unverified – inferred,HQ India,https://www.sebi.gov.in/sebiweb/other/OtherAction.do?doRecognisedFpi=yes&intmId=16,E-sebi-aif,approved_high
Axilor Investment,VC,"Seed, Series A",,,,https://axilor.com,,SEBI AIF1; IN/AIF1/17-18/0518,,,,Unverified – inferred,HQ India,https://www.sebi.gov.in/sebiweb/other/OtherAction.do?doRecognisedFpi=yes&intmId=16,E-sebi-aif,approved_high
BanyanTree Growth Capital IV,PE,"Series B, Series C+",,,,https://banyantreefinance.com,,"SEBI AIF2; IN/AIF2/17-18/0515, IN/AIF2/25-26/2055",,,,Unverified – inferred,HQ India,https://www.sebi.gov.in/sebiweb/other/OtherAction.do?doRecognisedFpi=yes&intmId=16,E-sebi-aif,approved_high
Beams Fintech,VC,"Seed, Series A",,,,https://beams.vc,,SEBI AIF2; IN/AIF2/21-22/0959,,,,Unverified – inferred,HQ India,https://www.sebi.gov.in/sebiweb/other/OtherAction.do?doRecognisedFpi=yes&intmId=16,E-sebi-aif,approved_high
Beyond Next Ventures India,VC,"Seed, Series A",,,,https://beyondnextventures.com,,SEBI AIF2; IN/AIF2/26-27/2159,,,,Unverified – inferred,HQ India,https://www.sebi.gov.in/sebiweb/other/OtherAction.do?doRecognisedFpi=yes&intmId=16,E-sebi-aif,approved_high
BeyondSeed Angel,Angel,"Pre-Seed, Seed",,,,https://beyondseed.sg,,SEBI AIF1; IN/AIF1/24-25/1529,,,,Unverified – inferred,HQ India,https://www.sebi.gov.in/sebiweb/other/OtherAction.do?doRecognisedFpi=yes&intmId=16,E-sebi-aif,approved_high
Bharat Seed,VC,"Seed, Series A",,,,https://bharat.fund,,SEBI AIF1; IN/AIF1/22-23/1163,,,,Unverified – inferred,HQ India,https://www.sebi.gov.in/sebiweb/other/OtherAction.do?doRecognisedFpi=yes&intmId=16,E-sebi-aif,approved_high
Blu Network Advantage,VC,"Seed, Series A",,,,https://constellationblu.com,,SEBI AIF1; IN/AIF1/22-23/1149,,,,Unverified – inferred,HQ India,https://www.sebi.gov.in/sebiweb/other/OtherAction.do?doRecognisedFpi=yes&intmId=16,E-sebi-aif,approved_high
Blue Ashva Varenya,VC,"Seed, Series A",,,,https://blueashvacapital.com,,SEBI AIF1; IN/AIF1/21-22/0933,,,,Unverified – inferred,HQ India,https://www.sebi.gov.in/sebiweb/other/OtherAction.do?doRecognisedFpi=yes&intmId=16,E-sebi-aif,approved_high
Blume Ventures,VC,"Seed, Series A",,,,https://blume.vc,,"SEBI AIF1; IN/AIF1/14-15/0106, IN/AIF1/21-22/0966, IN/AIF1/25-26/1853 (+2)",,,,Unverified – inferred,HQ India,https://www.sebi.gov.in/sebiweb/other/OtherAction.do?doRecognisedFpi=yes&intmId=16,E-sebi-aif,approved_high
Breathe Capital India,VC,"Seed, Series A",,,,https://breathecap.com,,SEBI AIF1; IN/AIF1/24-25/1493,,,,Unverified – inferred,HQ India,https://www.sebi.gov.in/sebiweb/other/OtherAction.do?doRecognisedFpi=yes&intmId=16,E-sebi-aif,approved_high
Campus Angel,Angel,"Pre-Seed, Seed",,,,https://yourcampusfund.com,,SEBI AIF1; IN/AIF1/25-26/1851,,,,Unverified – inferred,HQ India,https://www.sebi.gov.in/sebiweb/other/OtherAction.do?doRecognisedFpi=yes&intmId=16,E-sebi-aif,approved_high
Canbank Venture Capital,VC,"Seed, Series A",,,,https://canbank.vc,,"SEBI AIF1; IN/AIF1/25-26/1867, IN/AIF2/24-25/1742",,,,Unverified – inferred,HQ India,https://www.sebi.gov.in/sebiweb/other/OtherAction.do?doRecognisedFpi=yes&intmId=16,E-sebi-aif,approved_high
Capitar Ventures,VC,"Seed, Series A",,,,https://capitar.in,,"SEBI AIF2; IN/AIF1/26-27/2194, IN/AIF2/22-23/1134",,,,Unverified – inferred,HQ India,https://www.sebi.gov.in/sebiweb/other/OtherAction.do?doRecognisedFpi=yes&intmId=16,E-sebi-aif,approved_high
Carnelian AIF Category I,VC,"Seed, Series A",,,,https://carneliancapital.co.in,,SEBI AIF1; IN/AIF1/25-26/1787,,,,Unverified – inferred,HQ India,https://www.sebi.gov.in/sebiweb/other/OtherAction.do?doRecognisedFpi=yes&intmId=16,E-sebi-aif,approved_high
CDM Capital,VC,"Seed, Series A",,,,https://cdmcapital.in,,SEBI AIF1; IN/AIF1/22-23/1165,,,,Unverified – inferred,HQ India,https://www.sebi.gov.in/sebiweb/other/OtherAction.do?doRecognisedFpi=yes&intmId=16,E-sebi-aif,approved_high
Chakra India Growth,VC,"Seed, Series A",,,,https://chakra.fund,,SEBI AIF1; IN/AIF1/23-24/1296,,,,Unverified – inferred,HQ India,https://www.sebi.gov.in/sebiweb/other/OtherAction.do?doRecognisedFpi=yes&intmId=16,E-sebi-aif,approved_high
Chiratae,VC,"Seed, Series A",,,,https://chiratae.com,,"SEBI AIF1; IN/AIF1/15-16/0174, IN/AIF1/18-19/0637, IN/AIF1/19-20/0667 (+1)",,,,Unverified – inferred,HQ India,https://www.sebi.gov.in/sebiweb/other/OtherAction.do?doRecognisedFpi=yes&intmId=16,E-sebi-aif,approved_high
Cogniphy Angel,Angel,"Pre-Seed, Seed",,,,https://cogniphy.us,,SEBI AIF1; IN/AIF1/22-23/1242,,,,Unverified – inferred,HQ India,https://www.sebi.gov.in/sebiweb/other/OtherAction.do?doRecognisedFpi=yes&intmId=16,E-sebi-aif,approved_high
ConsumerX Ventures,VC,"Seed, Series A",,,,https://consumerx.vc,,SEBI AIF2; IN/AIF2/26-27/2184,,,,Unverified – inferred,HQ India,https://www.sebi.gov.in/sebiweb/other/OtherAction.do?doRecognisedFpi=yes&intmId=16,E-sebi-aif,approved_high
Dezerv Innovation,VC,"Seed, Series A",,,,https://dezerv.in,,SEBI AIF1; IN/AIF1/22-23/1066,,,,Unverified – inferred,HQ India,https://www.sebi.gov.in/sebiweb/other/OtherAction.do?doRecognisedFpi=yes&intmId=16,E-sebi-aif,approved_high
Disruption,VC,"Seed, Series A",,,,https://disruption.fund,,SEBI AIF1; IN/AIF1/24-25/1570,,,,Unverified – inferred,HQ India,https://www.sebi.gov.in/sebiweb/other/OtherAction.do?doRecognisedFpi=yes&intmId=16,E-sebi-aif,approved_high
Disruptors Capital,VC,"Seed, Series A",,,,https://disruptors.capital,,SEBI AIF1; IN/AIF1/21-22/0986,,,,Unverified – inferred,HQ India,https://www.sebi.gov.in/sebiweb/other/OtherAction.do?doRecognisedFpi=yes&intmId=16,E-sebi-aif,approved_high
Eaglewings Rise,VC,"Seed, Series A",,,,https://eaglewingsventures.com,,SEBI AIF1; IN/AIF1/23-24/1310,,,,Unverified – inferred,HQ India,https://www.sebi.gov.in/sebiweb/other/OtherAction.do?doRecognisedFpi=yes&intmId=16,E-sebi-aif,approved_high
Edelweiss Infrastructure Yield Plus,VC,"Seed, Series A",,,,https://edelweissfin.com,,SEBI AIF1; IN/AIF1/17-18/0511,,,,Unverified – inferred,HQ India,https://www.sebi.gov.in/sebiweb/other/OtherAction.do?doRecognisedFpi=yes&intmId=16,E-sebi-aif,approved_high
Ekamya Pragati,VC,"Seed, Series A",,,,https://ekamya.com,,SEBI AIF1; IN/AIF1/24-25/1768,,,,Unverified – inferred,HQ India,https://www.sebi.gov.in/sebiweb/other/OtherAction.do?doRecognisedFpi=yes&intmId=16,E-sebi-aif,approved_high
Enzia Investment,VC,"Seed, Series A",,,,https://enzia.vc,,SEBI AIF1; IN/AIF1/21-22/0917,,,,Unverified – inferred,HQ India,https://www.sebi.gov.in/sebiweb/other/OtherAction.do?doRecognisedFpi=yes&intmId=16,E-sebi-aif,approved_high
Equanimity Ventures,VC,"Seed, Series A",,,,https://equanimity.vc,,"SEBI AIF2; IN/AIF2/21-22/0993, IN/AIF2/25-26/2019",,,,Unverified – inferred,HQ India,https://www.sebi.gov.in/sebiweb/other/OtherAction.do?doRecognisedFpi=yes&intmId=16,E-sebi-aif,approved_high
Equentis Angel,Angel,"Pre-Seed, Seed",,,,https://equentis.com,,"SEBI AIF1; IN/AIF1/23-24/1419, IN/AIF2/25-26/1838",,,,Unverified – inferred,HQ India,https://www.sebi.gov.in/sebiweb/other/OtherAction.do?doRecognisedFpi=yes&intmId=16,E-sebi-aif,approved_high
Equirus Alternative Fund,VC,"Seed, Series A",,,,https://equirus.vc,,SEBI AIF1; IN/AIF1/23-24/1398,,,,Unverified – inferred,HQ India,https://www.sebi.gov.in/sebiweb/other/OtherAction.do?doRecognisedFpi=yes&intmId=16,E-sebi-aif,approved_high
Eximius,VC,"Seed, Series A",,,,https://eximiusvc.com,,SEBI AIF1; IN/AIF1/20-21/0855,,,,Unverified – inferred,HQ India,https://www.sebi.gov.in/sebiweb/other/OtherAction.do?doRecognisedFpi=yes&intmId=16,E-sebi-aif,approved_high
Faad Capital,VC,"Seed, Series A",,,,https://faad.in,,SEBI AIF1; IN/AIF1/22-23/1175,,,,Unverified – inferred,HQ India,https://www.sebi.gov.in/sebiweb/other/OtherAction.do?doRecognisedFpi=yes&intmId=16,E-sebi-aif,approved_high
Faering Capital Growth,PE,"Series B, Series C+",,,,https://faeringcapital.com,,"SEBI AIF2; IN/AIF1/25-26/1886, IN/AIF2/21-22/0906, IN/AIF2/21-22/0921 (+1)",,,,Unverified – inferred,HQ India,https://www.sebi.gov.in/sebiweb/other/OtherAction.do?doRecognisedFpi=yes&intmId=16,E-sebi-aif,approved_high
FBC,VC,"Seed, Series A",,,,https://fbcfund.com,,SEBI AIF1; IN/AIF1/21-22/0954,,,,Unverified – inferred,HQ India,https://www.sebi.gov.in/sebiweb/other/OtherAction.do?doRecognisedFpi=yes&intmId=16,E-sebi-aif,approved_high
Fireside Ventures Investment,VC,"Seed, Series A",,,,https://firesideventures.com,,"SEBI AIF1; IN/AIF1/18-19/0645, IN/AIF2/21-22/1018, IN/AIF2/25-26/1804",,,,Unverified – inferred,HQ India,https://www.sebi.gov.in/sebiweb/other/OtherAction.do?doRecognisedFpi=yes&intmId=16,E-sebi-aif,approved_high
First And Fast Capital,VC,"Seed, Series A",,,,https://firstandfast.vc,,SEBI AIF1; IN/AIF1/26-27/2266,,,,Unverified – inferred,HQ India,https://www.sebi.gov.in/sebiweb/other/OtherAction.do?doRecognisedFpi=yes&intmId=16,E-sebi-aif,approved_high
First Assetz SME,VC,"Seed, Series A",,,,https://firstassetz.com,,SEBI AIF1; IN/AIF1/26-27/2195,,,,Unverified – inferred,HQ India,https://www.sebi.gov.in/sebiweb/other/OtherAction.do?doRecognisedFpi=yes&intmId=16,E-sebi-aif,approved_high
FirstPort Capital,VC,"Seed, Series A",,,,https://firstport.vc,,"SEBI AIF1; IN/AIF1/21-22/0874, IN/AIF1/24-25/1684, IN/AIF2/22-23/1065",,,,Unverified – inferred,HQ India,https://www.sebi.gov.in/sebiweb/other/OtherAction.do?doRecognisedFpi=yes&intmId=16,E-sebi-aif,approved_high
Fluid Ventures,VC,"Seed, Series A",,,,https://fluidvc.in,,SEBI AIF1; IN/AIF1/19-20/0780,,,,Unverified – inferred,HQ India,https://www.sebi.gov.in/sebiweb/other/OtherAction.do?doRecognisedFpi=yes&intmId=16,E-sebi-aif,approved_high
Force Ventures,VC,"Seed, Series A",,,,https://forceventures.in,,SEBI AIF1; IN/AIF1/23-24/1334,,,,Unverified – inferred,HQ India,https://www.sebi.gov.in/sebiweb/other/OtherAction.do?doRecognisedFpi=yes&intmId=16,E-sebi-aif,approved_high
Fundalogical Ventures Investment,VC,"Seed, Series A",,,,https://fundalogical.com,,SEBI AIF2; IN/AIF2/23-24/1356,,,,Unverified – inferred,HQ India,https://www.sebi.gov.in/sebiweb/other/OtherAction.do?doRecognisedFpi=yes&intmId=16,E-sebi-aif,approved_high
Fundamental Ventures,VC,"Seed, Series A",,,,https://fundamentalvc.in,,SEBI AIF1; IN/AIF1/21-22/1019,,,,Unverified – inferred,HQ India,https://www.sebi.gov.in/sebiweb/other/OtherAction.do?doRecognisedFpi=yes&intmId=16,E-sebi-aif,approved_high
Gaja Capital India,VC,"Seed, Series A",,,,https://gajacapital.com,,"SEBI AIF1; IN/AIF1/25-26/1904, IN/VCF/07-08/105",,,,Unverified – inferred,HQ India,https://www.sebi.gov.in/sebiweb/other/OtherAction.do?doRecognisedFpi=yes&intmId=16,E-sebi-aif,approved_high
Gemba Capital,VC,"Seed, Series A",,,,https://gembacapital.in,,"SEBI AIF1; IN/AIF1/21-22/0884, IN/AIF1/24-25/1579",,,,Unverified – inferred,HQ India,https://www.sebi.gov.in/sebiweb/other/OtherAction.do?doRecognisedFpi=yes&intmId=16,E-sebi-aif,approved_high
Getfive Opportunity,VC,"Seed, Series A",,,,https://getfive.in,,SEBI AIF1; IN/AIF1/24-25/1668,,,,Unverified – inferred,HQ India,https://www.sebi.gov.in/sebiweb/other/OtherAction.do?doRecognisedFpi=yes&intmId=16,E-sebi-aif,approved_high
Gnancircle Investment,VC,"Seed, Series A",,,,https://gnancircle.com,,SEBI AIF1; IN/AIF1/25-26/2090,,,,Unverified – inferred,HQ India,https://www.sebi.gov.in/sebiweb/other/OtherAction.do?doRecognisedFpi=yes&intmId=16,E-sebi-aif,approved_high
Grand Anicut,VC,"Seed, Series A",,,,https://anicutcapital.com,,"SEBI AIF1; IN/AIF1/19-20/0738, IN/AIF1/22-23/1048, IN/AIF1/25-26/2017",,,,Unverified – inferred,HQ India,https://www.sebi.gov.in/sebiweb/other/OtherAction.do?doRecognisedFpi=yes&intmId=16,E-sebi-aif,approved_high
Green Marble Venture Capital,VC,"Seed, Series A",,,,https://greenmarble.vc,,SEBI AIF2; IN/AIF2/25-26/2071,,,,Unverified – inferred,HQ India,https://www.sebi.gov.in/sebiweb/other/OtherAction.do?doRecognisedFpi=yes&intmId=16,E-sebi-aif,approved_high
Growthally Capital,VC,"Seed, Series A",,,,https://growthally.org,,SEBI AIF1; IN/AIF1/25-26/1984,,,,Unverified – inferred,HQ India,https://www.sebi.gov.in/sebiweb/other/OtherAction.do?doRecognisedFpi=yes&intmId=16,E-sebi-aif,approved_high
GrowthCap Ventures AIF,PE,"Series B, Series C+",,,,https://growthcap.vc,,SEBI AIF2; IN/AIF2/23-24/1301,,,,Unverified – inferred,HQ India,https://www.sebi.gov.in/sebiweb/other/OtherAction.do?doRecognisedFpi=yes&intmId=16,E-sebi-aif,approved_high
Growx Ventures,VC,"Seed, Series A",,,,https://growxventures.com,,SEBI AIF2; IN/AIF2/18-19/0587,,,,Unverified – inferred,HQ India,https://www.sebi.gov.in/sebiweb/other/OtherAction.do?doRecognisedFpi=yes&intmId=16,E-sebi-aif,approved_high
Gruhas Collective Consumer,VC,"Seed, Series A",,,,https://collectiveartists.com,,SEBI AIF2; IN/AIF2/23-24/1400,,,,Unverified – inferred,HQ India,https://www.sebi.gov.in/sebiweb/other/OtherAction.do?doRecognisedFpi=yes&intmId=16,E-sebi-aif,approved_high
Gvfl Venture Capital,VC,"Seed, Series A",,,,https://gvfl.com,,"SEBI AIF1; IN/AIF1/23-24/1425, IN/AIF1/25-26/2005, IN/AIF2/19-20/0765 (+1)",,,,Unverified – inferred,HQ India,https://www.sebi.gov.in/sebiweb/other/OtherAction.do?doRecognisedFpi=yes&intmId=16,E-sebi-aif,approved_high
Hegd Growth Equity,PE,"Series B, Series C+",,,,https://hegdinvst.com,,SEBI AIF2; IN/AIF2/25-26/2032,,,,Unverified – inferred,HQ India,https://www.sebi.gov.in/sebiweb/other/OtherAction.do?doRecognisedFpi=yes&intmId=16,E-sebi-aif,approved_high
Hem Angel,Angel,"Pre-Seed, Seed",,,,https://hemsecurities.com,,SEBI AIF1; IN/AIF1/24-25/1528,,,,Unverified – inferred,HQ India,https://www.sebi.gov.in/sebiweb/other/OtherAction.do?doRecognisedFpi=yes&intmId=16,E-sebi-aif,approved_high
HPCL Startup,VC,"Seed, Series A",,,,https://hpcl.in,,SEBI AIF1; IN/AIF1/25-26/1822,,,,Unverified – inferred,HQ India,https://www.sebi.gov.in/sebiweb/other/OtherAction.do?doRecognisedFpi=yes&intmId=16,E-sebi-aif,approved_high
Huddle Venture,VC,"Seed, Series A",,,,https://huddleventures.vc,,"SEBI AIF1; IN/AIF1/22-23/1195, IN/AIF2/25-26/1995",,,,Unverified – inferred,HQ India,https://www.sebi.gov.in/sebiweb/other/OtherAction.do?doRecognisedFpi=yes&intmId=16,E-sebi-aif,approved_high
Hyderabad Angels,Angel,"Pre-Seed, Seed",,,,https://hyderabadangels.in,,SEBI AIF1; IN/AIF1/23-24/1325,,,,Unverified – inferred,HQ India,https://www.sebi.gov.in/sebiweb/other/OtherAction.do?doRecognisedFpi=yes&intmId=16,E-sebi-aif,approved_high
IAN,VC,"Seed, Series A",,,,https://indianangelnetwork.com,,"SEBI AIF1; IN/AIF1/16-17/0220, IN/AIF1/20-21/0862",,,,Unverified – inferred,HQ India,https://www.sebi.gov.in/sebiweb/other/OtherAction.do?doRecognisedFpi=yes&intmId=16,E-sebi-aif,approved_high
Ikp Venture,VC,"Seed, Series A",,,,https://ikpimc.in,,SEBI AIF1; IN/AIF1/18-19/0632,,,,Unverified – inferred,HQ India,https://www.sebi.gov.in/sebiweb/other/OtherAction.do?doRecognisedFpi=yes&intmId=16,E-sebi-aif,approved_high
Incred Ventures India Angel,Angel,"Pre-Seed, Seed",,,,https://incred.com,,SEBI AIF1; IN/AIF1/23-24/1261,,,,Unverified – inferred,HQ India,https://www.sebi.gov.in/sebiweb/other/OtherAction.do?doRecognisedFpi=yes&intmId=16,E-sebi-aif,approved_high
Incube8 Ventures,VC,"Seed, Series A",,,,https://incube8.vc,,SEBI AIF2; IN/AIF2/26-27/2269,,,,Unverified – inferred,HQ India,https://www.sebi.gov.in/sebiweb/other/OtherAction.do?doRecognisedFpi=yes&intmId=16,E-sebi-aif,approved_high
India Innovation,VC,"Seed, Series A",,,,https://theinnovation.fund,,"SEBI VCF; IN/AIF2/24-25/1653, IN/VCF/09-10/142",,,,Unverified – inferred,HQ India,https://www.sebi.gov.in/sebiweb/other/OtherAction.do?doRecognisedFpi=yes&intmId=16,E-sebi-aif,approved_high
Induckt Vision One,VC,"Seed, Series A",,,,https://inducktvc.com,,SEBI AIF1; IN/AIF1/23-24/1320,,,,Unverified – inferred,HQ India,https://www.sebi.gov.in/sebiweb/other/OtherAction.do?doRecognisedFpi=yes&intmId=16,E-sebi-aif,approved_high
Indusbridge Ventures,VC,"Seed, Series A",,,,https://indusbridgeventures.com,,SEBI AIF2; IN/AIF2/24-25/1682,,,,Unverified – inferred,HQ India,https://www.sebi.gov.in/sebiweb/other/OtherAction.do?doRecognisedFpi=yes&intmId=16,E-sebi-aif,approved_high
Infinyte Club Angel,Angel,"Pre-Seed, Seed",,,,https://infinyte.club,,SEBI AIF1; IN/AIF1/23-24/1458,,,,Unverified – inferred,HQ India,https://www.sebi.gov.in/sebiweb/other/OtherAction.do?doRecognisedFpi=yes&intmId=16,E-sebi-aif,approved_high
Inflexor Ventures,VC,"Seed, Series A",,,,https://inflexor.vc,,"SEBI AIF1; IN/AIF1/19-20/0763, IN/AIF1/24-25/1487",,,,Unverified – inferred,HQ India,https://www.sebi.gov.in/sebiweb/other/OtherAction.do?doRecognisedFpi=yes&intmId=16,E-sebi-aif,approved_high
Ironclad Ventures Af,VC,"Seed, Series A",,,,https://ironcladamc.com,,SEBI AIF1; IN/AIF1/25-26/1899,,,,Unverified – inferred,HQ India,https://www.sebi.gov.in/sebiweb/other/OtherAction.do?doRecognisedFpi=yes&intmId=16,E-sebi-aif,approved_high
Ivycap Ventures,VC,"Seed, Series A",,,,https://ivycapventures.com,,"SEBI AIF2; IN/AIF2/18-19/0564, IN/AIF2/26-27/2243",,,,Unverified – inferred,HQ India,https://www.sebi.gov.in/sebiweb/other/OtherAction.do?doRecognisedFpi=yes&intmId=16,E-sebi-aif,approved_high
IXP Lifesciences Catalyst,VC,"Seed, Series A",,,,https://ixplifesciences.com,,SEBI AIF1; IN/AIF1/24-25/1664,,,,Unverified – inferred,HQ India,https://www.sebi.gov.in/sebiweb/other/OtherAction.do?doRecognisedFpi=yes&intmId=16,E-sebi-aif,approved_high
J4S Venture,VC,"Seed, Series A",,,,https://j4salliance.com,,SEBI AIF1; IN/AIF1/24-25/1533,,,,Unverified – inferred,HQ India,https://www.sebi.gov.in/sebiweb/other/OtherAction.do?doRecognisedFpi=yes&intmId=16,E-sebi-aif,approved_high
Jamwant Ventures,VC,"Seed, Series A",,,,https://jamwantventures.com,,SEBI AIF2; IN/AIF2/26-27/2132,,,,Unverified – inferred,HQ India,https://www.sebi.gov.in/sebiweb/other/OtherAction.do?doRecognisedFpi=yes&intmId=16,E-sebi-aif,approved_high
JSW Ventures,VC,"Seed, Series A",,,,https://jsw.in,,"SEBI AIF2; IN/AIF2/16-17/0239, IN/AIF2/19-20/0714",,,,Unverified – inferred,HQ India,https://www.sebi.gov.in/sebiweb/other/OtherAction.do?doRecognisedFpi=yes&intmId=16,E-sebi-aif,approved_high
July Ventures,VC,"Seed, Series A",,,,https://julyventures.com,,"SEBI AIF1; IN/AIF1/20-21/0865, IN/AIF2/23-24/1387",,,,Unverified – inferred,HQ India,https://www.sebi.gov.in/sebiweb/other/OtherAction.do?doRecognisedFpi=yes&intmId=16,E-sebi-aif,approved_high
Kitven,VC,"Seed, Series A",,,,https://kitven.in,,SEBI AIF1; IN/AIF1/22-23/1237,,,,Unverified – inferred,HQ India,https://www.sebi.gov.in/sebiweb/other/OtherAction.do?doRecognisedFpi=yes&intmId=16,E-sebi-aif,approved_high
Kitven 4 Avgc,VC,"Seed, Series A",,,,https://kitven.com,,SEBI AIF1; IN/AIF1/18-19/0555,,,,Unverified – inferred,HQ India,https://www.sebi.gov.in/sebiweb/other/OtherAction.do?doRecognisedFpi=yes&intmId=16,E-sebi-aif,approved_high
Lavni Ventures,VC,"Seed, Series A",,,,https://lavni.co.in,,SEBI AIF2; IN/AIF2/24-25/1623,,,,Unverified – inferred,HQ India,https://www.sebi.gov.in/sebiweb/other/OtherAction.do?doRecognisedFpi=yes&intmId=16,E-sebi-aif,approved_high
Lead Angels,Angel,"Pre-Seed, Seed",,,,https://leadangels.in,,SEBI AIF1; IN/AIF1/21-22/0936,,,,Unverified – inferred,HQ India,https://www.sebi.gov.in/sebiweb/other/OtherAction.do?doRecognisedFpi=yes&intmId=16,E-sebi-aif,approved_high
Lichfl,VC,"Seed, Series A",,,,https://lichflamc.com,,"SEBI AIF1; IN/AIF1/25-26/1941, IN/VCF/10-11/0193",,,,Unverified – inferred,HQ India,https://www.sebi.gov.in/sebiweb/other/OtherAction.do?doRecognisedFpi=yes&intmId=16,E-sebi-aif,approved_high
Lok Capital Growth,PE,"Series B, Series C+",,,,https://lokcapital.com,,SEBI AIF2; IN/AIF2/19-20/0762,,,,Unverified – inferred,HQ India,https://www.sebi.gov.in/sebiweb/other/OtherAction.do?doRecognisedFpi=yes&intmId=16,E-sebi-aif,approved_high
Long View Ventures,VC,"Seed, Series A",,,,https://longview-ventures.com,,SEBI AIF1; IN/AIF1/23-24/1412,,,,Unverified – inferred,HQ India,https://www.sebi.gov.in/sebiweb/other/OtherAction.do?doRecognisedFpi=yes&intmId=16,E-sebi-aif,approved_high
Magnifiq Capital,VC,"Seed, Series A",,,,https://magnifiqsecurities.com,,SEBI AIF1; IN/AIF1/22-23/1240,,,,Unverified – inferred,HQ India,https://www.sebi.gov.in/sebiweb/other/OtherAction.do?doRecognisedFpi=yes&intmId=16,E-sebi-aif,approved_high
Makia Capital,VC,"Seed, Series A",,,,https://makiacapital.com,,SEBI AIF1; IN/AIF1/24-25/1666,,,,Unverified – inferred,HQ India,https://www.sebi.gov.in/sebiweb/other/OtherAction.do?doRecognisedFpi=yes&intmId=16,E-sebi-aif,approved_high
Mastermind Jpin Capital Partners,VC,"Seed, Series A",,,,https://mastermindfinance.com,,SEBI AIF1; IN/AIF1/21-22/0931,,,,Unverified – inferred,HQ India,https://www.sebi.gov.in/sebiweb/other/OtherAction.do?doRecognisedFpi=yes&intmId=16,E-sebi-aif,approved_high
Mavenark Credit and Growth,PE,"Series B, Series C+",,,,https://mavenark.co.in,,SEBI AIF2; IN/AIF2/24-25/1699,,,,Unverified – inferred,HQ India,https://www.sebi.gov.in/sebiweb/other/OtherAction.do?doRecognisedFpi=yes&intmId=16,E-sebi-aif,approved_high
Mela Ventures,VC,"Seed, Series A",,,,https://melaventures.in,,"SEBI AIF2; IN/AIF2/20-21/0801, IN/AIF2/25-26/1948",,,,Unverified – inferred,HQ India,https://www.sebi.gov.in/sebiweb/other/OtherAction.do?doRecognisedFpi=yes&intmId=16,E-sebi-aif,approved_high
Menterra Social Impact,VC,"Seed, Series A",,,,https://menterra.com,,"SEBI AIF1; IN/AIF1/15-16/0187, IN/AIF1/19-20/0694, IN/AIF1/25-26/1980",,,,Unverified – inferred,HQ India,https://www.sebi.gov.in/sebiweb/other/OtherAction.do?doRecognisedFpi=yes&intmId=16,E-sebi-aif,approved_high
Merisis Venture Partners,VC,"Seed, Series A",,,,https://merisis.in,,SEBI AIF1; IN/AIF1/21-22/0902,,,,Unverified – inferred,HQ India,https://www.sebi.gov.in/sebiweb/other/OtherAction.do?doRecognisedFpi=yes&intmId=16,E-sebi-aif,approved_high
Mirae Asset Venture Opportunity,VC,"Seed, Series A",,,,https://miraeasset.com,,SEBI AIF2; IN/AIF2/19-20/0764,,,,Unverified – inferred,HQ India,https://www.sebi.gov.in/sebiweb/other/OtherAction.do?doRecognisedFpi=yes&intmId=16,E-sebi-aif,approved_high
Morphosis Venture Capital,VC,"Seed, Series A",,,,https://morphosisvc.in,,SEBI AIF1; IN/AIF1/23-24/1395,,,,Unverified – inferred,HQ India,https://www.sebi.gov.in/sebiweb/other/OtherAction.do?doRecognisedFpi=yes&intmId=16,E-sebi-aif,approved_high
Mount Judi India Micro,VC,"Seed, Series A",,,,https://mountjudi.com,,SEBI AIF1; IN/AIF1/22-23/1068,,,,Unverified – inferred,HQ India,https://www.sebi.gov.in/sebiweb/other/OtherAction.do?doRecognisedFpi=yes&intmId=16,E-sebi-aif,approved_high
Multiply Ventures,VC,"Seed, Series A",,,,https://multiplyventures.com,,"SEBI AIF2; IN/AIF1/19-20/0778, IN/AIF2/25-26/1954",,,,Unverified – inferred,HQ India,https://www.sebi.gov.in/sebiweb/other/OtherAction.do?doRecognisedFpi=yes&intmId=16,E-sebi-aif,approved_high
Navam Venture,VC,"Seed, Series A",,,,https://navamcapital.com,,SEBI AIF2; IN/AIF2/22-23/1244,,,,Unverified – inferred,HQ India,https://www.sebi.gov.in/sebiweb/other/OtherAction.do?doRecognisedFpi=yes&intmId=16,E-sebi-aif,approved_high
Naya Ventures India,VC,"Seed, Series A",,,,https://nayaventures.com,,SEBI AIF2; IN/AIF2/20-21/0819,,,,Unverified – inferred,HQ India,https://www.sebi.gov.in/sebiweb/other/OtherAction.do?doRecognisedFpi=yes&intmId=16,E-sebi-aif,approved_high
Negen Startup Opportunities Angel,Angel,"Pre-Seed, Seed",,,,https://negencapital.com,,SEBI AIF1; IN/AIF1/23-24/1264,,,,Unverified – inferred,HQ India,https://www.sebi.gov.in/sebiweb/other/OtherAction.do?doRecognisedFpi=yes&intmId=16,E-sebi-aif,approved_high
New Leaf India Consumer,VC,"Seed, Series A",,,,https://newleafia.com,,SEBI AIF2; IN/AIF2/20-21/0800,,,,Unverified – inferred,HQ India,https://www.sebi.gov.in/sebiweb/other/OtherAction.do?doRecognisedFpi=yes&intmId=16,E-sebi-aif,approved_high
Nilacap Venture,VC,"Seed, Series A",,,,https://nilacap.com,,SEBI AIF2; IN/AIF2/24-25/1641,,,,Unverified – inferred,HQ India,https://www.sebi.gov.in/sebiweb/other/OtherAction.do?doRecognisedFpi=yes&intmId=16,E-sebi-aif,approved_high
OnePoint44,VC,"Seed, Series A",,,,https://onepoint44.com,,SEBI AIF1; IN/AIF1/26-27/2148,,,,Unverified – inferred,HQ India,https://www.sebi.gov.in/sebiweb/other/OtherAction.do?doRecognisedFpi=yes&intmId=16,E-sebi-aif,approved_high
ONGC Start-up,VC,"Seed, Series A",,,,https://ongc.co.in,,SEBI AIF1; IN/AIF1/18-19/0654,,,,Unverified – inferred,HQ India,https://www.sebi.gov.in/sebiweb/other/OtherAction.do?doRecognisedFpi=yes&intmId=16,E-sebi-aif,approved_high
Orios Venture,VC,"Seed, Series A",,,,https://oriosvp.com,,"SEBI AIF2; IN/AIF1/13-14/0087, IN/AIF1/18-19/0621, IN/AIF2/20-21/0798 (+1)",,,,Unverified – inferred,HQ India,https://www.sebi.gov.in/sebiweb/other/OtherAction.do?doRecognisedFpi=yes&intmId=16,E-sebi-aif,approved_high
Otp Ventures,VC,"Seed, Series A",,,,https://otp.vc,,SEBI AIF2; IN/AIF2/23-24/1409,,,,Unverified – inferred,HQ India,https://www.sebi.gov.in/sebiweb/other/OtherAction.do?doRecognisedFpi=yes&intmId=16,E-sebi-aif,approved_high
Pan IIT,VC,"Seed, Series A",,,,https://paniit.org,,SEBI AIF1; IN/AIF1/19-20/0693,,,,Unverified – inferred,HQ India,https://www.sebi.gov.in/sebiweb/other/OtherAction.do?doRecognisedFpi=yes&intmId=16,E-sebi-aif,approved_high
Pangram Venture Partners,VC,"Seed, Series A",,,,https://pangram.vc,,SEBI AIF2; IN/AIF2/24-25/1683,,,,Unverified – inferred,HQ India,https://www.sebi.gov.in/sebiweb/other/OtherAction.do?doRecognisedFpi=yes&intmId=16,E-sebi-aif,approved_high
Paragon Partners Growth,PE,"Series B, Series C+",,,,https://paragonpartners.in,,SEBI AIF2; IN/AIF2/18-19/0622,,,,Unverified – inferred,HQ India,https://www.sebi.gov.in/sebiweb/other/OtherAction.do?doRecognisedFpi=yes&intmId=16,E-sebi-aif,approved_high
Pavestone Ventures,VC,"Seed, Series A",,,,https://pavestone.vc,,SEBI AIF1; IN/AIF1/21-22/0900,,,,Unverified – inferred,HQ India,https://www.sebi.gov.in/sebiweb/other/OtherAction.do?doRecognisedFpi=yes&intmId=16,E-sebi-aif,approved_high
Peaceful Progress,VC,"Seed, Series A",,,,https://peacefulprogress.in,,SEBI AIF1; IN/AIF1/21-22/0982,,,,Unverified – inferred,HQ India,https://www.sebi.gov.in/sebiweb/other/OtherAction.do?doRecognisedFpi=yes&intmId=16,E-sebi-aif,approved_high
Perpetuity Angel,Angel,"Pre-Seed, Seed",,,,https://perpetuity.co.in,,SEBI AIF1; IN/AIF1/26-27/2120,,,,Unverified – inferred,HQ India,https://www.sebi.gov.in/sebiweb/other/OtherAction.do?doRecognisedFpi=yes&intmId=16,E-sebi-aif,approved_high
Phi Capital,VC,"Seed, Series A",,,,https://phicapital.in,,"SEBI VCF; IN/AIF2/22-23/1056, IN/VCF/10-11/0179",,,,Unverified – inferred,HQ India,https://www.sebi.gov.in/sebiweb/other/OtherAction.do?doRecognisedFpi=yes&intmId=16,E-sebi-aif,approved_high
PhillipCapital Private Equity & Venture,PE,"Series B, Series C+",,,,https://phillipcapital.in,,SEBI AIF2; IN/AIF2/26-27/2133,,,,Unverified – inferred,HQ India,https://www.sebi.gov.in/sebiweb/other/OtherAction.do?doRecognisedFpi=yes&intmId=16,E-sebi-aif,approved_high
Piper Serica Angel,Angel,"Pre-Seed, Seed",,,,https://piperserica.com,,SEBI AIF1; IN/AIF1/21-22/1028,,,,Unverified – inferred,HQ India,https://www.sebi.gov.in/sebiweb/other/OtherAction.do?doRecognisedFpi=yes&intmId=16,E-sebi-aif,approved_high
Pivot Ventures,VC,"Seed, Series A",,,,https://pivotventures.in,,"SEBI AIF1; IN/AIF1/21-22/1025, IN/AIF2/21-22/0908",,,,Unverified – inferred,HQ India,https://www.sebi.gov.in/sebiweb/other/OtherAction.do?doRecognisedFpi=yes&intmId=16,E-sebi-aif,approved_high
Prana Venture,VC,"Seed, Series A",,,,https://pranaventures.in,,SEBI AIF2; IN/AIF2/26-27/2143,,,,Unverified – inferred,HQ India,https://www.sebi.gov.in/sebiweb/other/OtherAction.do?doRecognisedFpi=yes&intmId=16,E-sebi-aif,approved_high
Refex Capital,VC,"Seed, Series A",,,,https://refex.co.in,,SEBI AIF1; IN/AIF1/19-20/0685,,,,Unverified – inferred,HQ India,https://www.sebi.gov.in/sebiweb/other/OtherAction.do?doRecognisedFpi=yes&intmId=16,E-sebi-aif,approved_high
Resurgent Venture Capital,VC,"Seed, Series A",,,,https://resurgentlegal.com,,SEBI AIF1; IN/AIF1/25-26/1788,,,,Unverified – inferred,HQ India,https://www.sebi.gov.in/sebiweb/other/OtherAction.do?doRecognisedFpi=yes&intmId=16,E-sebi-aif,approved_high
Revanta Growth Capital,PE,"Series B, Series C+",,,,https://revantacapital.com,,SEBI AIF2; IN/AIF2/25-26/1974,,,,Unverified – inferred,HQ India,https://www.sebi.gov.in/sebiweb/other/OtherAction.do?doRecognisedFpi=yes&intmId=16,E-sebi-aif,approved_high
RGSL Investment,VC,"Seed, Series A",,,,https://rgslgroup.com,,SEBI AIF1; IN/AIF1/25-26/1964,,,,Unverified – inferred,HQ India,https://www.sebi.gov.in/sebiweb/other/OtherAction.do?doRecognisedFpi=yes&intmId=16,E-sebi-aif,approved_high
Rockstud Capital Investment,VC,"Seed, Series A",,,,https://rockstudcap.com,,SEBI AIF1; IN/AIF1/22-23/1217,,,,Unverified – inferred,HQ India,https://www.sebi.gov.in/sebiweb/other/OtherAction.do?doRecognisedFpi=yes&intmId=16,E-sebi-aif,approved_high
Roots Ventures,VC,"Seed, Series A",,,,https://roots-ventures.com,,"SEBI AIF1; IN/AIF1/20-21/0815, IN/AIF1/21-22/0996, IN/AIF2/18-19/0617",,,,Unverified – inferred,HQ India,https://www.sebi.gov.in/sebiweb/other/OtherAction.do?doRecognisedFpi=yes&intmId=16,E-sebi-aif,approved_high
Roving Partners Venture,VC,"Seed, Series A",,,,https://rovingpartners.com,,SEBI AIF1; IN/AIF1/25-26/2025,,,,Unverified – inferred,HQ India,https://www.sebi.gov.in/sebiweb/other/OtherAction.do?doRecognisedFpi=yes&intmId=16,E-sebi-aif,approved_high
Rvcf India Growth,PE,"Series B, Series C+",,,,https://rvcf.org,,SEBI AIF2; IN/AIF2/22-23/1191,,,,Unverified – inferred,HQ India,https://www.sebi.gov.in/sebiweb/other/OtherAction.do?doRecognisedFpi=yes&intmId=16,E-sebi-aif,approved_high
Sauce Capital,VC,"Seed, Series A",,,,https://sauce.vc,,SEBI AIF1; IN/AIF1/19-20/0700,,,,Unverified – inferred,HQ India,https://www.sebi.gov.in/sebiweb/other/OtherAction.do?doRecognisedFpi=yes&intmId=16,E-sebi-aif,approved_high
SBI Macquarie Infrastructure,VC,"Seed, Series A",,,,https://macquarie.com,,"SEBI AIF1; IN/AIF1/25-26/1895, IN/VCF/10-11/0194",,,,Unverified – inferred,HQ India,https://www.sebi.gov.in/sebiweb/other/OtherAction.do?doRecognisedFpi=yes&intmId=16,E-sebi-aif,approved_high
Seafund Venture India,VC,"Seed, Series A",,,,https://seafund.in,,SEBI AIF2; IN/AIF2/22-23/1122,,,,Unverified – inferred,HQ India,https://www.sebi.gov.in/sebiweb/other/OtherAction.do?doRecognisedFpi=yes&intmId=16,E-sebi-aif,approved_high
Senseai Ventures,VC,"Seed, Series A",,,,https://senseai.ai,,SEBI AIF1; IN/AIF1/20-21/0817,,,,Unverified – inferred,HQ India,https://www.sebi.gov.in/sebiweb/other/OtherAction.do?doRecognisedFpi=yes&intmId=16,E-sebi-aif,approved_high
Sidbi Sme Venture,VC,"Seed, Series A",,,,https://sidbiventure.co.in,,SEBI AIF1; IN/AIF1/25-26/1866,,,,Unverified – inferred,HQ India,https://www.sebi.gov.in/sebiweb/other/OtherAction.do?doRecognisedFpi=yes&intmId=16,E-sebi-aif,approved_high
Silver Needle Ventures,VC,"Seed, Series A",,,,https://silverneedle.vc,,SEBI AIF1; IN/AIF1/22-23/1106,,,,Unverified – inferred,HQ India,https://www.sebi.gov.in/sebiweb/other/OtherAction.do?doRecognisedFpi=yes&intmId=16,E-sebi-aif,approved_high
Sistema Asia Fund India Ventures,VC,"Seed, Series A",,,,https://sistemaasiafund.com,,SEBI AIF2; IN/AIF2/18-19/0616,,,,Unverified – inferred,HQ India,https://www.sebi.gov.in/sebiweb/other/OtherAction.do?doRecognisedFpi=yes&intmId=16,E-sebi-aif,approved_high
Sixth Sense Ventures,VC,"Seed, Series A",,,,https://sixth-sense.in,,SEBI AIF2; IN/AIF2/20-21/0794,,,,Unverified – inferred,HQ India,https://www.sebi.gov.in/sebiweb/other/OtherAction.do?doRecognisedFpi=yes&intmId=16,E-sebi-aif,approved_high
Sky Capital Rising Titans,VC,"Seed, Series A",,,,https://skyimpact.com,,SEBI AIF1; IN/AIF1/24-25/1747,,,,Unverified – inferred,HQ India,https://www.sebi.gov.in/sebiweb/other/OtherAction.do?doRecognisedFpi=yes&intmId=16,E-sebi-aif,approved_high
Small Ticket Funding Ventures,VC,"Seed, Series A",,,,https://smallticketfunding.vc,,SEBI AIF2; IN/AIF2/24-25/1690,,,,Unverified – inferred,HQ India,https://www.sebi.gov.in/sebiweb/other/OtherAction.do?doRecognisedFpi=yes&intmId=16,E-sebi-aif,approved_high
Soonicorn Angel,Angel,"Pre-Seed, Seed",,,,https://soonicornventures.com,,SEBI AIF1; IN/AIF1/23-24/1338,,,,Unverified – inferred,HQ India,https://www.sebi.gov.in/sebiweb/other/OtherAction.do?doRecognisedFpi=yes&intmId=16,E-sebi-aif,approved_high
Spark Venture,VC,"Seed, Series A",,,,https://sparkcapital.in,,SEBI AIF1; IN/AIF1/22-23/1212,,,,Unverified – inferred,HQ India,https://www.sebi.gov.in/sebiweb/other/OtherAction.do?doRecognisedFpi=yes&intmId=16,E-sebi-aif,approved_high
Sparrow Capital,VC,"Seed, Series A",,,,https://sparrowvc.com,,SEBI AIF1; IN/AIF1/21-22/0946,,,,Unverified – inferred,HQ India,https://www.sebi.gov.in/sebiweb/other/OtherAction.do?doRecognisedFpi=yes&intmId=16,E-sebi-aif,approved_high
Sprout Venture Partners,VC,"Seed, Series A",,,,https://sproutvp.com,,"SEBI AIF1; IN/AIF1/16-17/0280, IN/AIF2/22-23/1032",,,,Unverified – inferred,HQ India,https://www.sebi.gov.in/sebiweb/other/OtherAction.do?doRecognisedFpi=yes&intmId=16,E-sebi-aif,approved_high
Startup-O Ventures SRI,VC,"Seed, Series A",,,,https://startup-o.com,,SEBI AIF2; IN/AIF2/22-23/1063,,,,Unverified – inferred,HQ India,https://www.sebi.gov.in/sebiweb/other/OtherAction.do?doRecognisedFpi=yes&intmId=16,E-sebi-aif,approved_high
Stellaris Venture Partners India,VC,"Seed, Series A",,,,https://stellarisvp.com,,"SEBI AIF2; IN/AIF2/20-21/0791, IN/AIF2/24-25/1583",,,,Unverified – inferred,HQ India,https://www.sebi.gov.in/sebiweb/other/OtherAction.do?doRecognisedFpi=yes&intmId=16,E-sebi-aif,approved_high
Steptrade Opportunities,VC,"Seed, Series A",,,,https://steptradeshareservices.in,,SEBI AIF1; IN/AIF1/23-24/1352,,,,Unverified – inferred,HQ India,https://www.sebi.gov.in/sebiweb/other/OtherAction.do?doRecognisedFpi=yes&intmId=16,E-sebi-aif,approved_high
Stride Ventures,VC,"Seed, Series A",,,,https://strideventures.in,,"SEBI AIF2; IN/AIF2/19-20/0721, IN/AIF2/21-22/0895, IN/AIF2/24-25/1640",,,,Unverified – inferred,HQ India,https://www.sebi.gov.in/sebiweb/other/OtherAction.do?doRecognisedFpi=yes&intmId=16,E-sebi-aif,approved_high
SucSEED Indovation,VC,"Seed, Series A",,,,https://sucseed.biz,,SEBI AIF1; IN/AIF1/20-21/0824,,,,Unverified – inferred,HQ India,https://www.sebi.gov.in/sebiweb/other/OtherAction.do?doRecognisedFpi=yes&intmId=16,E-sebi-aif,approved_high
Swishin Ventures,VC,"Seed, Series A",,,,https://swishin.vc,,SEBI AIF1; IN/AIF1/25-26/1772,,,,Unverified – inferred,HQ India,https://www.sebi.gov.in/sebiweb/other/OtherAction.do?doRecognisedFpi=yes&intmId=16,E-sebi-aif,approved_high
Synapses Venture Capital,VC,"Seed, Series A",,,,https://synapses.vc,,SEBI AIF2; IN/AIF2/24-25/1581,,,,Unverified – inferred,HQ India,https://www.sebi.gov.in/sebiweb/other/OtherAction.do?doRecognisedFpi=yes&intmId=16,E-sebi-aif,approved_high
Takshil Venture Partners,VC,"Seed, Series A",,,,https://takshil.vc,,SEBI AIF2; IN/AIF2/24-25/1516,,,,Unverified – inferred,HQ India,https://www.sebi.gov.in/sebiweb/other/OtherAction.do?doRecognisedFpi=yes&intmId=16,E-sebi-aif,approved_high
Tata Capital Growth,PE,"Series B, Series C+",,,,https://tatacapital.com,,"SEBI AIF2; IN/AIF1/25-26/1952, IN/AIF1/25-26/1960, IN/AIF2/24-25/1594 (+2)",,,,Unverified – inferred,HQ India,https://www.sebi.gov.in/sebiweb/other/OtherAction.do?doRecognisedFpi=yes&intmId=16,E-sebi-aif,approved_high
Tavasya SSF,VC,"Seed, Series A",,,,https://tavasyacapital.in,,SEBI AIF1; IN/AIF1/23-24/1361,,,,Unverified – inferred,HQ India,https://www.sebi.gov.in/sebiweb/other/OtherAction.do?doRecognisedFpi=yes&intmId=16,E-sebi-aif,approved_high
Tenacity Ventures,VC,"Seed, Series A",,,,https://tenacity.vc,,"SEBI AIF2; IN/AIF2/21-22/0990, IN/AIF2/25-26/1996",,,,Unverified – inferred,HQ India,https://www.sebi.gov.in/sebiweb/other/OtherAction.do?doRecognisedFpi=yes&intmId=16,E-sebi-aif,approved_high
The Fundamentum Partnership - Fund Ii,VC,"Seed, Series A",,,,https://fundamentum.co.in,,SEBI AIF1; IN/AIF1/21-22/1000,,,,Unverified – inferred,HQ India,https://www.sebi.gov.in/sebiweb/other/OtherAction.do?doRecognisedFpi=yes&intmId=16,E-sebi-aif,approved_high
The Ventureast Funds,VC,"Seed, Series A",,,,https://ventureast.net,,"SEBI AIF1; IN/AIF1/25-26/1890, IN/VCF/09-10/144",,,,Unverified – inferred,HQ India,https://www.sebi.gov.in/sebiweb/other/OtherAction.do?doRecognisedFpi=yes&intmId=16,E-sebi-aif,approved_high
Thinkuvate,VC,"Seed, Series A",,,,https://thinkuvate.com,,SEBI AIF1; IN/AIF1/23-24/1465,,,,Unverified – inferred,HQ India,https://www.sebi.gov.in/sebiweb/other/OtherAction.do?doRecognisedFpi=yes&intmId=16,E-sebi-aif,approved_high
Tilt Ventures,VC,"Seed, Series A",,,,https://tiltcap.org,,SEBI AIF2; IN/AIF2/26-27/2167,,,,Unverified – inferred,HQ India,https://www.sebi.gov.in/sebiweb/other/OtherAction.do?doRecognisedFpi=yes&intmId=16,E-sebi-aif,approved_high
Trans Continental Capital,VC,"Seed, Series A",,,,https://transconcapital.com,,"SEBI AIF1; IN/AIF1/14-15/0127, IN/AIF2/25-26/2083",,,,Unverified – inferred,HQ India,https://www.sebi.gov.in/sebiweb/other/OtherAction.do?doRecognisedFpi=yes&intmId=16,E-sebi-aif,approved_high
Transition Vc Angel,Angel,"Pre-Seed, Seed",,,,https://transitionventurecapital.com,,"SEBI AIF1; IN/AIF1/23-24/1335, IN/AIF2/22-23/1174, IN/AIF2/26-27/2146",,,,Unverified – inferred,HQ India,https://www.sebi.gov.in/sebiweb/other/OtherAction.do?doRecognisedFpi=yes&intmId=16,E-sebi-aif,approved_high
Trident India Growth Fund 1,PE,"Series B, Series C+",,,,https://tridentgp.in,,SEBI AIF2; IN/AIF2/24-25/1555,,,,Unverified – inferred,HQ India,https://www.sebi.gov.in/sebiweb/other/OtherAction.do?doRecognisedFpi=yes&intmId=16,E-sebi-aif,approved_high
True North,VC,"Seed, Series A",,,,https://truenorth.co.in,,SEBI AIF1; IN/AIF1/25-26/1923,,,,Unverified – inferred,HQ India,https://www.sebi.gov.in/sebiweb/other/OtherAction.do?doRecognisedFpi=yes&intmId=16,E-sebi-aif,approved_high
Tryrock Capital,VC,"Seed, Series A",,,,https://tryrock.com,,SEBI AIF1; IN/AIF1/23-24/1298,,,,Unverified – inferred,HQ India,https://www.sebi.gov.in/sebiweb/other/OtherAction.do?doRecognisedFpi=yes&intmId=16,E-sebi-aif,approved_high
Turbostart Angel,Angel,"Pre-Seed, Seed",,,,https://turbostart.co,,"SEBI AIF1; IN/AIF1/24-25/1673, IN/AIF1/26-27/2168",,,,Unverified – inferred,HQ India,https://www.sebi.gov.in/sebiweb/other/OtherAction.do?doRecognisedFpi=yes&intmId=16,E-sebi-aif,approved_high
Unicorn India Ventures,VC,"Seed, Series A",,,,https://unicornivc.com,,"SEBI AIF1; IN/AIF1/15-16/0159, IN/AIF1/15-16/159",,,,Unverified – inferred,HQ India,https://www.sebi.gov.in/sebiweb/other/OtherAction.do?doRecognisedFpi=yes&intmId=16,E-sebi-aif,approved_high
V-Cube Ventures Investment,VC,"Seed, Series A",,,,https://vcube.one,,SEBI AIF2; IN/AIF2/25-26/2044,,,,Unverified – inferred,HQ India,https://www.sebi.gov.in/sebiweb/other/OtherAction.do?doRecognisedFpi=yes&intmId=16,E-sebi-aif,approved_high
ValleyNXT Ventures,VC,"Seed, Series A",,,,https://valleynxtventures.com,,SEBI AIF1; IN/AIF1/25-26/1892,,,,Unverified – inferred,HQ India,https://www.sebi.gov.in/sebiweb/other/OtherAction.do?doRecognisedFpi=yes&intmId=16,E-sebi-aif,approved_high
Varanium NexGen,VC,"Seed, Series A",,,,https://varaniumgroup.com,,SEBI AIF1; IN/AIF1/19-20/0688,,,,Unverified – inferred,HQ India,https://www.sebi.gov.in/sebiweb/other/OtherAction.do?doRecognisedFpi=yes&intmId=16,E-sebi-aif,approved_high
Ventana Ventures,VC,"Seed, Series A",,,,https://ventanaventures.in,,SEBI AIF2; IN/AIF2/22-23/1208,,,,Unverified – inferred,HQ India,https://www.sebi.gov.in/sebiweb/other/OtherAction.do?doRecognisedFpi=yes&intmId=16,E-sebi-aif,approved_high
Venture Catalysts Angel,Angel,"Pre-Seed, Seed",,,,https://venturecatalysts.in,,"SEBI AIF1; IN/AIF1/18-19/0653, IN/AIF1/22-23/1157",,,,Unverified – inferred,HQ India,https://www.sebi.gov.in/sebiweb/other/OtherAction.do?doRecognisedFpi=yes&intmId=16,E-sebi-aif,approved_high
Venture Gurukool Investment,VC,"Seed, Series A",,,,https://venturegurukool.com,,SEBI AIF1; IN/AIF1/19-20/0777,,,,Unverified – inferred,HQ India,https://www.sebi.gov.in/sebiweb/other/OtherAction.do?doRecognisedFpi=yes&intmId=16,E-sebi-aif,approved_high
Ventureland Asia Advisory Services Llp,VC,"Seed, Series A",,,,https://creativelandasia.com,,SEBI AIF1; IN/AIF1/17-18/0520,,,,Unverified – inferred,HQ India,https://www.sebi.gov.in/sebiweb/other/OtherAction.do?doRecognisedFpi=yes&intmId=16,E-sebi-aif,approved_high
Vincere Partners Growth,PE,"Series B, Series C+",,,,https://vincerepartners.in,,SEBI AIF2; IN/AIF2/24-25/1577,,,,Unverified – inferred,HQ India,https://www.sebi.gov.in/sebiweb/other/OtherAction.do?doRecognisedFpi=yes&intmId=16,E-sebi-aif,approved_high
W Health Ventures,VC,"Seed, Series A",,,,https://whealthventures.com,,SEBI AIF2; IN/AIF2/25-26/1793,,,,Unverified – inferred,HQ India,https://www.sebi.gov.in/sebiweb/other/OtherAction.do?doRecognisedFpi=yes&intmId=16,E-sebi-aif,approved_high
Warmup Ventures,VC,"Seed, Series A",,,,https://warmupventures.com,,SEBI AIF2; IN/AIF2/24-25/1662,,,,Unverified – inferred,HQ India,https://www.sebi.gov.in/sebiweb/other/OtherAction.do?doRecognisedFpi=yes&intmId=16,E-sebi-aif,approved_high
WaterBridge Ventures II,VC,"Seed, Series A",,,,https://waterbridge.vc,,"SEBI AIF2; IN/AIF2/18-19/0651, IN/AIF2/21-22/0983, IN/AIF2/23-24/1302",,,,Unverified – inferred,HQ India,https://www.sebi.gov.in/sebiweb/other/OtherAction.do?doRecognisedFpi=yes&intmId=16,E-sebi-aif,approved_high
WEH Ventures,VC,"Seed, Series A",,,,https://wehventures.com,,"SEBI AIF1; IN/AIF1/24-25/1564, IN/AIF2/20-21/0793",,,,Unverified – inferred,HQ India,https://www.sebi.gov.in/sebiweb/other/OtherAction.do?doRecognisedFpi=yes&intmId=16,E-sebi-aif,approved_high
White Whale Venture,VC,"Seed, Series A",,,,https://whitewhale.in,,SEBI AIF1; IN/AIF1/21-22/0999,,,,Unverified – inferred,HQ India,https://www.sebi.gov.in/sebiweb/other/OtherAction.do?doRecognisedFpi=yes&intmId=16,E-sebi-aif,approved_high
Wisdom Angels,Angel,"Pre-Seed, Seed",,,,https://wisdomsmith.com,,SEBI AIF1; IN/AIF1/18-19/0557,,,,Unverified – inferred,HQ India,https://www.sebi.gov.in/sebiweb/other/OtherAction.do?doRecognisedFpi=yes&intmId=16,E-sebi-aif,approved_high
World V Fund,VC,"Seed, Series A",,,,https://world5fund.com,,SEBI AIF1; IN/AIF1/19-20/0766,,,,Unverified – inferred,HQ India,https://www.sebi.gov.in/sebiweb/other/OtherAction.do?doRecognisedFpi=yes&intmId=16,E-sebi-aif,approved_high
Yali Ventures,VC,"Seed, Series A",,,,https://yali.vc,,SEBI AIF2; IN/AIF2/23-24/1438,,,,Unverified – inferred,HQ India,https://www.sebi.gov.in/sebiweb/other/OtherAction.do?doRecognisedFpi=yes&intmId=16,E-sebi-aif,approved_high
Yournest Angel,Angel,"Pre-Seed, Seed",,,,https://yournest.in,,"SEBI AIF1; IN/AIF1/16-17/0267, IN/AIF1/25-26/1874",,,,Unverified – inferred,HQ India,https://www.sebi.gov.in/sebiweb/other/OtherAction.do?doRecognisedFpi=yes&intmId=16,E-sebi-aif,approved_high
Z3Partners Tech,VC,"Seed, Series A",,,,https://z3partners.com,,SEBI AIF2; IN/AIF2/19-20/0704,,,,Unverified – inferred,HQ India,https://www.sebi.gov.in/sebiweb/other/OtherAction.do?doRecognisedFpi=yes&intmId=16,E-sebi-aif,approved_high
Zeropearl Vc,VC,"Seed, Series A",,,,https://zeropearl.vc,,SEBI AIF1; IN/AIF1/24-25/1719,,,,Unverified – inferred,HQ India,https://www.sebi.gov.in/sebiweb/other/OtherAction.do?doRecognisedFpi=yes&intmId=16,E-sebi-aif,approved_high
1950 Ventures,VC,"Seed, Series A",,,,,,SEBI AIF2; IN/AIF2/26-27/2197,,,,Unverified – inferred,HQ India,https://www.sebi.gov.in/sebiweb/other/OtherAction.do?doRecognisedFpi=yes&intmId=16,E-sebi-aif,staging_thin
1Funds,VC,"Seed, Series A",,,,,,"SEBI AIF1; IN/AIF1/17-18/0344, IN/AIF1/22-23/1078",,,,Unverified – inferred,HQ India,https://www.sebi.gov.in/sebiweb/other/OtherAction.do?doRecognisedFpi=yes&intmId=16,E-sebi-aif,staging_thin
35North India Growth Fund,VC,"Seed, Series A",,,,,,SEBI AIF1; IN/AIF1/17-18/0321,,,,Unverified – inferred,HQ India,https://www.sebi.gov.in/sebiweb/other/OtherAction.do?doRecognisedFpi=yes&intmId=16,E-sebi-aif,staging_thin
360 ONE Venture Capital,VC,"Seed, Series A",,,,,,"SEBI AIF2; IN/AIF1/21-22/1011, IN/AIF2/20-21/0838",,,,Unverified – inferred,HQ India,https://www.sebi.gov.in/sebiweb/other/OtherAction.do?doRecognisedFpi=yes&intmId=16,E-sebi-aif,staging_thin
3F Ventures,VC,"Seed, Series A",,,,,,SEBI AIF1; IN/AIF1/16-17/0301,,,,Unverified – inferred,HQ India,https://www.sebi.gov.in/sebiweb/other/OtherAction.do?doRecognisedFpi=yes&intmId=16,E-sebi-aif,staging_thin
3One4Capital,VC,"Seed, Series A",,,,,,SEBI AIF1; IN/AIF1/15-16/0204,,,,Unverified – inferred,HQ India,https://www.sebi.gov.in/sebiweb/other/OtherAction.do?doRecognisedFpi=yes&intmId=16,E-sebi-aif,staging_thin
8X Ventures,VC,"Seed, Series A",,,,,,SEBI AIF2; IN/AIF2/23-24/1480,,,,Unverified – inferred,HQ India,https://www.sebi.gov.in/sebiweb/other/OtherAction.do?doRecognisedFpi=yes&intmId=16,E-sebi-aif,staging_thin
Aaruha Technology,VC,"Seed, Series A",,,,,,SEBI AIF1; IN/AIF1/15-16/0154,,,,Unverified – inferred,HQ India,https://www.sebi.gov.in/sebiweb/other/OtherAction.do?doRecognisedFpi=yes&intmId=16,E-sebi-aif,staging_thin
Abhi Incubation Angel,Angel,"Pre-Seed, Seed",,,,,,SEBI AIF1; IN/AIF1/24-25/1514,,,,Unverified – inferred,HQ India,https://www.sebi.gov.in/sebiweb/other/OtherAction.do?doRecognisedFpi=yes&intmId=16,E-sebi-aif,staging_thin
Aboyne India,VC,"Seed, Series A",,,,,,SEBI VCF; IN/VCF/10-11/0116,,,,Unverified – inferred,HQ India,https://www.sebi.gov.in/sebiweb/other/OtherAction.do?doRecognisedFpi=yes&intmId=16,E-sebi-aif,staging_thin
Acme Finvest,VC,"Seed, Series A",,,,,,SEBI AIF1; IN/AIF1/24-25/1767,,,,Unverified – inferred,HQ India,https://www.sebi.gov.in/sebiweb/other/OtherAction.do?doRecognisedFpi=yes&intmId=16,E-sebi-aif,staging_thin
Adharshila Venture Capital,VC,"Seed, Series A",,,,,,SEBI VCF; IN/VCF/06-07/95,,,,Unverified – inferred,HQ India,https://www.sebi.gov.in/sebiweb/other/OtherAction.do?doRecognisedFpi=yes&intmId=16,E-sebi-aif,staging_thin
Aditya Birla Private Equity,VC,"Seed, Series A",,,,,,SEBI VCF; IN/VCF/08-09/138,,,,Unverified – inferred,HQ India,https://www.sebi.gov.in/sebiweb/other/OtherAction.do?doRecognisedFpi=yes&intmId=16,E-sebi-aif,staging_thin
ADS India Growth,PE,"Series B, Series C+",,,,,,SEBI AIF2; IN/AIF2/17-18/0317,,,,Unverified – inferred,HQ India,https://www.sebi.gov.in/sebiweb/other/OtherAction.do?doRecognisedFpi=yes&intmId=16,E-sebi-aif,staging_thin
AH Ventures Angel,Angel,"Pre-Seed, Seed",,,,,,SEBI AIF1; IN/AIF1/22-23/1075,,,,Unverified – inferred,HQ India,https://www.sebi.gov.in/sebiweb/other/OtherAction.do?doRecognisedFpi=yes&intmId=16,E-sebi-aif,staging_thin
Akruti City Venture Capital,VC,"Seed, Series A",,,,,,SEBI VCF; IN/VCF/08-09/125,,,,Unverified – inferred,HQ India,https://www.sebi.gov.in/sebiweb/other/OtherAction.do?doRecognisedFpi=yes&intmId=16,E-sebi-aif,staging_thin
AL Access,VC,"Seed, Series A",,,,,,SEBI AIF1; IN/AIF1/18-19/0650,,,,Unverified – inferred,HQ India,https://www.sebi.gov.in/sebiweb/other/OtherAction.do?doRecognisedFpi=yes&intmId=16,E-sebi-aif,staging_thin
Alacrity India,VC,"Seed, Series A",,,,,,SEBI AIF1; IN/AIF1/18-19/0534,,,,Unverified – inferred,HQ India,https://www.sebi.gov.in/sebiweb/other/OtherAction.do?doRecognisedFpi=yes&intmId=16,E-sebi-aif,staging_thin
Alt Venture Capital,VC,"Seed, Series A",,,,,,SEBI AIF1; IN/AIF1/23-24/1280,,,,Unverified – inferred,HQ India,https://www.sebi.gov.in/sebiweb/other/OtherAction.do?doRecognisedFpi=yes&intmId=16,E-sebi-aif,staging_thin
Ananta Capital Ventures,VC,"Seed, Series A",,,,,,SEBI AIF2; IN/AIF2/22-23/1093,,,,Unverified – inferred,HQ India,https://www.sebi.gov.in/sebiweb/other/OtherAction.do?doRecognisedFpi=yes&intmId=16,E-sebi-aif,staging_thin
Antariksh Venture Capital,VC,"Seed, Series A",,,,,,SEBI AIF2; IN/AIF2/25-26/1942,,,,Unverified – inferred,HQ India,https://www.sebi.gov.in/sebiweb/other/OtherAction.do?doRecognisedFpi=yes&intmId=16,E-sebi-aif,staging_thin
Arigato Capital,VC,"Seed, Series A",,,,,,SEBI AIF1; IN/AIF1/23-24/1374,,,,Unverified – inferred,HQ India,https://www.sebi.gov.in/sebiweb/other/OtherAction.do?doRecognisedFpi=yes&intmId=16,E-sebi-aif,staging_thin
Arthwise Ventures Alternative Investment,VC,"Seed, Series A",,,,,,SEBI AIF2; IN/AIF2/26-27/2268,,,,Unverified – inferred,HQ India,https://www.sebi.gov.in/sebiweb/other/OtherAction.do?doRecognisedFpi=yes&intmId=16,E-sebi-aif,staging_thin
Asia Pacific Healthcare Advisors Private Limited,VC,"Seed, Series A",,,,,,SEBI VCF; IN/VCF/11-12/0213,,,,Unverified – inferred,HQ India,https://www.sebi.gov.in/sebiweb/other/OtherAction.do?doRecognisedFpi=yes&intmId=16,E-sebi-aif,staging_thin
Ask Pravi Private Equity Opportunities,VC,"Seed, Series A",,,,,,SEBI VCF; IN/VCF/11-12/0228,,,,Unverified – inferred,HQ India,https://www.sebi.gov.in/sebiweb/other/OtherAction.do?doRecognisedFpi=yes&intmId=16,E-sebi-aif,staging_thin
Assam Laghu Vikas,VC,"Seed, Series A",,,,,,SEBI AIF1; IN/AIF1/22-23/1116,,,,Unverified – inferred,HQ India,https://www.sebi.gov.in/sebiweb/other/OtherAction.do?doRecognisedFpi=yes&intmId=16,E-sebi-aif,staging_thin
Atmanirbhar Laghu Vikas,VC,"Seed, Series A",,,,,,SEBI AIF1; IN/AIF1/22-23/1117,,,,Unverified – inferred,HQ India,https://www.sebi.gov.in/sebiweb/other/OtherAction.do?doRecognisedFpi=yes&intmId=16,E-sebi-aif,staging_thin
Aureos India,VC,"Seed, Series A",,,,,,SEBI VCF; IN/VCF/05-06/076,,,,Unverified – inferred,HQ India,https://www.sebi.gov.in/sebiweb/other/OtherAction.do?doRecognisedFpi=yes&intmId=16,E-sebi-aif,staging_thin
Aurum SME,VC,"Seed, Series A",,,,,,SEBI AIF1; IN/AIF1/18-19/0641,,,,Unverified – inferred,HQ India,https://www.sebi.gov.in/sebiweb/other/OtherAction.do?doRecognisedFpi=yes&intmId=16,E-sebi-aif,staging_thin
Avaana Capital Growth,PE,"Series B, Series C+",,,,,,SEBI AIF2; IN/AIF2/18-19/0565,,,,Unverified – inferred,HQ India,https://www.sebi.gov.in/sebiweb/other/OtherAction.do?doRecognisedFpi=yes&intmId=16,E-sebi-aif,staging_thin
Avendus Ace Fund,VC,"Seed, Series A",,,,,,SEBI VCF; IN/VCF/09-10/154,,,,Unverified – inferred,HQ India,https://www.sebi.gov.in/sebiweb/other/OtherAction.do?doRecognisedFpi=yes&intmId=16,E-sebi-aif,staging_thin
Avendus Equity Opportunities,VC,"Seed, Series A",,,,,,SEBI AIF1; IN/AIF1/17-18/0360,,,,Unverified – inferred,HQ India,https://www.sebi.gov.in/sebiweb/other/OtherAction.do?doRecognisedFpi=yes&intmId=16,E-sebi-aif,staging_thin
Avinya Capital,VC,"Seed, Series A",,,,,,SEBI AIF1; IN/AIF1/22-23/1219,,,,Unverified – inferred,HQ India,https://www.sebi.gov.in/sebiweb/other/OtherAction.do?doRecognisedFpi=yes&intmId=16,E-sebi-aif,staging_thin
Beyond Bengaluru Cluster Seed Fund For Startups,VC,"Seed, Series A",,,,,,SEBI AIF1; IN/AIF1/22-23/1224,,,,Unverified – inferred,HQ India,https://www.sebi.gov.in/sebiweb/other/OtherAction.do?doRecognisedFpi=yes&intmId=16,E-sebi-aif,staging_thin
Bharat Innovation,VC,"Seed, Series A",,,,,,SEBI AIF1; IN/AIF1/16-17/0282,,,,Unverified – inferred,HQ India,https://www.sebi.gov.in/sebiweb/other/OtherAction.do?doRecognisedFpi=yes&intmId=16,E-sebi-aif,staging_thin
Bharat Tech Fund,VC,"Seed, Series A",,,,,,SEBI AIF2; IN/AIF2/26-27/2182,,,,Unverified – inferred,HQ India,https://www.sebi.gov.in/sebiweb/other/OtherAction.do?doRecognisedFpi=yes&intmId=16,E-sebi-aif,staging_thin
Biswa Bangla Silpa,VC,"Seed, Series A",,,,,,SEBI AIF1; IN/AIF1/15-16/0184,,,,Unverified – inferred,HQ India,https://www.sebi.gov.in/sebiweb/other/OtherAction.do?doRecognisedFpi=yes&intmId=16,E-sebi-aif,staging_thin
Bluehill Capital,VC,"Seed, Series A",,,,,,SEBI AIF1; IN/AIF1/24-25/1513,,,,Unverified – inferred,HQ India,https://www.sebi.gov.in/sebiweb/other/OtherAction.do?doRecognisedFpi=yes&intmId=16,E-sebi-aif,staging_thin
Blume Ventures Opportunities Fund Iia,VC,"Seed, Series A",,,,,,SEBI AIF1; IN/AIF1/18-19/0558,,,,Unverified – inferred,HQ India,https://www.sebi.gov.in/sebiweb/other/OtherAction.do?doRecognisedFpi=yes&intmId=16,E-sebi-aif,staging_thin
Bowden Syndicates,VC,"Seed, Series A",,,,,,SEBI AIF1; IN/AIF1/22-23/1098,,,,Unverified – inferred,HQ India,https://www.sebi.gov.in/sebiweb/other/OtherAction.do?doRecognisedFpi=yes&intmId=16,E-sebi-aif,staging_thin
Brew Opportunities,VC,"Seed, Series A",,,,,,SEBI AIF1; IN/AIF1/22-23/1101,,,,Unverified – inferred,HQ India,https://www.sebi.gov.in/sebiweb/other/OtherAction.do?doRecognisedFpi=yes&intmId=16,E-sebi-aif,staging_thin
Bts India Private Equity Fund Limited,VC,"Seed, Series A",,,,,,SEBI VCF; IN/VCF/05-06/085,,,,Unverified – inferred,HQ India,https://www.sebi.gov.in/sebiweb/other/OtherAction.do?doRecognisedFpi=yes&intmId=16,E-sebi-aif,staging_thin
Business Excellence,VC,"Seed, Series A",,,,,,"SEBI AIF1; IN/AIF1/25-26/1979, IN/VCF/10-11/175",,,,Unverified – inferred,HQ India,https://www.sebi.gov.in/sebiweb/other/OtherAction.do?doRecognisedFpi=yes&intmId=16,E-sebi-aif,staging_thin
Byts Growth,VC,"Seed, Series A",,,,,,SEBI VCF; IN/VCF/08-09/127,,,,Unverified – inferred,HQ India,https://www.sebi.gov.in/sebiweb/other/OtherAction.do?doRecognisedFpi=yes&intmId=16,E-sebi-aif,staging_thin
Canara Bank Venture Development,VC,"Seed, Series A",,,,,,SEBI AIF2; IN/AIF2/15-16/0206,,,,Unverified – inferred,HQ India,https://www.sebi.gov.in/sebiweb/other/OtherAction.do?doRecognisedFpi=yes&intmId=16,E-sebi-aif,staging_thin
Capacious Investment Growth,VC,"Seed, Series A",,,,,,SEBI AIF1; IN/AIF1/25-26/2103,,,,Unverified – inferred,HQ India,https://www.sebi.gov.in/sebiweb/other/OtherAction.do?doRecognisedFpi=yes&intmId=16,E-sebi-aif,staging_thin
Capria Ventures India,VC,"Seed, Series A",,,,,,SEBI AIF2; IN/AIF2/24-25/1590,,,,Unverified – inferred,HQ India,https://www.sebi.gov.in/sebiweb/other/OtherAction.do?doRecognisedFpi=yes&intmId=16,E-sebi-aif,staging_thin
Cheekotel Development Catalyst Private Limited,VC,"Seed, Series A",,,,,,SEBI AIF1; IN/AIF1/15-16/0211,,,,Unverified – inferred,HQ India,https://www.sebi.gov.in/sebiweb/other/OtherAction.do?doRecognisedFpi=yes&intmId=16,E-sebi-aif,staging_thin
Cheekotel Private Limited,VC,"Seed, Series A",,,,,,"SEBI AIF1; IN/AIF1/25-26/1931, IN/VCF/09-10/152, IN/VCF/10-11/0110",,,,Unverified – inferred,HQ India,https://www.sebi.gov.in/sebiweb/other/OtherAction.do?doRecognisedFpi=yes&intmId=16,E-sebi-aif,staging_thin
Chittorgarh Growth,PE,"Series B, Series C+",,,,,,SEBI AIF2; IN/AIF2/25-26/2088,,,,Unverified – inferred,HQ India,https://www.sebi.gov.in/sebiweb/other/OtherAction.do?doRecognisedFpi=yes&intmId=16,E-sebi-aif,staging_thin
Cinema Capital Venture,VC,"Seed, Series A",,,,,,SEBI VCF; IN/VCF/08-09/117,,,,Unverified – inferred,HQ India,https://www.sebi.gov.in/sebiweb/other/OtherAction.do?doRecognisedFpi=yes&intmId=16,E-sebi-aif,staging_thin
Climate Angels,Angel,"Pre-Seed, Seed",,,,,,SEBI AIF1; IN/AIF1/21-22/0938,,,,Unverified – inferred,HQ India,https://www.sebi.gov.in/sebiweb/other/OtherAction.do?doRecognisedFpi=yes&intmId=16,E-sebi-aif,staging_thin
Climate9ers Capital,VC,"Seed, Series A",,,,,,SEBI AIF1; IN/AIF1/22-23/1234,,,,Unverified – inferred,HQ India,https://www.sebi.gov.in/sebiweb/other/OtherAction.do?doRecognisedFpi=yes&intmId=16,E-sebi-aif,staging_thin
Contrarian Vriddhi,VC,"Seed, Series A",,,,,,SEBI AIF1; IN/AIF1/14-15/0120,,,,Unverified – inferred,HQ India,https://www.sebi.gov.in/sebiweb/other/OtherAction.do?doRecognisedFpi=yes&intmId=16,E-sebi-aif,staging_thin
Cornerstone Venture Partners,VC,"Seed, Series A",,,,,,"SEBI AIF1; IN/AIF1/18-19/0572, IN/AIF2/23-24/1406",,,,Unverified – inferred,HQ India,https://www.sebi.gov.in/sebiweb/other/OtherAction.do?doRecognisedFpi=yes&intmId=16,E-sebi-aif,staging_thin
CSquare Venture Partners,VC,"Seed, Series A",,,,,,SEBI AIF1; IN/AIF1/21-22/0965,,,,Unverified – inferred,HQ India,https://www.sebi.gov.in/sebiweb/other/OtherAction.do?doRecognisedFpi=yes&intmId=16,E-sebi-aif,staging_thin
Dhanavritti Ventures,VC,"Seed, Series A",,,,,,SEBI AIF1; IN/AIF1/26-27/2199,,,,Unverified – inferred,HQ India,https://www.sebi.gov.in/sebiweb/other/OtherAction.do?doRecognisedFpi=yes&intmId=16,E-sebi-aif,staging_thin
Dhanvallabh Ventures,VC,"Seed, Series A",,,,,,SEBI AIF2; IN/AIF2/22-23/1081,,,,Unverified – inferred,HQ India,https://www.sebi.gov.in/sebiweb/other/OtherAction.do?doRecognisedFpi=yes&intmId=16,E-sebi-aif,staging_thin
Dhfl Venture Capital,VC,"Seed, Series A",,,,,,SEBI VCF; IN/VCF/11-12/0225,,,,Unverified – inferred,HQ India,https://www.sebi.gov.in/sebiweb/other/OtherAction.do?doRecognisedFpi=yes&intmId=16,E-sebi-aif,staging_thin
Dhfl Veture Capital,VC,"Seed, Series A",,,,,,SEBI VCF; IN/VCF/05-06/069,,,,Unverified – inferred,HQ India,https://www.sebi.gov.in/sebiweb/other/OtherAction.do?doRecognisedFpi=yes&intmId=16,E-sebi-aif,staging_thin
Digital India Fund Private Limited,VC,"Seed, Series A",,,,,,SEBI AIF2; IN/AIF2/14-15/0134,,,,Unverified – inferred,HQ India,https://www.sebi.gov.in/sebiweb/other/OtherAction.do?doRecognisedFpi=yes&intmId=16,E-sebi-aif,staging_thin
Digital Opportunities,VC,"Seed, Series A",,,,,,SEBI AIF2; IN/AIF2/17-18/0318,,,,Unverified – inferred,HQ India,https://www.sebi.gov.in/sebiweb/other/OtherAction.do?doRecognisedFpi=yes&intmId=16,E-sebi-aif,staging_thin
DJAX Ventures,VC,"Seed, Series A",,,,,,SEBI AIF2; IN/AIF2/23-24/1287,,,,Unverified – inferred,HQ India,https://www.sebi.gov.in/sebiweb/other/OtherAction.do?doRecognisedFpi=yes&intmId=16,E-sebi-aif,staging_thin
DSG Consumer Partners,VC,"Seed, Series A",,,,,,SEBI AIF2; IN/AIF2/25-26/2058,,,,Unverified – inferred,HQ India,https://www.sebi.gov.in/sebiweb/other/OtherAction.do?doRecognisedFpi=yes&intmId=16,E-sebi-aif,staging_thin
Dynamis Ventures,VC,"Seed, Series A",,,,,,SEBI AIF2; IN/AIF2/24-25/1613,,,,Unverified – inferred,HQ India,https://www.sebi.gov.in/sebiweb/other/OtherAction.do?doRecognisedFpi=yes&intmId=16,E-sebi-aif,staging_thin
Eco-Net,VC,"Seed, Series A",,,,,,SEBI VCF; IN/VCF/00-01/028,,,,Unverified – inferred,HQ India,https://www.sebi.gov.in/sebiweb/other/OtherAction.do?doRecognisedFpi=yes&intmId=16,E-sebi-aif,staging_thin
Edelweiss Value & Growth Fund,PE,"Series B, Series C+",,,,,,SEBI AIF2; IN/AIF2/16-17/0226,,,,Unverified – inferred,HQ India,https://www.sebi.gov.in/sebiweb/other/OtherAction.do?doRecognisedFpi=yes&intmId=16,E-sebi-aif,staging_thin
EIF,VC,"Seed, Series A",,,,,,SEBI AIF1; IN/AIF1/17-18/0326,,,,Unverified – inferred,HQ India,https://www.sebi.gov.in/sebiweb/other/OtherAction.do?doRecognisedFpi=yes&intmId=16,E-sebi-aif,staging_thin
Emerging India,VC,"Seed, Series A",,,,,,SEBI VCF; IN/VCF/10-11/173,,,,Unverified – inferred,HQ India,https://www.sebi.gov.in/sebiweb/other/OtherAction.do?doRecognisedFpi=yes&intmId=16,E-sebi-aif,staging_thin
Emerging Sectors,VC,"Seed, Series A",,,,,,SEBI VCF; IN/VCF/02-03/040,,,,Unverified – inferred,HQ India,https://www.sebi.gov.in/sebiweb/other/OtherAction.do?doRecognisedFpi=yes&intmId=16,E-sebi-aif,staging_thin
Emerging Star Fund,VC,"Seed, Series A",,,,,,SEBI AIF1; IN/AIF1/18-19/0600,,,,Unverified – inferred,HQ India,https://www.sebi.gov.in/sebiweb/other/OtherAction.do?doRecognisedFpi=yes&intmId=16,E-sebi-aif,staging_thin
Enam India Infrastructure,VC,"Seed, Series A",,,,,,SEBI VCF; IN/VCF/10-11/0186,,,,Unverified – inferred,HQ India,https://www.sebi.gov.in/sebiweb/other/OtherAction.do?doRecognisedFpi=yes&intmId=16,E-sebi-aif,staging_thin
Endiya,VC,"Seed, Series A",,,,,,SEBI AIF1; IN/AIF1/13-14/0101,,,,Unverified – inferred,HQ India,https://www.sebi.gov.in/sebiweb/other/OtherAction.do?doRecognisedFpi=yes&intmId=16,E-sebi-aif,staging_thin
Endurance Capital,VC,"Seed, Series A",,,,,,SEBI AIF1; IN/AIF1/23-24/1373,,,,Unverified – inferred,HQ India,https://www.sebi.gov.in/sebiweb/other/OtherAction.do?doRecognisedFpi=yes&intmId=16,E-sebi-aif,staging_thin
Erito Ventures,VC,"Seed, Series A",,,,,,SEBI AIF1; IN/AIF1/21-22/0969,,,,Unverified – inferred,HQ India,https://www.sebi.gov.in/sebiweb/other/OtherAction.do?doRecognisedFpi=yes&intmId=16,E-sebi-aif,staging_thin
Esv - Arthya Angel,Angel,"Pre-Seed, Seed",,,,,,SEBI AIF1; IN/AIF1/25-26/1906,,,,Unverified – inferred,HQ India,https://www.sebi.gov.in/sebiweb/other/OtherAction.do?doRecognisedFpi=yes&intmId=16,E-sebi-aif,staging_thin
Eureka Venture,VC,"Seed, Series A",,,,,,SEBI VCF; IN/VCF/04-05/054,,,,Unverified – inferred,HQ India,https://www.sebi.gov.in/sebiweb/other/OtherAction.do?doRecognisedFpi=yes&intmId=16,E-sebi-aif,staging_thin
Exfinity Technology,VC,"Seed, Series A",,,,,,SEBI AIF1; IN/AIF1/13-14/0094,,,,Unverified – inferred,HQ India,https://www.sebi.gov.in/sebiweb/other/OtherAction.do?doRecognisedFpi=yes&intmId=16,E-sebi-aif,staging_thin
Exponential Innovation,VC,"Seed, Series A",,,,,,SEBI AIF1; IN/AIF1/17-18/0350,,,,Unverified – inferred,HQ India,https://www.sebi.gov.in/sebiweb/other/OtherAction.do?doRecognisedFpi=yes&intmId=16,E-sebi-aif,staging_thin
Felicitas Venture Capital,VC,"Seed, Series A",,,,,,SEBI VCF; IN/VCF/08-09/135,,,,Unverified – inferred,HQ India,https://www.sebi.gov.in/sebiweb/other/OtherAction.do?doRecognisedFpi=yes&intmId=16,E-sebi-aif,staging_thin
Finvolve Angel,Angel,"Pre-Seed, Seed",,,,,,SEBI AIF1; IN/AIF1/24-25/1537,,,,Unverified – inferred,HQ India,https://www.sebi.gov.in/sebiweb/other/OtherAction.do?doRecognisedFpi=yes&intmId=16,E-sebi-aif,staging_thin
Fire Capital,VC,"Seed, Series A",,,,,,SEBI VCF; IN/VCF/04-05/049,,,,Unverified – inferred,HQ India,https://www.sebi.gov.in/sebiweb/other/OtherAction.do?doRecognisedFpi=yes&intmId=16,E-sebi-aif,staging_thin
First Founder Investment,VC,"Seed, Series A",,,,,,SEBI AIF1; IN/AIF1/19-20/0715,,,,Unverified – inferred,HQ India,https://www.sebi.gov.in/sebiweb/other/OtherAction.do?doRecognisedFpi=yes&intmId=16,E-sebi-aif,staging_thin
Fortius,VC,"Seed, Series A",,,,,,SEBI AIF1; IN/AIF1/17-18/0500,,,,Unverified – inferred,HQ India,https://www.sebi.gov.in/sebiweb/other/OtherAction.do?doRecognisedFpi=yes&intmId=16,E-sebi-aif,staging_thin
Fortune 100 Equity Fund,VC,"Seed, Series A",,,,,,SEBI AIF1; IN/AIF1/25-26/1912,,,,Unverified – inferred,HQ India,https://www.sebi.gov.in/sebiweb/other/OtherAction.do?doRecognisedFpi=yes&intmId=16,E-sebi-aif,staging_thin
Fortune Hands Growth,PE,"Series B, Series C+",,,,,,SEBI AIF2; IN/AIF2/24-25/1639,,,,Unverified – inferred,HQ India,https://www.sebi.gov.in/sebiweb/other/OtherAction.do?doRecognisedFpi=yes&intmId=16,E-sebi-aif,staging_thin
Forum Synergies India,VC,"Seed, Series A",,,,,,SEBI VCF; IN/VCF/08-09/132,,,,Unverified – inferred,HQ India,https://www.sebi.gov.in/sebiweb/other/OtherAction.do?doRecognisedFpi=yes&intmId=16,E-sebi-aif,staging_thin
Four U,VC,"Seed, Series A",,,,,,SEBI AIF1; IN/AIF1/25-26/1841,,,,Unverified – inferred,HQ India,https://www.sebi.gov.in/sebiweb/other/OtherAction.do?doRecognisedFpi=yes&intmId=16,E-sebi-aif,staging_thin
Fulcrum Venture India,VC,"Seed, Series A",,,,,,SEBI AIF2; IN/AIF2/12-13/0019,,,,Unverified – inferred,HQ India,https://www.sebi.gov.in/sebiweb/other/OtherAction.do?doRecognisedFpi=yes&intmId=16,E-sebi-aif,staging_thin
GHL India Ventures,VC,"Seed, Series A",,,,,,SEBI AIF2; IN/AIF2/24-25/1517,,,,Unverified – inferred,HQ India,https://www.sebi.gov.in/sebiweb/other/OtherAction.do?doRecognisedFpi=yes&intmId=16,E-sebi-aif,staging_thin
Global Ventures,VC,"Seed, Series A",,,,,,SEBI AIF2; IN/AIF2/16-17/0240,,,,Unverified – inferred,HQ India,https://www.sebi.gov.in/sebiweb/other/OtherAction.do?doRecognisedFpi=yes&intmId=16,E-sebi-aif,staging_thin
Golden Growth,PE,"Series B, Series C+",,,,,,SEBI AIF2; IN/AIF2/23-24/1453,,,,Unverified – inferred,HQ India,https://www.sebi.gov.in/sebiweb/other/OtherAction.do?doRecognisedFpi=yes&intmId=16,E-sebi-aif,staging_thin
Golden Sparrow Growth India,VC,"Seed, Series A",,,,,,SEBI AIF1; IN/AIF1/24-25/1754,,,,Unverified – inferred,HQ India,https://www.sebi.gov.in/sebiweb/other/OtherAction.do?doRecognisedFpi=yes&intmId=16,E-sebi-aif,staging_thin
Green India Venture,VC,"Seed, Series A",,,,,,"SEBI VCF; IN/AIF2/18-19/0529, IN/VCF/08-09/121",,,,Unverified – inferred,HQ India,https://www.sebi.gov.in/sebiweb/other/OtherAction.do?doRecognisedFpi=yes&intmId=16,E-sebi-aif,staging_thin
Grow India Capital,VC,"Seed, Series A",,,,,,SEBI AIF1; IN/AIF1/16-17/0297,,,,Unverified – inferred,HQ India,https://www.sebi.gov.in/sebiweb/other/OtherAction.do?doRecognisedFpi=yes&intmId=16,E-sebi-aif,staging_thin
Growth Sense Venture,VC,"Seed, Series A",,,,,,SEBI AIF1; IN/AIF1/24-25/1617,,,,Unverified – inferred,HQ India,https://www.sebi.gov.in/sebiweb/other/OtherAction.do?doRecognisedFpi=yes&intmId=16,E-sebi-aif,staging_thin
Gsf Venture Capital,VC,"Seed, Series A",,,,,,SEBI AIF1; IN/AIF1/15-16/0152,,,,Unverified – inferred,HQ India,https://www.sebi.gov.in/sebiweb/other/OtherAction.do?doRecognisedFpi=yes&intmId=16,E-sebi-aif,staging_thin
Gujarat Biotechnology Venture,VC,"Seed, Series A",,,,,,"SEBI AIF1; IN/AIF1/25-26/2009, IN/VCF/05-06/056",,,,Unverified – inferred,HQ India,https://www.sebi.gov.in/sebiweb/other/OtherAction.do?doRecognisedFpi=yes&intmId=16,E-sebi-aif,staging_thin
Gujarat Information Technology,VC,"Seed, Series A",,,,,,SEBI AIF1; IN/AIF1/25-26/2018,,,,Unverified – inferred,HQ India,https://www.sebi.gov.in/sebiweb/other/OtherAction.do?doRecognisedFpi=yes&intmId=16,E-sebi-aif,staging_thin
Gvfl Startup Fund,VC,"Seed, Series A",,,,,,SEBI AIF1; IN/AIF1/15-16/0190,,,,Unverified – inferred,HQ India,https://www.sebi.gov.in/sebiweb/other/OtherAction.do?doRecognisedFpi=yes&intmId=16,E-sebi-aif,staging_thin
HDFC Property,VC,"Seed, Series A",,,,,,SEBI VCF; IN/VCF/04-05/053,,,,Unverified – inferred,HQ India,https://www.sebi.gov.in/sebiweb/other/OtherAction.do?doRecognisedFpi=yes&intmId=16,E-sebi-aif,staging_thin
Healthquad,VC,"Seed, Series A",,,,,,SEBI AIF1; IN/AIF1/16-17/0216,,,,Unverified – inferred,HQ India,https://www.sebi.gov.in/sebiweb/other/OtherAction.do?doRecognisedFpi=yes&intmId=16,E-sebi-aif,staging_thin
Himalaya Wealth Management,VC,"Seed, Series A",,,,,,SEBI AIF1; IN/AIF1/25-26/2046,,,,Unverified – inferred,HQ India,https://www.sebi.gov.in/sebiweb/other/OtherAction.do?doRecognisedFpi=yes&intmId=16,E-sebi-aif,staging_thin
Holani Venture Capital,VC,"Seed, Series A",,,,,,SEBI AIF1; IN/AIF1/24-25/1489,,,,Unverified – inferred,HQ India,https://www.sebi.gov.in/sebiweb/other/OtherAction.do?doRecognisedFpi=yes&intmId=16,E-sebi-aif,staging_thin
I3E,VC,"Seed, Series A",,,,,,SEBI VCF; IN/VCF/09-10/156,,,,Unverified – inferred,HQ India,https://www.sebi.gov.in/sebiweb/other/OtherAction.do?doRecognisedFpi=yes&intmId=16,E-sebi-aif,staging_thin
IA Growth Opportunities,VC,"Seed, Series A",,,,,,SEBI AIF1; IN/AIF1/22-23/1130,,,,Unverified – inferred,HQ India,https://www.sebi.gov.in/sebiweb/other/OtherAction.do?doRecognisedFpi=yes&intmId=16,E-sebi-aif,staging_thin
Icon Capital,VC,"Seed, Series A",,,,,,SEBI AIF1; IN/AIF1/25-26/1880,,,,Unverified – inferred,HQ India,https://www.sebi.gov.in/sebiweb/other/OtherAction.do?doRecognisedFpi=yes&intmId=16,E-sebi-aif,staging_thin
iCreate Angel Fund,Angel,"Pre-Seed, Seed",,,,,,SEBI AIF1; IN/AIF1/24-25/1491,,,,Unverified – inferred,HQ India,https://www.sebi.gov.in/sebiweb/other/OtherAction.do?doRecognisedFpi=yes&intmId=16,E-sebi-aif,staging_thin
Ideaspring Capital,VC,"Seed, Series A",,,,,,SEBI AIF1; IN/AIF1/15-16/0213,,,,Unverified – inferred,HQ India,https://www.sebi.gov.in/sebiweb/other/OtherAction.do?doRecognisedFpi=yes&intmId=16,E-sebi-aif,staging_thin
Idfc Infrastructure,VC,"Seed, Series A",,,,,,SEBI VCF; IN/VCF/05-06/061,,,,Unverified – inferred,HQ India,https://www.sebi.gov.in/sebiweb/other/OtherAction.do?doRecognisedFpi=yes&intmId=16,E-sebi-aif,staging_thin
Idfc S.P.I.C.E.,VC,"Seed, Series A",,,,,,SEBI VCF; IN/VCF/11-12/0208,,,,Unverified – inferred,HQ India,https://www.sebi.gov.in/sebiweb/other/OtherAction.do?doRecognisedFpi=yes&intmId=16,E-sebi-aif,staging_thin
Iidea,VC,"Seed, Series A",,,,,,SEBI AIF1; IN/AIF1/25-26/1780,,,,Unverified – inferred,HQ India,https://www.sebi.gov.in/sebiweb/other/OtherAction.do?doRecognisedFpi=yes&intmId=16,E-sebi-aif,staging_thin
Iifl Venture,VC,"Seed, Series A",,,,,,SEBI AIF1; IN/AIF1/12-13/0017,,,,Unverified – inferred,HQ India,https://www.sebi.gov.in/sebiweb/other/OtherAction.do?doRecognisedFpi=yes&intmId=16,E-sebi-aif,staging_thin
Il&Fs Infrastructure Investment,VC,"Seed, Series A",,,,,,SEBI AIF1; IN/AIF1/15-16/0176,,,,Unverified – inferred,HQ India,https://www.sebi.gov.in/sebiweb/other/OtherAction.do?doRecognisedFpi=yes&intmId=16,E-sebi-aif,staging_thin
Il&Fs Orix,VC,"Seed, Series A",,,,,,SEBI VCF; IN/VCF/09-10/147,,,,Unverified – inferred,HQ India,https://www.sebi.gov.in/sebiweb/other/OtherAction.do?doRecognisedFpi=yes&intmId=16,E-sebi-aif,staging_thin
Il&Fs Private Equity,VC,"Seed, Series A",,,,,,SEBI VCF; IN/VCF/04-05/050,,,,Unverified – inferred,HQ India,https://www.sebi.gov.in/sebiweb/other/OtherAction.do?doRecognisedFpi=yes&intmId=16,E-sebi-aif,staging_thin
Impact Innovation,VC,"Seed, Series A",,,,,,SEBI AIF2; IN/AIF2/26-27/2237,,,,Unverified – inferred,HQ India,https://www.sebi.gov.in/sebiweb/other/OtherAction.do?doRecognisedFpi=yes&intmId=16,E-sebi-aif,staging_thin
Imprints Vc,VC,"Seed, Series A",,,,,,SEBI AIF1; IN/AIF1/16-17/0233,,,,Unverified – inferred,HQ India,https://www.sebi.gov.in/sebiweb/other/OtherAction.do?doRecognisedFpi=yes&intmId=16,E-sebi-aif,staging_thin
Imvesta Alternative Funds,VC,"Seed, Series A",,,,,,SEBI AIF1; IN/AIF1/23-24/1479,,,,Unverified – inferred,HQ India,https://www.sebi.gov.in/sebiweb/other/OtherAction.do?doRecognisedFpi=yes&intmId=16,E-sebi-aif,staging_thin
Incube Connect,VC,"Seed, Series A",,,,,,SEBI AIF1; IN/AIF1/12-13/0025,,,,Unverified – inferred,HQ India,https://www.sebi.gov.in/sebiweb/other/OtherAction.do?doRecognisedFpi=yes&intmId=16,E-sebi-aif,staging_thin
India - Ahead Venture,VC,"Seed, Series A",,,,,,SEBI AIF1; IN/AIF1/21-22/0976,,,,Unverified – inferred,HQ India,https://www.sebi.gov.in/sebiweb/other/OtherAction.do?doRecognisedFpi=yes&intmId=16,E-sebi-aif,staging_thin
India Advantage,VC,"Seed, Series A",,,,,,"SEBI VCF; IN/VCF/02-03/043, IN/VCF/05-06/071",,,,Unverified – inferred,HQ India,https://www.sebi.gov.in/sebiweb/other/OtherAction.do?doRecognisedFpi=yes&intmId=16,E-sebi-aif,staging_thin
India Advantage Fund S3,VC,"Seed, Series A",,,,,,SEBI AIF1; IN/AIF1/25-26/1893,,,,Unverified – inferred,HQ India,https://www.sebi.gov.in/sebiweb/other/OtherAction.do?doRecognisedFpi=yes&intmId=16,E-sebi-aif,staging_thin
India Agriculture,VC,"Seed, Series A",,,,,,SEBI AIF1; IN/AIF1/12-13/0024,,,,Unverified – inferred,HQ India,https://www.sebi.gov.in/sebiweb/other/OtherAction.do?doRecognisedFpi=yes&intmId=16,E-sebi-aif,staging_thin
India Alpha,VC,"Seed, Series A",,,,,,SEBI VCF; IN/VCF/11-12/0230,,,,Unverified – inferred,HQ India,https://www.sebi.gov.in/sebiweb/other/OtherAction.do?doRecognisedFpi=yes&intmId=16,E-sebi-aif,staging_thin
India Alternative Energy,VC,"Seed, Series A",,,,,,SEBI AIF1; IN/AIF1/13-14/0082,,,,Unverified – inferred,HQ India,https://www.sebi.gov.in/sebiweb/other/OtherAction.do?doRecognisedFpi=yes&intmId=16,E-sebi-aif,staging_thin
India Alternatives Private Equity,VC,"Seed, Series A",,,,,,SEBI VCF; IN/VCF/10-11/172,,,,Unverified – inferred,HQ India,https://www.sebi.gov.in/sebiweb/other/OtherAction.do?doRecognisedFpi=yes&intmId=16,E-sebi-aif,staging_thin
India Asset Growth,PE,"Series B, Series C+",,,,,,SEBI AIF2; IN/AIF2/12-13/0037,,,,Unverified – inferred,HQ India,https://www.sebi.gov.in/sebiweb/other/OtherAction.do?doRecognisedFpi=yes&intmId=16,E-sebi-aif,staging_thin
India Development And Construction,VC,"Seed, Series A",,,,,,SEBI VCF; IN/VCF/10-11/0112,,,,Unverified – inferred,HQ India,https://www.sebi.gov.in/sebiweb/other/OtherAction.do?doRecognisedFpi=yes&intmId=16,E-sebi-aif,staging_thin
India Discovery,VC,"Seed, Series A",,,,,,SEBI AIF1; IN/AIF1/20-21/0848,,,,Unverified – inferred,HQ India,https://www.sebi.gov.in/sebiweb/other/OtherAction.do?doRecognisedFpi=yes&intmId=16,E-sebi-aif,staging_thin
India Education,VC,"Seed, Series A",,,,,,SEBI VCF; IN/VCF/10-11/0199,,,,Unverified – inferred,HQ India,https://www.sebi.gov.in/sebiweb/other/OtherAction.do?doRecognisedFpi=yes&intmId=16,E-sebi-aif,staging_thin
India Electronic Development,VC,"Seed, Series A",,,,,,SEBI AIF1; IN/AIF1/16-17/0305,,,,Unverified – inferred,HQ India,https://www.sebi.gov.in/sebiweb/other/OtherAction.do?doRecognisedFpi=yes&intmId=16,E-sebi-aif,staging_thin
India Infrastructure,VC,"Seed, Series A",,,,,,SEBI AIF1; IN/AIF1/13-14/0084,,,,Unverified – inferred,HQ India,https://www.sebi.gov.in/sebiweb/other/OtherAction.do?doRecognisedFpi=yes&intmId=16,E-sebi-aif,staging_thin
India Infrastructure Development,VC,"Seed, Series A",,,,,,SEBI VCF; IN/VCF/10-11/0102,,,,Unverified – inferred,HQ India,https://www.sebi.gov.in/sebiweb/other/OtherAction.do?doRecognisedFpi=yes&intmId=16,E-sebi-aif,staging_thin
India Plus,VC,"Seed, Series A",,,,,,SEBI VCF; IN/VCF/10-11/0188,,,,Unverified – inferred,HQ India,https://www.sebi.gov.in/sebiweb/other/OtherAction.do?doRecognisedFpi=yes&intmId=16,E-sebi-aif,staging_thin
India Property,VC,"Seed, Series A",,,,,,SEBI VCF; IN/VCF/05-06/059,,,,Unverified – inferred,HQ India,https://www.sebi.gov.in/sebiweb/other/OtherAction.do?doRecognisedFpi=yes&intmId=16,E-sebi-aif,staging_thin
India Rizing,VC,"Seed, Series A",,,,,,SEBI VCF; IN/VCF/07-08/104,,,,Unverified – inferred,HQ India,https://www.sebi.gov.in/sebiweb/other/OtherAction.do?doRecognisedFpi=yes&intmId=16,E-sebi-aif,staging_thin
India Sme Growth,VC,"Seed, Series A",,,,,,SEBI AIF1; IN/AIF1/18-19/0608,,,,Unverified – inferred,HQ India,https://www.sebi.gov.in/sebiweb/other/OtherAction.do?doRecognisedFpi=yes&intmId=16,E-sebi-aif,staging_thin
Indianivesh Venture Capital,VC,"Seed, Series A",,,,,,SEBI AIF1; IN/AIF1/25-26/1856,,,,Unverified – inferred,HQ India,https://www.sebi.gov.in/sebiweb/other/OtherAction.do?doRecognisedFpi=yes&intmId=16,E-sebi-aif,staging_thin
Indiaquotient Investment,VC,"Seed, Series A",,,,,,SEBI AIF1; IN/AIF1/12-13/0003,,,,Unverified – inferred,HQ India,https://www.sebi.gov.in/sebiweb/other/OtherAction.do?doRecognisedFpi=yes&intmId=16,E-sebi-aif,staging_thin
Indiaventure,VC,"Seed, Series A",,,,,,SEBI VCF; IN/VCF/08-09/124,,,,Unverified – inferred,HQ India,https://www.sebi.gov.in/sebiweb/other/OtherAction.do?doRecognisedFpi=yes&intmId=16,E-sebi-aif,staging_thin
Indus Way Emerging Market Fund Series,VC,"Seed, Series A",,,,,,SEBI AIF1; IN/AIF1/14-15/0124,,,,Unverified – inferred,HQ India,https://www.sebi.gov.in/sebiweb/other/OtherAction.do?doRecognisedFpi=yes&intmId=16,E-sebi-aif,staging_thin
IndusAge Global Technology Venture Fund II- India,VC,"Seed, Series A",,,,,,SEBI AIF2; IN/AIF2/17-18/0323,,,,Unverified – inferred,HQ India,https://www.sebi.gov.in/sebiweb/other/OtherAction.do?doRecognisedFpi=yes&intmId=16,E-sebi-aif,staging_thin
Indusage Technology Venture,VC,"Seed, Series A",,,,,,SEBI AIF1; IN/AIF1/13-14/0064,,,,Unverified – inferred,HQ India,https://www.sebi.gov.in/sebiweb/other/OtherAction.do?doRecognisedFpi=yes&intmId=16,E-sebi-aif,staging_thin
Infinity Alternatives Growth,PE,"Series B, Series C+",,,,,,SEBI AIF2; IN/AIF2/16-17/0247,,,,Unverified – inferred,HQ India,https://www.sebi.gov.in/sebiweb/other/OtherAction.do?doRecognisedFpi=yes&intmId=16,E-sebi-aif,staging_thin
INFIPLY SME Growth,VC,"Seed, Series A",,,,,,SEBI AIF1; IN/AIF1/24-25/1676,,,,Unverified – inferred,HQ India,https://www.sebi.gov.in/sebiweb/other/OtherAction.do?doRecognisedFpi=yes&intmId=16,E-sebi-aif,staging_thin
Info Edge Venture,VC,"Seed, Series A",,,,,,SEBI AIF2; IN/AIF2/19-20/0761,,,,Unverified – inferred,HQ India,https://www.sebi.gov.in/sebiweb/other/OtherAction.do?doRecognisedFpi=yes&intmId=16,E-sebi-aif,staging_thin
Infowise Startup Catalysts,VC,"Seed, Series A",,,,,,SEBI AIF1; IN/AIF1/19-20/0740,,,,Unverified – inferred,HQ India,https://www.sebi.gov.in/sebiweb/other/OtherAction.do?doRecognisedFpi=yes&intmId=16,E-sebi-aif,staging_thin
Infrastructure Yield,VC,"Seed, Series A",,,,,,SEBI AIF1; IN/AIF1/21-22/0975,,,,Unverified – inferred,HQ India,https://www.sebi.gov.in/sebiweb/other/OtherAction.do?doRecognisedFpi=yes&intmId=16,E-sebi-aif,staging_thin
Innopark Ventures,VC,"Seed, Series A",,,,,,SEBI AIF2; IN/AIF2/21-22/0889,,,,Unverified – inferred,HQ India,https://www.sebi.gov.in/sebiweb/other/OtherAction.do?doRecognisedFpi=yes&intmId=16,E-sebi-aif,staging_thin
InterGlobe Aviation Ventures,VC,"Seed, Series A",,,,,,SEBI AIF2; IN/AIF2/24-25/1569,,,,Unverified – inferred,HQ India,https://www.sebi.gov.in/sebiweb/other/OtherAction.do?doRecognisedFpi=yes&intmId=16,E-sebi-aif,staging_thin
Investcorp Infrastructure,VC,"Seed, Series A",,,,,,SEBI VCF; IN/VCF/08-09/118,,,,Unverified – inferred,HQ India,https://www.sebi.gov.in/sebiweb/other/OtherAction.do?doRecognisedFpi=yes&intmId=16,E-sebi-aif,staging_thin
Invstt,VC,"Seed, Series A",,,,,,SEBI AIF1; IN/AIF1/22-23/1126,,,,Unverified – inferred,HQ India,https://www.sebi.gov.in/sebiweb/other/OtherAction.do?doRecognisedFpi=yes&intmId=16,E-sebi-aif,staging_thin
Ipro Capital Private Equity,VC,"Seed, Series A",,,,,,SEBI VCF; IN/VCF/09-10/0101,,,,Unverified – inferred,HQ India,https://www.sebi.gov.in/sebiweb/other/OtherAction.do?doRecognisedFpi=yes&intmId=16,E-sebi-aif,staging_thin
Iq Startup,VC,"Seed, Series A",,,,,,SEBI AIF1; IN/AIF1/17-18/0347,,,,Unverified – inferred,HQ India,https://www.sebi.gov.in/sebiweb/other/OtherAction.do?doRecognisedFpi=yes&intmId=16,E-sebi-aif,staging_thin
ISF Special Opportunity,VC,"Seed, Series A",,,,,,SEBI AIF1; IN/AIF1/18-19/0575,,,,Unverified – inferred,HQ India,https://www.sebi.gov.in/sebiweb/other/OtherAction.do?doRecognisedFpi=yes&intmId=16,E-sebi-aif,staging_thin
Iti Infrastructure,VC,"Seed, Series A",,,,,,SEBI AIF1; IN/AIF1/16-17/0292,,,,Unverified – inferred,HQ India,https://www.sebi.gov.in/sebiweb/other/OtherAction.do?doRecognisedFpi=yes&intmId=16,E-sebi-aif,staging_thin
Jai Ho Investment,VC,"Seed, Series A",,,,,,SEBI AIF1; IN/AIF1/24-25/1748,,,,Unverified – inferred,HQ India,https://www.sebi.gov.in/sebiweb/other/OtherAction.do?doRecognisedFpi=yes&intmId=16,E-sebi-aif,staging_thin
Jindagi Live Angel,Angel,"Pre-Seed, Seed",,,,,,SEBI AIF1; IN/AIF1/24-25/1576,,,,Unverified – inferred,HQ India,https://www.sebi.gov.in/sebiweb/other/OtherAction.do?doRecognisedFpi=yes&intmId=16,E-sebi-aif,staging_thin
Jm Financial India,VC,"Seed, Series A",,,,,,SEBI VCF; IN/VCF/06-07/092,,,,Unverified – inferred,HQ India,https://www.sebi.gov.in/sebiweb/other/OtherAction.do?doRecognisedFpi=yes&intmId=16,E-sebi-aif,staging_thin
Jm Financial Property,VC,"Seed, Series A",,,,,,SEBI VCF; IN/VCF/06-07/094,,,,Unverified – inferred,HQ India,https://www.sebi.gov.in/sebiweb/other/OtherAction.do?doRecognisedFpi=yes&intmId=16,E-sebi-aif,staging_thin
Kae Capital,VC,"Seed, Series A",,,,,,SEBI AIF1; IN/AIF1/15-16/0141,,,,Unverified – inferred,HQ India,https://www.sebi.gov.in/sebiweb/other/OtherAction.do?doRecognisedFpi=yes&intmId=16,E-sebi-aif,staging_thin
Kaizen,VC,"Seed, Series A",,,,,,SEBI VCF; IN/VCF/10-11/0118,,,,Unverified – inferred,HQ India,https://www.sebi.gov.in/sebiweb/other/OtherAction.do?doRecognisedFpi=yes&intmId=16,E-sebi-aif,staging_thin
Karnataka Information Technology Venture Capital,VC,"Seed, Series A",,,,,,SEBI AIF1; IN/AIF1/25-26/1883,,,,Unverified – inferred,HQ India,https://www.sebi.gov.in/sebiweb/other/OtherAction.do?doRecognisedFpi=yes&intmId=16,E-sebi-aif,staging_thin
Karnataka Information Technology Venture Capital Fund-3 (Biotech),VC,"Seed, Series A",,,,,,SEBI AIF1; IN/AIF1/15-16/0195,,,,Unverified – inferred,HQ India,https://www.sebi.gov.in/sebiweb/other/OtherAction.do?doRecognisedFpi=yes&intmId=16,E-sebi-aif,staging_thin
Karnataka Information Techology Venture Capital,VC,"Seed, Series A",,,,,,"SEBI VCF; IN/VCF/07-08/109, IN/VCF/10-11/0114",,,,Unverified – inferred,HQ India,https://www.sebi.gov.in/sebiweb/other/OtherAction.do?doRecognisedFpi=yes&intmId=16,E-sebi-aif,staging_thin
Karnataka Semiconductor Venture Capital,VC,"Seed, Series A",,,,,,SEBI AIF1; IN/AIF1/13-14/0049,,,,Unverified – inferred,HQ India,https://www.sebi.gov.in/sebiweb/other/OtherAction.do?doRecognisedFpi=yes&intmId=16,E-sebi-aif,staging_thin
Karnataka Venture Capital,VC,"Seed, Series A",,,,,,SEBI VCF; IN/VCF/11-12/0218,,,,Unverified – inferred,HQ India,https://www.sebi.gov.in/sebiweb/other/OtherAction.do?doRecognisedFpi=yes&intmId=16,E-sebi-aif,staging_thin
Kerala Innovation,VC,"Seed, Series A",,,,,,SEBI AIF2; IN/AIF2/24-25/1522,,,,Unverified – inferred,HQ India,https://www.sebi.gov.in/sebiweb/other/OtherAction.do?doRecognisedFpi=yes&intmId=16,E-sebi-aif,staging_thin
Kettleborough VC,VC,"Seed, Series A",,,,,,SEBI AIF1; IN/AIF1/20-21/0805,,,,Unverified – inferred,HQ India,https://www.sebi.gov.in/sebiweb/other/OtherAction.do?doRecognisedFpi=yes&intmId=16,E-sebi-aif,staging_thin
Klarus Capital,VC,"Seed, Series A",,,,,,SEBI AIF1; IN/AIF1/25-26/1959,,,,Unverified – inferred,HQ India,https://www.sebi.gov.in/sebiweb/other/OtherAction.do?doRecognisedFpi=yes&intmId=16,E-sebi-aif,staging_thin
Kotak India Venture,VC,"Seed, Series A",,,,,,"SEBI AIF1; IN/AIF1/25-26/1884, IN/VCF/07-08/102",,,,Unverified – inferred,HQ India,https://www.sebi.gov.in/sebiweb/other/OtherAction.do?doRecognisedFpi=yes&intmId=16,E-sebi-aif,staging_thin
Kotak Seaf India,VC,"Seed, Series A",,,,,,SEBI VCF; IN/VCF/04-05/055,,,,Unverified – inferred,HQ India,https://www.sebi.gov.in/sebiweb/other/OtherAction.do?doRecognisedFpi=yes&intmId=16,E-sebi-aif,staging_thin
Kshitij Venture,VC,"Seed, Series A",,,,,,SEBI VCF; IN/VCF/05-06/058,,,,Unverified – inferred,HQ India,https://www.sebi.gov.in/sebiweb/other/OtherAction.do?doRecognisedFpi=yes&intmId=16,E-sebi-aif,staging_thin
Ksk Trust Private Limited,VC,"Seed, Series A",,,,,,SEBI VCF; IN/VCF/01-02/036,,,,Unverified – inferred,HQ India,https://www.sebi.gov.in/sebiweb/other/OtherAction.do?doRecognisedFpi=yes&intmId=16,E-sebi-aif,staging_thin
L & T Infra Investment Partners,VC,"Seed, Series A",,,,,,SEBI AIF1; IN/AIF1/12-13/0027,,,,Unverified – inferred,HQ India,https://www.sebi.gov.in/sebiweb/other/OtherAction.do?doRecognisedFpi=yes&intmId=16,E-sebi-aif,staging_thin
Laghu Vikas,VC,"Seed, Series A",,,,,,SEBI AIF1; IN/AIF1/14-15/0109,,,,Unverified – inferred,HQ India,https://www.sebi.gov.in/sebiweb/other/OtherAction.do?doRecognisedFpi=yes&intmId=16,E-sebi-aif,staging_thin
Lake Shore India Retail Venture,VC,"Seed, Series A",,,,,,SEBI AIF2; IN/AIF2/16-17/0293,,,,Unverified – inferred,HQ India,https://www.sebi.gov.in/sebiweb/other/OtherAction.do?doRecognisedFpi=yes&intmId=16,E-sebi-aif,staging_thin
Launch Capital Angel,Angel,"Pre-Seed, Seed",,,,,,SEBI AIF1; IN/AIF1/24-25/1629,,,,Unverified – inferred,HQ India,https://www.sebi.gov.in/sebiweb/other/OtherAction.do?doRecognisedFpi=yes&intmId=16,E-sebi-aif,staging_thin
Lc Venture,VC,"Seed, Series A",,,,,,SEBI AIF2; IN/AIF2/22-23/1110,,,,Unverified – inferred,HQ India,https://www.sebi.gov.in/sebiweb/other/OtherAction.do?doRecognisedFpi=yes&intmId=16,E-sebi-aif,staging_thin
Leapstart,VC,"Seed, Series A",,,,,,SEBI VCF; IN/VCF/09-10/164,,,,Unverified – inferred,HQ India,https://www.sebi.gov.in/sebiweb/other/OtherAction.do?doRecognisedFpi=yes&intmId=16,E-sebi-aif,staging_thin
Logos India Logistics Venture,VC,"Seed, Series A",,,,,,SEBI AIF2; IN/AIF2/17-18/0523,,,,Unverified – inferred,HQ India,https://www.sebi.gov.in/sebiweb/other/OtherAction.do?doRecognisedFpi=yes&intmId=16,E-sebi-aif,staging_thin
LV Angel,Angel,"Pre-Seed, Seed",,,,,,SEBI AIF1; IN/AIF1/18-19/0585,,,,Unverified – inferred,HQ India,https://www.sebi.gov.in/sebiweb/other/OtherAction.do?doRecognisedFpi=yes&intmId=16,E-sebi-aif,staging_thin
Madhya Pradesh MSME Fund,VC,"Seed, Series A",,,,,,SEBI AIF1; IN/AIF1/17-18/0312,,,,Unverified – inferred,HQ India,https://www.sebi.gov.in/sebiweb/other/OtherAction.do?doRecognisedFpi=yes&intmId=16,E-sebi-aif,staging_thin
Maharashtra Defence and Aerospace Venture,VC,"Seed, Series A",,,,,,SEBI AIF2; IN/AIF2/18-19/0578,,,,Unverified – inferred,HQ India,https://www.sebi.gov.in/sebiweb/other/OtherAction.do?doRecognisedFpi=yes&intmId=16,E-sebi-aif,staging_thin
Maharashtra Innovation And Technological Development,VC,"Seed, Series A",,,,,,SEBI AIF1; IN/AIF1/22-23/1118,,,,Unverified – inferred,HQ India,https://www.sebi.gov.in/sebiweb/other/OtherAction.do?doRecognisedFpi=yes&intmId=16,E-sebi-aif,staging_thin
Maharashtra Laghu Vikas,VC,"Seed, Series A",,,,,,SEBI AIF1; IN/AIF1/15-16/0191,,,,Unverified – inferred,HQ India,https://www.sebi.gov.in/sebiweb/other/OtherAction.do?doRecognisedFpi=yes&intmId=16,E-sebi-aif,staging_thin
Maitreyi Digital India,VC,"Seed, Series A",,,,,,SEBI AIF2; IN/AIF2/15-16/0205,,,,Unverified – inferred,HQ India,https://www.sebi.gov.in/sebiweb/other/OtherAction.do?doRecognisedFpi=yes&intmId=16,E-sebi-aif,staging_thin
Manipur Startup Venture,VC,"Seed, Series A",,,,,,SEBI AIF1; IN/AIF1/23-24/1464,,,,Unverified – inferred,HQ India,https://www.sebi.gov.in/sebiweb/other/OtherAction.do?doRecognisedFpi=yes&intmId=16,E-sebi-aif,staging_thin
Manufacturing Value Addition,VC,"Seed, Series A",,,,,,SEBI AIF1; IN/AIF1/12-13/0022,,,,Unverified – inferred,HQ India,https://www.sebi.gov.in/sebiweb/other/OtherAction.do?doRecognisedFpi=yes&intmId=16,E-sebi-aif,staging_thin
Mavin Ventures,VC,"Seed, Series A",,,,,,SEBI AIF2; IN/AIF2/25-26/1834,,,,Unverified – inferred,HQ India,https://www.sebi.gov.in/sebiweb/other/OtherAction.do?doRecognisedFpi=yes&intmId=16,E-sebi-aif,staging_thin
Mcats,VC,"Seed, Series A",,,,,,SEBI AIF1; IN/AIF1/23-24/1476,,,,Unverified – inferred,HQ India,https://www.sebi.gov.in/sebiweb/other/OtherAction.do?doRecognisedFpi=yes&intmId=16,E-sebi-aif,staging_thin
Merak Ventures,VC,"Seed, Series A",,,,,,SEBI AIF1; IN/AIF1/23-24/1262,,,,Unverified – inferred,HQ India,https://www.sebi.gov.in/sebiweb/other/OtherAction.do?doRecognisedFpi=yes&intmId=16,E-sebi-aif,staging_thin
Meridian Health Care,VC,"Seed, Series A",,,,,,SEBI AIF1; IN/AIF1/25-26/1991,,,,Unverified – inferred,HQ India,https://www.sebi.gov.in/sebiweb/other/OtherAction.do?doRecognisedFpi=yes&intmId=16,E-sebi-aif,staging_thin
Micelio Investment,VC,"Seed, Series A",,,,,,SEBI AIF1; IN/AIF1/19-20/0748,,,,Unverified – inferred,HQ India,https://www.sebi.gov.in/sebiweb/other/OtherAction.do?doRecognisedFpi=yes&intmId=16,E-sebi-aif,staging_thin
Milestone India Growth,VC,"Seed, Series A",,,,,,"SEBI VCF; IN/VCF/07-08/110, IN/VCF/11-12/0211",,,,Unverified – inferred,HQ India,https://www.sebi.gov.in/sebiweb/other/OtherAction.do?doRecognisedFpi=yes&intmId=16,E-sebi-aif,staging_thin
monarch ssar investment,VC,"Seed, Series A",,,,,,SEBI AIF1; IN/AIF1/22-23/1179,,,,Unverified – inferred,HQ India,https://www.sebi.gov.in/sebiweb/other/OtherAction.do?doRecognisedFpi=yes&intmId=16,E-sebi-aif,staging_thin
Moneyplants Capital,VC,"Seed, Series A",,,,,,SEBI AIF1; IN/AIF1/23-24/1443,,,,Unverified – inferred,HQ India,https://www.sebi.gov.in/sebiweb/other/OtherAction.do?doRecognisedFpi=yes&intmId=16,E-sebi-aif,staging_thin
Montane Ventures,VC,"Seed, Series A",,,,,,SEBI AIF1; IN/AIF1/15-16/0197,,,,Unverified – inferred,HQ India,https://www.sebi.gov.in/sebiweb/other/OtherAction.do?doRecognisedFpi=yes&intmId=16,E-sebi-aif,staging_thin
Morning Glory,VC,"Seed, Series A",,,,,,SEBI AIF1; IN/AIF1/17-18/0393,,,,Unverified – inferred,HQ India,https://www.sebi.gov.in/sebiweb/other/OtherAction.do?doRecognisedFpi=yes&intmId=16,E-sebi-aif,staging_thin
Morpheus Media,VC,"Seed, Series A",,,,,,SEBI VCF; IN/VCF/09-10/143,,,,Unverified – inferred,HQ India,https://www.sebi.gov.in/sebiweb/other/OtherAction.do?doRecognisedFpi=yes&intmId=16,E-sebi-aif,staging_thin
MountTech Growth,PE,"Series B, Series C+",,,,,,SEBI AIF2; IN/AIF2/23-24/1420,,,,Unverified – inferred,HQ India,https://www.sebi.gov.in/sebiweb/other/OtherAction.do?doRecognisedFpi=yes&intmId=16,E-sebi-aif,staging_thin
Multiples Private Equity,VC,"Seed, Series A",,,,,,SEBI VCF; IN/VCF/10-11/0117,,,,Unverified – inferred,HQ India,https://www.sebi.gov.in/sebiweb/other/OtherAction.do?doRecognisedFpi=yes&intmId=16,E-sebi-aif,staging_thin
Nagarjuna Venture Capital,VC,"Seed, Series A",,,,,,SEBI VCF; IN/VCF/07-08/097,,,,Unverified – inferred,HQ India,https://www.sebi.gov.in/sebiweb/other/OtherAction.do?doRecognisedFpi=yes&intmId=16,E-sebi-aif,staging_thin
NanoPocket Ventures,VC,"Seed, Series A",,,,,,SEBI AIF1; IN/AIF1/26-27/2126,,,,Unverified – inferred,HQ India,https://www.sebi.gov.in/sebiweb/other/OtherAction.do?doRecognisedFpi=yes&intmId=16,E-sebi-aif,staging_thin
NEEV,VC,"Seed, Series A",,,,,,SEBI AIF1; IN/AIF1/14-15/0114,,,,Unverified – inferred,HQ India,https://www.sebi.gov.in/sebiweb/other/OtherAction.do?doRecognisedFpi=yes&intmId=16,E-sebi-aif,staging_thin
Negen Tech Opportunities Angel,Angel,"Pre-Seed, Seed",,,,,,SEBI AIF1; IN/AIF1/22-23/1036,,,,Unverified – inferred,HQ India,https://www.sebi.gov.in/sebiweb/other/OtherAction.do?doRecognisedFpi=yes&intmId=16,E-sebi-aif,staging_thin
Network Enterprise,VC,"Seed, Series A",,,,,,SEBI VCF; IN/VCF/09-10/146,,,,Unverified – inferred,HQ India,https://www.sebi.gov.in/sebiweb/other/OtherAction.do?doRecognisedFpi=yes&intmId=16,E-sebi-aif,staging_thin
Next Orbit Ventures,VC,"Seed, Series A",,,,,,SEBI VCF; IN/VCF/11-12/0232,,,,Unverified – inferred,HQ India,https://www.sebi.gov.in/sebiweb/other/OtherAction.do?doRecognisedFpi=yes&intmId=16,E-sebi-aif,staging_thin
NIIF India Yield,VC,"Seed, Series A",,,,,,SEBI AIF1; IN/AIF1/20-21/0868,,,,Unverified – inferred,HQ India,https://www.sebi.gov.in/sebiweb/other/OtherAction.do?doRecognisedFpi=yes&intmId=16,E-sebi-aif,staging_thin
Nilanchal Capitals Pvt Ltd,VC,"Seed, Series A",,,,,,SEBI VCF; IN/VCF/05-06/079,,,,Unverified – inferred,HQ India,https://www.sebi.gov.in/sebiweb/other/OtherAction.do?doRecognisedFpi=yes&intmId=16,E-sebi-aif,staging_thin
North East Venture,VC,"Seed, Series A",,,,,,SEBI AIF1; IN/AIF1/16-17/0285,,,,Unverified – inferred,HQ India,https://www.sebi.gov.in/sebiweb/other/OtherAction.do?doRecognisedFpi=yes&intmId=16,E-sebi-aif,staging_thin
NRL iDEATION Angel,Angel,"Pre-Seed, Seed",,,,,,SEBI AIF1; IN/AIF1/23-24/1273,,,,Unverified – inferred,HQ India,https://www.sebi.gov.in/sebiweb/other/OtherAction.do?doRecognisedFpi=yes&intmId=16,E-sebi-aif,staging_thin
NSIC Venture Capital Fund Limited,VC,"Seed, Series A",,,,,,SEBI AIF2; IN/AIF2/21-22/0924,,,,Unverified – inferred,HQ India,https://www.sebi.gov.in/sebiweb/other/OtherAction.do?doRecognisedFpi=yes&intmId=16,E-sebi-aif,staging_thin
Nv India,VC,"Seed, Series A",,,,,,SEBI VCF; IN/VCF/09-10/153,,,,Unverified – inferred,HQ India,https://www.sebi.gov.in/sebiweb/other/OtherAction.do?doRecognisedFpi=yes&intmId=16,E-sebi-aif,staging_thin
Nxt Discovery,VC,"Seed, Series A",,,,,,SEBI AIF1; IN/AIF1/22-23/1246,,,,Unverified – inferred,HQ India,https://www.sebi.gov.in/sebiweb/other/OtherAction.do?doRecognisedFpi=yes&intmId=16,E-sebi-aif,staging_thin
Oman India Joint Investment,VC,"Seed, Series A",,,,,,SEBI VCF; IN/VCF/10-11/0200,,,,Unverified – inferred,HQ India,https://www.sebi.gov.in/sebiweb/other/OtherAction.do?doRecognisedFpi=yes&intmId=16,E-sebi-aif,staging_thin
Omnivore Partners India,VC,"Seed, Series A",,,,,,SEBI AIF1; IN/AIF1/16-17/0230,,,,Unverified – inferred,HQ India,https://www.sebi.gov.in/sebiweb/other/OtherAction.do?doRecognisedFpi=yes&intmId=16,E-sebi-aif,staging_thin
Opulant Venture Capital,VC,"Seed, Series A",,,,,,SEBI VCF; IN/VCF/02-03/041,,,,Unverified – inferred,HQ India,https://www.sebi.gov.in/sebiweb/other/OtherAction.do?doRecognisedFpi=yes&intmId=16,E-sebi-aif,staging_thin
Orange Venture Capital,VC,"Seed, Series A",,,,,,SEBI VCF; IN/VCF/11-12/0233,,,,Unverified – inferred,HQ India,https://www.sebi.gov.in/sebiweb/other/OtherAction.do?doRecognisedFpi=yes&intmId=16,E-sebi-aif,staging_thin
Ortella Global Capital,VC,"Seed, Series A",,,,,,SEBI AIF1; IN/AIF1/24-25/1574,,,,Unverified – inferred,HQ India,https://www.sebi.gov.in/sebiweb/other/OtherAction.do?doRecognisedFpi=yes&intmId=16,E-sebi-aif,staging_thin
Pandara,VC,"Seed, Series A",,,,,,SEBI AIF1; IN/AIF1/13-14/0083,,,,Unverified – inferred,HQ India,https://www.sebi.gov.in/sebiweb/other/OtherAction.do?doRecognisedFpi=yes&intmId=16,E-sebi-aif,staging_thin
Paradise Moon Investment,VC,"Seed, Series A",,,,,,SEBI AIF1; IN/AIF1/24-25/1523,,,,Unverified – inferred,HQ India,https://www.sebi.gov.in/sebiweb/other/OtherAction.do?doRecognisedFpi=yes&intmId=16,E-sebi-aif,staging_thin
Parami Growth,PE,"Series B, Series C+",,,,,,SEBI AIF2; IN/AIF2/25-26/2117,,,,Unverified – inferred,HQ India,https://www.sebi.gov.in/sebiweb/other/OtherAction.do?doRecognisedFpi=yes&intmId=16,E-sebi-aif,staging_thin
Parampara Early Stage Opportunities,VC,"Seed, Series A",,,,,,SEBI AIF1; IN/AIF1/15-16/0169,,,,Unverified – inferred,HQ India,https://www.sebi.gov.in/sebiweb/other/OtherAction.do?doRecognisedFpi=yes&intmId=16,E-sebi-aif,staging_thin
Parcap Partners NE,VC,"Seed, Series A",,,,,,SEBI AIF1; IN/AIF1/20-21/0839,,,,Unverified – inferred,HQ India,https://www.sebi.gov.in/sebiweb/other/OtherAction.do?doRecognisedFpi=yes&intmId=16,E-sebi-aif,staging_thin
Peak Ventures,VC,"Seed, Series A",,,,,,SEBI AIF2; IN/AIF2/19-20/0707,,,,Unverified – inferred,HQ India,https://www.sebi.gov.in/sebiweb/other/OtherAction.do?doRecognisedFpi=yes&intmId=16,E-sebi-aif,staging_thin
Pi Opportunities,VC,"Seed, Series A",,,,,,SEBI AIF1; IN/AIF1/16-17/0241,,,,Unverified – inferred,HQ India,https://www.sebi.gov.in/sebiweb/other/OtherAction.do?doRecognisedFpi=yes&intmId=16,E-sebi-aif,staging_thin
pi Ventures Investment,VC,"Seed, Series A",,,,,,SEBI AIF1; IN/AIF1/16-17/0236,,,,Unverified – inferred,HQ India,https://www.sebi.gov.in/sebiweb/other/OtherAction.do?doRecognisedFpi=yes&intmId=16,E-sebi-aif,staging_thin
Piramal Infrastructure,VC,"Seed, Series A",,,,,,SEBI AIF1; IN/AIF1/13-14/0076,,,,Unverified – inferred,HQ India,https://www.sebi.gov.in/sebiweb/other/OtherAction.do?doRecognisedFpi=yes&intmId=16,E-sebi-aif,staging_thin
PitchRight Ventures Global Opportunities,VC,"Seed, Series A",,,,,,SEBI AIF1; IN/AIF1/20-21/0803,,,,Unverified – inferred,HQ India,https://www.sebi.gov.in/sebiweb/other/OtherAction.do?doRecognisedFpi=yes&intmId=16,E-sebi-aif,staging_thin
Point One Capital,VC,"Seed, Series A",,,,,,SEBI AIF1; IN/AIF1/22-23/1243,,,,Unverified – inferred,HQ India,https://www.sebi.gov.in/sebiweb/other/OtherAction.do?doRecognisedFpi=yes&intmId=16,E-sebi-aif,staging_thin
PointOne Capital,VC,"Seed, Series A",,,,,,SEBI AIF1; IN/AIF1/20-21/0802,,,,Unverified – inferred,HQ India,https://www.sebi.gov.in/sebiweb/other/OtherAction.do?doRecognisedFpi=yes&intmId=16,E-sebi-aif,staging_thin
Potential Ventures,VC,"Seed, Series A",,,,,,SEBI AIF2; IN/AIF2/22-23/1053,,,,Unverified – inferred,HQ India,https://www.sebi.gov.in/sebiweb/other/OtherAction.do?doRecognisedFpi=yes&intmId=16,E-sebi-aif,staging_thin
Pravega Ventures,VC,"Seed, Series A",,,,,,SEBI AIF1; IN/AIF1/16-17/0238,,,,Unverified – inferred,HQ India,https://www.sebi.gov.in/sebiweb/other/OtherAction.do?doRecognisedFpi=yes&intmId=16,E-sebi-aif,staging_thin
Quest India,VC,"Seed, Series A",,,,,,SEBI VCF; IN/VCF/05-06/086,,,,Unverified – inferred,HQ India,https://www.sebi.gov.in/sebiweb/other/OtherAction.do?doRecognisedFpi=yes&intmId=16,E-sebi-aif,staging_thin
Rajasthan Venture Capital,VC,"Seed, Series A",,,,,,SEBI VCF; IN/VCF/02-03/038,,,,Unverified – inferred,HQ India,https://www.sebi.gov.in/sebiweb/other/OtherAction.do?doRecognisedFpi=yes&intmId=16,E-sebi-aif,staging_thin
Real Time Angel,Angel,"Pre-Seed, Seed",,,,,,SEBI AIF1; IN/AIF1/22-23/1100,,,,Unverified – inferred,HQ India,https://www.sebi.gov.in/sebiweb/other/OtherAction.do?doRecognisedFpi=yes&intmId=16,E-sebi-aif,staging_thin
Redwoods Capital,VC,"Seed, Series A",,,,,,SEBI VCF; IN/VCF/11-12/0224,,,,Unverified – inferred,HQ India,https://www.sebi.gov.in/sebiweb/other/OtherAction.do?doRecognisedFpi=yes&intmId=16,E-sebi-aif,staging_thin
Reliance Alternative Investments Funds (Formerly Known As Reliance Venture Capital Fund),VC,"Seed, Series A",,,,,,SEBI VCF; IN/VCF/05-06/077,,,,Unverified – inferred,HQ India,https://www.sebi.gov.in/sebiweb/other/OtherAction.do?doRecognisedFpi=yes&intmId=16,E-sebi-aif,staging_thin
Reliance India Power,VC,"Seed, Series A",,,,,,SEBI VCF; IN/VCF/05-06/062,,,,Unverified – inferred,HQ India,https://www.sebi.gov.in/sebiweb/other/OtherAction.do?doRecognisedFpi=yes&intmId=16,E-sebi-aif,staging_thin
RMS Growth,PE,"Series B, Series C+",,,,,,SEBI AIF2; IN/AIF2/24-25/1721,,,,Unverified – inferred,HQ India,https://www.sebi.gov.in/sebiweb/other/OtherAction.do?doRecognisedFpi=yes&intmId=16,E-sebi-aif,staging_thin
RP-SG Ventures Investment,VC,"Seed, Series A",,,,,,SEBI AIF1; IN/AIF1/18-19/0603,,,,Unverified – inferred,HQ India,https://www.sebi.gov.in/sebiweb/other/OtherAction.do?doRecognisedFpi=yes&intmId=16,E-sebi-aif,staging_thin
Rudrabhishek Infrastructure,VC,"Seed, Series A",,,,,,SEBI AIF1; IN/AIF1/13-14/0054,,,,Unverified – inferred,HQ India,https://www.sebi.gov.in/sebiweb/other/OtherAction.do?doRecognisedFpi=yes&intmId=16,E-sebi-aif,staging_thin
Sadev Capital,VC,"Seed, Series A",,,,,,SEBI AIF1; IN/AIF1/23-24/1404,,,,Unverified – inferred,HQ India,https://www.sebi.gov.in/sebiweb/other/OtherAction.do?doRecognisedFpi=yes&intmId=16,E-sebi-aif,staging_thin
SAHA,VC,"Seed, Series A",,,,,,SEBI AIF1; IN/AIF1/15-16/0175,,,,Unverified – inferred,HQ India,https://www.sebi.gov.in/sebiweb/other/OtherAction.do?doRecognisedFpi=yes&intmId=16,E-sebi-aif,staging_thin
Salamander Excubator Angel (Sea),Angel,"Pre-Seed, Seed",,,,,,SEBI AIF1; IN/AIF1/16-17/0263,,,,Unverified – inferred,HQ India,https://www.sebi.gov.in/sebiweb/other/OtherAction.do?doRecognisedFpi=yes&intmId=16,E-sebi-aif,staging_thin
Salil Chakrabarty Innovation,VC,"Seed, Series A",,,,,,SEBI AIF1; IN/AIF1/22-23/1102,,,,Unverified – inferred,HQ India,https://www.sebi.gov.in/sebiweb/other/OtherAction.do?doRecognisedFpi=yes&intmId=16,E-sebi-aif,staging_thin
Sashi Reddi Investment Capital,VC,"Seed, Series A",,,,,,SEBI VCF; IN/VCF/08-09/140,,,,Unverified – inferred,HQ India,https://www.sebi.gov.in/sebiweb/other/OtherAction.do?doRecognisedFpi=yes&intmId=16,E-sebi-aif,staging_thin
Sathguru Catalysers,VC,"Seed, Series A",,,,,,SEBI AIF1; IN/AIF1/16-17/0270,,,,Unverified – inferred,HQ India,https://www.sebi.gov.in/sebiweb/other/OtherAction.do?doRecognisedFpi=yes&intmId=16,E-sebi-aif,staging_thin
Saveda Venture Capital,VC,"Seed, Series A",,,,,,SEBI AIF1; IN/AIF1/13-14/0067,,,,Unverified – inferred,HQ India,https://www.sebi.gov.in/sebiweb/other/OtherAction.do?doRecognisedFpi=yes&intmId=16,E-sebi-aif,staging_thin
SB Growth,PE,"Series B, Series C+",,,,,,SEBI AIF2; IN/AIF2/23-24/1383,,,,Unverified – inferred,HQ India,https://www.sebi.gov.in/sebiweb/other/OtherAction.do?doRecognisedFpi=yes&intmId=16,E-sebi-aif,staging_thin
Scale Up,VC,"Seed, Series A",,,,,,SEBI AIF1; IN/AIF1/24-25/1663,,,,Unverified – inferred,HQ India,https://www.sebi.gov.in/sebiweb/other/OtherAction.do?doRecognisedFpi=yes&intmId=16,E-sebi-aif,staging_thin
Scale Ventures,VC,"Seed, Series A",,,,,,SEBI AIF1; IN/AIF1/16-17/0274,,,,Unverified – inferred,HQ India,https://www.sebi.gov.in/sebiweb/other/OtherAction.do?doRecognisedFpi=yes&intmId=16,E-sebi-aif,staging_thin
SCP India,VC,"Seed, Series A",,,,,,SEBI AIF1; IN/AIF1/15-16/0198,,,,Unverified – inferred,HQ India,https://www.sebi.gov.in/sebiweb/other/OtherAction.do?doRecognisedFpi=yes&intmId=16,E-sebi-aif,staging_thin
Seaf India Investment,VC,"Seed, Series A",,,,,,SEBI VCF; IN/VCF/09-10/145,,,,Unverified – inferred,HQ India,https://www.sebi.gov.in/sebiweb/other/OtherAction.do?doRecognisedFpi=yes&intmId=16,E-sebi-aif,staging_thin
Selco Energy Access,VC,"Seed, Series A",,,,,,SEBI AIF1; IN/AIF1/16-17/0262,,,,Unverified – inferred,HQ India,https://www.sebi.gov.in/sebiweb/other/OtherAction.do?doRecognisedFpi=yes&intmId=16,E-sebi-aif,staging_thin
Senhri Investment,VC,"Seed, Series A",,,,,,SEBI AIF1; IN/AIF1/25-26/1999,,,,Unverified – inferred,HQ India,https://www.sebi.gov.in/sebiweb/other/OtherAction.do?doRecognisedFpi=yes&intmId=16,E-sebi-aif,staging_thin
Sgr Achievers,VC,"Seed, Series A",,,,,,SEBI VCF; IN/VCF/10-11/0202,,,,Unverified – inferred,HQ India,https://www.sebi.gov.in/sebiweb/other/OtherAction.do?doRecognisedFpi=yes&intmId=16,E-sebi-aif,staging_thin
Shastra VC,VC,"Seed, Series A",,,,,,SEBI AIF1; IN/AIF1/22-23/1155,,,,Unverified – inferred,HQ India,https://www.sebi.gov.in/sebiweb/other/OtherAction.do?doRecognisedFpi=yes&intmId=16,E-sebi-aif,staging_thin
Shoreline Ventures,VC,"Seed, Series A",,,,,,SEBI AIF1; IN/AIF1/24-25/1541,,,,Unverified – inferred,HQ India,https://www.sebi.gov.in/sebiweb/other/OtherAction.do?doRecognisedFpi=yes&intmId=16,E-sebi-aif,staging_thin
Sidvandan Venture,VC,"Seed, Series A",,,,,,SEBI AIF2; IN/AIF2/24-25/1593,,,,Unverified – inferred,HQ India,https://www.sebi.gov.in/sebiweb/other/OtherAction.do?doRecognisedFpi=yes&intmId=16,E-sebi-aif,staging_thin
Sigma Ventures,VC,"Seed, Series A",,,,,,SEBI AIF2; IN/AIF2/18-19/0602,,,,Unverified – inferred,HQ India,https://www.sebi.gov.in/sebiweb/other/OtherAction.do?doRecognisedFpi=yes&intmId=16,E-sebi-aif,staging_thin
Silicon Road India Venture,VC,"Seed, Series A",,,,,,SEBI AIF2; IN/AIF2/25-26/1929,,,,Unverified – inferred,HQ India,https://www.sebi.gov.in/sebiweb/other/OtherAction.do?doRecognisedFpi=yes&intmId=16,E-sebi-aif,staging_thin
Siriusone Capital,VC,"Seed, Series A",,,,,,SEBI AIF1; IN/AIF1/19-20/0716,,,,Unverified – inferred,HQ India,https://www.sebi.gov.in/sebiweb/other/OtherAction.do?doRecognisedFpi=yes&intmId=16,E-sebi-aif,staging_thin
Social Investment,VC,"Seed, Series A",,,,,,SEBI AIF1; IN/AIF1/26-27/2252,,,,Unverified – inferred,HQ India,https://www.sebi.gov.in/sebiweb/other/OtherAction.do?doRecognisedFpi=yes&intmId=16,E-sebi-aif,staging_thin
Solitaire Capital India,VC,"Seed, Series A",,,,,,SEBI VCF; IN/VCF/05-06/063,,,,Unverified – inferred,HQ India,https://www.sebi.gov.in/sebiweb/other/OtherAction.do?doRecognisedFpi=yes&intmId=16,E-sebi-aif,staging_thin
Spice Capital,VC,"Seed, Series A",,,,,,SEBI VCF; IN/VCF/04-05/052,,,,Unverified – inferred,HQ India,https://www.sebi.gov.in/sebiweb/other/OtherAction.do?doRecognisedFpi=yes&intmId=16,E-sebi-aif,staging_thin
Sprig Growth,VC,"Seed, Series A",,,,,,SEBI AIF1; IN/AIF1/25-26/2038,,,,Unverified – inferred,HQ India,https://www.sebi.gov.in/sebiweb/other/OtherAction.do?doRecognisedFpi=yes&intmId=16,E-sebi-aif,staging_thin
Spring Healthcare India,VC,"Seed, Series A",,,,,,SEBI VCF; IN/VCF/10-11/0180,,,,Unverified – inferred,HQ India,https://www.sebi.gov.in/sebiweb/other/OtherAction.do?doRecognisedFpi=yes&intmId=16,E-sebi-aif,staging_thin
Spyre Proptech Venture,VC,"Seed, Series A",,,,,,SEBI AIF2; IN/AIF2/23-24/1277,,,,Unverified – inferred,HQ India,https://www.sebi.gov.in/sebiweb/other/OtherAction.do?doRecognisedFpi=yes&intmId=16,E-sebi-aif,staging_thin
Srei Alternative Investment,VC,"Seed, Series A",,,,,,SEBI AIF1; IN/AIF1/12-13/0041,,,,Unverified – inferred,HQ India,https://www.sebi.gov.in/sebiweb/other/OtherAction.do?doRecognisedFpi=yes&intmId=16,E-sebi-aif,staging_thin
Srei Venture Capital,VC,"Seed, Series A",,,,,,"SEBI AIF1; IN/AIF1/25-26/2007, IN/VCF/02-03/039, IN/VCF/05-06/066",,,,Unverified – inferred,HQ India,https://www.sebi.gov.in/sebiweb/other/OtherAction.do?doRecognisedFpi=yes&intmId=16,E-sebi-aif,staging_thin
Startfresh Ventures Angel,Angel,"Pre-Seed, Seed",,,,,,SEBI AIF1; IN/AIF1/24-25/1572,,,,Unverified – inferred,HQ India,https://www.sebi.gov.in/sebiweb/other/OtherAction.do?doRecognisedFpi=yes&intmId=16,E-sebi-aif,staging_thin
SteerX Angel,Angel,"Pre-Seed, Seed",,,,,,SEBI AIF1; IN/AIF1/24-25/1722,,,,Unverified – inferred,HQ India,https://www.sebi.gov.in/sebiweb/other/OtherAction.do?doRecognisedFpi=yes&intmId=16,E-sebi-aif,staging_thin
Stoicap-NDR Edu-Infra Rental Yield,VC,"Seed, Series A",,,,,,SEBI AIF1; IN/AIF1/26-27/2220,,,,Unverified – inferred,HQ India,https://www.sebi.gov.in/sebiweb/other/OtherAction.do?doRecognisedFpi=yes&intmId=16,E-sebi-aif,staging_thin
Street Smart Ventures,VC,"Seed, Series A",,,,,,SEBI AIF1; IN/AIF1/25-26/1773,,,,Unverified – inferred,HQ India,https://www.sebi.gov.in/sebiweb/other/OtherAction.do?doRecognisedFpi=yes&intmId=16,E-sebi-aif,staging_thin
StrongHer Ventures,VC,"Seed, Series A",,,,,,SEBI AIF1; IN/AIF1/22-23/1180,,,,Unverified – inferred,HQ India,https://www.sebi.gov.in/sebiweb/other/OtherAction.do?doRecognisedFpi=yes&intmId=16,E-sebi-aif,staging_thin
Strugence Social Venture,VC,"Seed, Series A",,,,,,SEBI AIF2; IN/AIF2/16-17/0295,,,,Unverified – inferred,HQ India,https://www.sebi.gov.in/sebiweb/other/OtherAction.do?doRecognisedFpi=yes&intmId=16,E-sebi-aif,staging_thin
Subhkam Growth,VC,"Seed, Series A",,,,,,SEBI VCF; IN/VCF/09-10/160,,,,Unverified – inferred,HQ India,https://www.sebi.gov.in/sebiweb/other/OtherAction.do?doRecognisedFpi=yes&intmId=16,E-sebi-aif,staging_thin
Sunicon Ventures,VC,"Seed, Series A",,,,,,"SEBI AIF2; IN/AIF1/25-26/1790, IN/AIF2/22-23/1045",,,,Unverified – inferred,HQ India,https://www.sebi.gov.in/sebiweb/other/OtherAction.do?doRecognisedFpi=yes&intmId=16,E-sebi-aif,staging_thin
Sunrise India Growth,VC,"Seed, Series A",,,,,,SEBI AIF1; IN/AIF1/24-25/1715,,,,Unverified – inferred,HQ India,https://www.sebi.gov.in/sebiweb/other/OtherAction.do?doRecognisedFpi=yes&intmId=16,E-sebi-aif,staging_thin
Sv Growth,VC,"Seed, Series A",,,,,,SEBI AIF1; IN/AIF1/26-27/2222,,,,Unverified – inferred,HQ India,https://www.sebi.gov.in/sebiweb/other/OtherAction.do?doRecognisedFpi=yes&intmId=16,E-sebi-aif,staging_thin
SVL Climate Tech,VC,"Seed, Series A",,,,,,SEBI AIF1; IN/AIF1/25-26/1950,,,,Unverified – inferred,HQ India,https://www.sebi.gov.in/sebiweb/other/OtherAction.do?doRecognisedFpi=yes&intmId=16,E-sebi-aif,staging_thin
SVL Innovation,VC,"Seed, Series A",,,,,,SEBI AIF2; IN/AIF2/26-27/2129,,,,Unverified – inferred,HQ India,https://www.sebi.gov.in/sebiweb/other/OtherAction.do?doRecognisedFpi=yes&intmId=16,E-sebi-aif,staging_thin
Svl-Sme,VC,"Seed, Series A",,,,,,SEBI AIF1; IN/AIF1/19-20/0730,,,,Unverified – inferred,HQ India,https://www.sebi.gov.in/sebiweb/other/OtherAction.do?doRecognisedFpi=yes&intmId=16,E-sebi-aif,staging_thin
Synergy capital growth,PE,"Series B, Series C+",,,,,,SEBI AIF2; IN/AIF2/23-24/1463,,,,Unverified – inferred,HQ India,https://www.sebi.gov.in/sebiweb/other/OtherAction.do?doRecognisedFpi=yes&intmId=16,E-sebi-aif,staging_thin
Tamil Nadu Emerging Sector Seed,VC,"Seed, Series A",,,,,,SEBI AIF1; IN/AIF1/21-22/1008,,,,Unverified – inferred,HQ India,https://www.sebi.gov.in/sebiweb/other/OtherAction.do?doRecognisedFpi=yes&intmId=16,E-sebi-aif,staging_thin
Tamil Nadu Green Climate,VC,"Seed, Series A",,,,,,SEBI AIF1; IN/AIF1/23-24/1319,,,,Unverified – inferred,HQ India,https://www.sebi.gov.in/sebiweb/other/OtherAction.do?doRecognisedFpi=yes&intmId=16,E-sebi-aif,staging_thin
Tamil Nadu Shelter,VC,"Seed, Series A",,,,,,SEBI AIF1; IN/AIF1/18-19/0566,,,,Unverified – inferred,HQ India,https://www.sebi.gov.in/sebiweb/other/OtherAction.do?doRecognisedFpi=yes&intmId=16,E-sebi-aif,staging_thin
Tara India Fund Iii,VC,"Seed, Series A",,,,,,SEBI VCF; IN/VCF/07-08/111,,,,Unverified – inferred,HQ India,https://www.sebi.gov.in/sebiweb/other/OtherAction.do?doRecognisedFpi=yes&intmId=16,E-sebi-aif,staging_thin
Tara India Fund Iii Domestic,VC,"Seed, Series A",,,,,,SEBI VCF; IN/VCF/08-09/119,,,,Unverified – inferred,HQ India,https://www.sebi.gov.in/sebiweb/other/OtherAction.do?doRecognisedFpi=yes&intmId=16,E-sebi-aif,staging_thin
Tara India Fund Iv,VC,"Seed, Series A",,,,,,"SEBI AIF1; IN/AIF1/25-26/1961, IN/VCF/11-12/0207",,,,Unverified – inferred,HQ India,https://www.sebi.gov.in/sebiweb/other/OtherAction.do?doRecognisedFpi=yes&intmId=16,E-sebi-aif,staging_thin
Tcg India,VC,"Seed, Series A",,,,,,SEBI VCF; IN/VCF/10-11/0198,,,,Unverified – inferred,HQ India,https://www.sebi.gov.in/sebiweb/other/OtherAction.do?doRecognisedFpi=yes&intmId=16,E-sebi-aif,staging_thin
Technology Venture,VC,"Seed, Series A",,,,,,"SEBI AIF1; IN/AIF1/15-16/162, IN/AIF1/25-26/1903, IN/VCF/02-03/044",,,,Unverified – inferred,HQ India,https://www.sebi.gov.in/sebiweb/other/OtherAction.do?doRecognisedFpi=yes&intmId=16,E-sebi-aif,staging_thin
Tetration Ventures,VC,"Seed, Series A",,,,,,SEBI AIF1; IN/AIF1/25-26/1938,,,,Unverified – inferred,HQ India,https://www.sebi.gov.in/sebiweb/other/OtherAction.do?doRecognisedFpi=yes&intmId=16,E-sebi-aif,staging_thin
The Fundamentum Partnership,VC,"Seed, Series A",,,,,,SEBI AIF1; IN/AIF1/17-18/0333,,,,Unverified – inferred,HQ India,https://www.sebi.gov.in/sebiweb/other/OtherAction.do?doRecognisedFpi=yes&intmId=16,E-sebi-aif,staging_thin
The India Seed Investment,VC,"Seed, Series A",,,,,,SEBI VCF; IN/VCF/06-07/091,,,,Unverified – inferred,HQ India,https://www.sebi.gov.in/sebiweb/other/OtherAction.do?doRecognisedFpi=yes&intmId=16,E-sebi-aif,staging_thin
The Infinity Innovation,VC,"Seed, Series A",,,,,,SEBI VCF; IN/VCF/10-11/0206,,,,Unverified – inferred,HQ India,https://www.sebi.gov.in/sebiweb/other/OtherAction.do?doRecognisedFpi=yes&intmId=16,E-sebi-aif,staging_thin
Theia Ventures Investment,VC,"Seed, Series A",,,,,,SEBI AIF2; IN/AIF2/23-24/1428,,,,Unverified – inferred,HQ India,https://www.sebi.gov.in/sebiweb/other/OtherAction.do?doRecognisedFpi=yes&intmId=16,E-sebi-aif,staging_thin
Tiger Strategies,VC,"Seed, Series A",,,,,,SEBI AIF1; IN/AIF1/25-26/1913,,,,Unverified – inferred,HQ India,https://www.sebi.gov.in/sebiweb/other/OtherAction.do?doRecognisedFpi=yes&intmId=16,E-sebi-aif,staging_thin
Tracxn Labs,VC,"Seed, Series A",,,,,,SEBI AIF1; IN/AIF1/14-15/0136,,,,Unverified – inferred,HQ India,https://www.sebi.gov.in/sebiweb/other/OtherAction.do?doRecognisedFpi=yes&intmId=16,E-sebi-aif,staging_thin
TrailBlaze ventures,VC,"Seed, Series A",,,,,,SEBI AIF1; IN/AIF1/23-24/1365,,,,Unverified – inferred,HQ India,https://www.sebi.gov.in/sebiweb/other/OtherAction.do?doRecognisedFpi=yes&intmId=16,E-sebi-aif,staging_thin
Tripura Laghu Vikas,VC,"Seed, Series A",,,,,,SEBI AIF1; IN/AIF1/22-23/1114,,,,Unverified – inferred,HQ India,https://www.sebi.gov.in/sebiweb/other/OtherAction.do?doRecognisedFpi=yes&intmId=16,E-sebi-aif,staging_thin
True North Fund III-A,VC,"Seed, Series A",,,,,,SEBI VCF; IN/VCF/07-08/103,,,,Unverified – inferred,HQ India,https://www.sebi.gov.in/sebiweb/other/OtherAction.do?doRecognisedFpi=yes&intmId=16,E-sebi-aif,staging_thin
Tvs Shriram Growth,VC,"Seed, Series A",,,,,,SEBI VCF; IN/VCF/08-09/120,,,,Unverified – inferred,HQ India,https://www.sebi.gov.in/sebiweb/other/OtherAction.do?doRecognisedFpi=yes&intmId=16,E-sebi-aif,staging_thin
Uniqorn Ventures,VC,"Seed, Series A",,,,,,SEBI AIF1; IN/AIF1/15-16/163,,,,Unverified – inferred,HQ India,https://www.sebi.gov.in/sebiweb/other/OtherAction.do?doRecognisedFpi=yes&intmId=16,E-sebi-aif,staging_thin
Unitus Seed Fund India,VC,"Seed, Series A",,,,,,SEBI AIF1; IN/AIF1/13-14/0090,,,,Unverified – inferred,HQ India,https://www.sebi.gov.in/sebiweb/other/OtherAction.do?doRecognisedFpi=yes&intmId=16,E-sebi-aif,staging_thin
Utc Frontier Innovation,VC,"Seed, Series A",,,,,,SEBI AIF1; IN/AIF1/25-26/1998,,,,Unverified – inferred,HQ India,https://www.sebi.gov.in/sebiweb/other/OtherAction.do?doRecognisedFpi=yes&intmId=16,E-sebi-aif,staging_thin
Utthishta Yekum,VC,"Seed, Series A",,,,,,SEBI AIF1; IN/AIF1/12-13/0002,,,,Unverified – inferred,HQ India,https://www.sebi.gov.in/sebiweb/other/OtherAction.do?doRecognisedFpi=yes&intmId=16,E-sebi-aif,staging_thin
Value Angels Investment,Angel,"Pre-Seed, Seed",,,,,,SEBI AIF1; IN/AIF1/23-24/1378,,,,Unverified – inferred,HQ India,https://www.sebi.gov.in/sebiweb/other/OtherAction.do?doRecognisedFpi=yes&intmId=16,E-sebi-aif,staging_thin
Venture Capital Fund For Scheduled Castes,VC,"Seed, Series A",,,,,,SEBI AIF2; IN/AIF2/14-15/0129,,,,Unverified – inferred,HQ India,https://www.sebi.gov.in/sebiweb/other/OtherAction.do?doRecognisedFpi=yes&intmId=16,E-sebi-aif,staging_thin
Venture Capital Fund For Scheduled Tribes,VC,"Seed, Series A",,,,,,SEBI AIF2; IN/AIF2/23-24/1355,,,,Unverified – inferred,HQ India,https://www.sebi.gov.in/sebiweb/other/OtherAction.do?doRecognisedFpi=yes&intmId=16,E-sebi-aif,staging_thin
Ventureeast Telnet India,VC,"Seed, Series A",,,,,,"SEBI VCF; IN/VCF/02-03/045, IN/VCF/03-04/045",,,,Unverified – inferred,HQ India,https://www.sebi.gov.in/sebiweb/other/OtherAction.do?doRecognisedFpi=yes&intmId=16,E-sebi-aif,staging_thin
Ventureeast Tenet India,VC,"Seed, Series A",,,,,,SEBI AIF1; IN/AIF1/25-26/2008,,,,Unverified – inferred,HQ India,https://www.sebi.gov.in/sebiweb/other/OtherAction.do?doRecognisedFpi=yes&intmId=16,E-sebi-aif,staging_thin
Venturex,VC,"Seed, Series A",,,,,,SEBI AIF1; IN/AIF1/24-25/1565,,,,Unverified – inferred,HQ India,https://www.sebi.gov.in/sebiweb/other/OtherAction.do?doRecognisedFpi=yes&intmId=16,E-sebi-aif,staging_thin
Vistaar Religare Media,VC,"Seed, Series A",,,,,,SEBI VCF; IN/VCF/08-09/128,,,,Unverified – inferred,HQ India,https://www.sebi.gov.in/sebiweb/other/OtherAction.do?doRecognisedFpi=yes&intmId=16,E-sebi-aif,staging_thin
Volrado Venture Partners,VC,"Seed, Series A",,,,,,SEBI AIF1; IN/AIF1/16-17/0268,,,,Unverified – inferred,HQ India,https://www.sebi.gov.in/sebiweb/other/OtherAction.do?doRecognisedFpi=yes&intmId=16,E-sebi-aif,staging_thin
Vriddhi Ventures,VC,"Seed, Series A",,,,,,SEBI AIF1; IN/AIF1/23-24/1318,,,,Unverified – inferred,HQ India,https://www.sebi.gov.in/sebiweb/other/OtherAction.do?doRecognisedFpi=yes&intmId=16,E-sebi-aif,staging_thin
WaterBridge Ventures,VC,"Seed, Series A",,,,,,SEBI AIF2; IN/AIF2/16-17/0244,,,,Unverified – inferred,HQ India,https://www.sebi.gov.in/sebiweb/other/OtherAction.do?doRecognisedFpi=yes&intmId=16,E-sebi-aif,staging_thin
Wealth Growth,PE,"Series B, Series C+",,,,,,SEBI AIF2; IN/AIF2/26-27/2135,,,,Unverified – inferred,HQ India,https://www.sebi.gov.in/sebiweb/other/OtherAction.do?doRecognisedFpi=yes&intmId=16,E-sebi-aif,staging_thin
Y-Point Venture Capital,VC,"Seed, Series A",,,,,,SEBI AIF2; IN/AIF2/25-26/1937,,,,Unverified – inferred,HQ India,https://www.sebi.gov.in/sebiweb/other/OtherAction.do?doRecognisedFpi=yes&intmId=16,E-sebi-aif,staging_thin
YAN Angel,Angel,"Pre-Seed, Seed",,,,,,SEBI AIF1; IN/AIF1/22-23/1080,,,,Unverified – inferred,HQ India,https://www.sebi.gov.in/sebiweb/other/OtherAction.do?doRecognisedFpi=yes&intmId=16,E-sebi-aif,staging_thin
Zephyr Peacock India Ii,VC,"Seed, Series A",,,,,,SEBI AIF1; IN/AIF1/25-26/1965,,,,Unverified – inferred,HQ India,https://www.sebi.gov.in/sebiweb/other/OtherAction.do?doRecognisedFpi=yes&intmId=16,E-sebi-aif,staging_thin
Zephyr Peacock India Master,VC,"Seed, Series A",,,,,,SEBI VCF; IN/VCF/09-10/0095,,,,Unverified – inferred,HQ India,https://www.sebi.gov.in/sebiweb/other/OtherAction.do?doRecognisedFpi=yes&intmId=16,E-sebi-aif,staging_thin
Zero Poverty Ventures India Funds,VC,"Seed, Series A",,,,,,SEBI AIF2; IN/AIF2/23-24/1377,,,,Unverified – inferred,HQ India,https://www.sebi.gov.in/sebiweb/other/OtherAction.do?doRecognisedFpi=yes&intmId=16,E-sebi-aif,staging_thin
Zero To One,VC,"Seed, Series A",,,,,,SEBI AIF1; IN/AIF1/22-23/1187,,,,Unverified – inferred,HQ India,https://www.sebi.gov.in/sebiweb/other/OtherAction.do?doRecognisedFpi=yes&intmId=16,E-sebi-aif,staging_thin
Zodius Technology,VC,"Seed, Series A",,,,,,SEBI AIF1; IN/AIF1/14-15/0126,,,,Unverified – inferred,HQ India,https://www.sebi.gov.in/sebiweb/other/OtherAction.do?doRecognisedFpi=yes&intmId=16,E-sebi-aif,staging_thin
Zodius Technology Opportunities,VC,"Seed, Series A",,,,,,SEBI AIF1; IN/AIF1/15-16/0188,,,,Unverified – inferred,HQ India,https://www.sebi.gov.in/sebiweb/other/OtherAction.do?doRecognisedFpi=yes&intmId=16,E-sebi-aif,staging_thin
