slug,name,type,url
"sequoia-india-peak-xv","Sequoia (India) / Peak XV","Venture Capital","https://vcdekho.com/funds/sequoia-india-peak-xv"
"kalaari-capital","Kalaari Capital","Venture Capital","https://vcdekho.com/funds/kalaari-capital"
"nexus-venture-partners","Nexus Venture Partners","Venture Capital","https://vcdekho.com/funds/nexus-venture-partners"
"sanjay-mehta","Sanjay Mehta","Family Office","https://vcdekho.com/funds/sanjay-mehta"
"kunal-shah","Kunal Shah","Angel / Individual","https://vcdekho.com/funds/kunal-shah"
"anand-chandrasekaran","Anand Chandrasekaran","Angel / Individual","https://vcdekho.com/funds/anand-chandrasekaran"
"kunal-bahl","Kunal Bahl","Angel / Individual","https://vcdekho.com/funds/kunal-bahl"
"gaurav-munjal","Gaurav Munjal","Angel / Individual","https://vcdekho.com/funds/gaurav-munjal"
"ritesh-agarwal","Ritesh Agarwal","Family Office","https://vcdekho.com/funds/ritesh-agarwal"
"anupam-mittal","Anupam Mittal","Angel / Individual","https://vcdekho.com/funds/anupam-mittal"
"indian-angel-network-ian","Indian Angel Network (IAN)","Syndicate / Network","https://vcdekho.com/funds/indian-angel-network-ian"
"zeropearl-vc","Zeropearl VC","Venture Capital","https://vcdekho.com/funds/zeropearl-vc"
"premji-invest","Premji Invest","Family Office","https://vcdekho.com/funds/premji-invest"
"unicorn-india-ventures","Unicorn India Ventures","Venture Capital","https://vcdekho.com/funds/unicorn-india-ventures"
"sun-icon-ventures","Sun Icon Ventures","Venture Capital","https://vcdekho.com/funds/sun-icon-ventures"
"neon-fund","Neon Fund","Venture Capital","https://vcdekho.com/funds/neon-fund"
"pentathlon-ventures","Pentathlon Ventures","Venture Capital","https://vcdekho.com/funds/pentathlon-ventures"
"alkemi-growth-capital","Alkemi Growth Capital","Venture Capital","https://vcdekho.com/funds/alkemi-growth-capital"
"wein-capital","WEIN Capital","Accelerator","https://vcdekho.com/funds/wein-capital"
"warmup-ventures","Warmup Ventures","Venture Capital","https://vcdekho.com/funds/warmup-ventures"
"aureolis-ventures","Aureolis Ventures","Venture Capital","https://vcdekho.com/funds/aureolis-ventures"
"mapleblock-capital","Mapleblock Capital","Venture Capital","https://vcdekho.com/funds/mapleblock-capital"
"sixth-sense-ventures","Sixth Sense Ventures","Venture Capital","https://vcdekho.com/funds/sixth-sense-ventures"
"veritasx","VeritasX","Venture Capital","https://vcdekho.com/funds/veritasx"
"bluegreen-ventures","BlueGreen Ventures","Venture Capital","https://vcdekho.com/funds/bluegreen-ventures"
"disruptors-capital","Disruptors Capital","Venture Capital","https://vcdekho.com/funds/disruptors-capital"
"8x-ventures","8X Ventures","Venture Capital","https://vcdekho.com/funds/8x-ventures"
"silverneedle-ventures","Silverneedle Ventures","Venture Capital","https://vcdekho.com/funds/silverneedle-ventures"
"precog-innovation-partners","Precog Innovation Partners","Venture Capital","https://vcdekho.com/funds/precog-innovation-partners"
"growx-ventures","growX ventures","Venture Capital","https://vcdekho.com/funds/growx-ventures"
"yournest-venture-capital","YourNest Venture Capital","Venture Capital","https://vcdekho.com/funds/yournest-venture-capital"
"venture-catalysts-india-s-first-integrated-incubator","Venture Catalysts | India's First Integrated Incubator","Accelerator","https://vcdekho.com/funds/venture-catalysts-india-s-first-integrated-incubator"
"sangam-ventures","Sangam Ventures","Venture Capital","https://vcdekho.com/funds/sangam-ventures"
"bharat-innovation-fund","Bharat Innovation Fund","Venture Capital","https://vcdekho.com/funds/bharat-innovation-fund"
"omnivore","Omnivore","Venture Capital","https://vcdekho.com/funds/omnivore"
"elevar-equity","Elevar Equity","Venture Capital","https://vcdekho.com/funds/elevar-equity"
"realtime-rtaf","RealTime (RTAF)","Accelerator","https://vcdekho.com/funds/realtime-rtaf"
"elev8-venture-partners","Elev8 Venture Partners","Venture Capital","https://vcdekho.com/funds/elev8-venture-partners"
"india-accelerator","India Accelerator","Accelerator","https://vcdekho.com/funds/india-accelerator"
"enlighten-angel-fund","Enlighten Angel Fund","Angel / Individual","https://vcdekho.com/funds/enlighten-angel-fund"
"we-founder-circle","We Founder Circle","Accelerator","https://vcdekho.com/funds/we-founder-circle"
"kathyawad-ventures","Kathyawad Ventures","Venture Capital","https://vcdekho.com/funds/kathyawad-ventures"
"100unicorns","100Unicorns","Accelerator","https://vcdekho.com/funds/100unicorns"
"next-star-venture-capital-llp","Next Star Venture Capital LLP","Accelerator","https://vcdekho.com/funds/next-star-venture-capital-llp"
"artha-venture-fund","Artha Venture Fund","Family Office","https://vcdekho.com/funds/artha-venture-fund"
"aarin-capital","Aarin Capital","Family Office","https://vcdekho.com/funds/aarin-capital"
"catamaran","Catamaran","Family Office","https://vcdekho.com/funds/catamaran"
"pratithi-investments","Pratithi Investments","Family Office","https://vcdekho.com/funds/pratithi-investments"
"spectrum-impact","Spectrum Impact","Family Office","https://vcdekho.com/funds/spectrum-impact"
"reddy-ventures","Reddy Ventures","Family Office","https://vcdekho.com/funds/reddy-ventures"
"2am-vc","2am VC","Venture Capital","https://vcdekho.com/funds/2am-vc"
"westbridge-capital","WestBridge Capital","Private Equity","https://vcdekho.com/funds/westbridge-capital"
"aarii-ventures","Aarii Ventures","Venture Capital","https://vcdekho.com/funds/aarii-ventures"
"midas-capital-baheti-family-office","Midas Capital | Baheti Family Office","Family Office","https://vcdekho.com/funds/midas-capital-baheti-family-office"
"unilazer-ventures","Unilazer Ventures","Family Office","https://vcdekho.com/funds/unilazer-ventures"
"hunch-ventures-and-investments-pvt-ltd","Hunch Ventures & Investments Pvt Ltd","Venture Capital","https://vcdekho.com/funds/hunch-ventures-and-investments-pvt-ltd"
"aroa-venture-partners","Aroa Venture Partners","Venture Capital","https://vcdekho.com/funds/aroa-venture-partners"
"aakash-emprise-pvt-ltd","Aakash Emprise Pvt Ltd","Family Office","https://vcdekho.com/funds/aakash-emprise-pvt-ltd"
"malpani-ventures","Malpani Ventures","Angel / Individual","https://vcdekho.com/funds/malpani-ventures"
"siana-capital","Siana Capital","Venture Capital","https://vcdekho.com/funds/siana-capital"
"rainmatter","Rainmatter","Corporate / CVC","https://vcdekho.com/funds/rainmatter"
"fluid-ventures","Fluid Ventures","Venture Capital","https://vcdekho.com/funds/fluid-ventures"
"gsf","GSF","Accelerator","https://vcdekho.com/funds/gsf"
"zeca-capital","ZeCa Capital","Venture Capital","https://vcdekho.com/funds/zeca-capital"
"seafund","seafund","Venture Capital","https://vcdekho.com/funds/seafund"
"iima-ventures","IIMA Ventures","Accelerator","https://vcdekho.com/funds/iima-ventures"
"elevation-capital","Elevation Capital","Venture Capital","https://vcdekho.com/funds/elevation-capital"
"ivycap-ventures","IvyCap Ventures","Venture Capital","https://vcdekho.com/funds/ivycap-ventures"
"sales-force-ventures","Sales Force Ventures","Corporate / CVC","https://vcdekho.com/funds/sales-force-ventures"
"8i-ventures","8i Ventures","Venture Capital","https://vcdekho.com/funds/8i-ventures"
"eaglewings-ventures","Eaglewings Ventures","Venture Capital","https://vcdekho.com/funds/eaglewings-ventures"
"247vc","247VC","Venture Capital","https://vcdekho.com/funds/247vc"
"bharat-founders-fund","Bharat Founders Fund","Venture Capital","https://vcdekho.com/funds/bharat-founders-fund"
"good-capital","Good Capital","Venture Capital","https://vcdekho.com/funds/good-capital"
"panthera-peak","Panthera Peak","Venture Capital","https://vcdekho.com/funds/panthera-peak"
"peercheque","peercheque","Syndicate / Network","https://vcdekho.com/funds/peercheque"
"mars-shot-ventures","Mars Shot Ventures","Venture Capital","https://vcdekho.com/funds/mars-shot-ventures"
"otp-ventures","OTP Ventures","Venture Capital","https://vcdekho.com/funds/otp-ventures"
"prath-ventures","Prath Ventures","Venture Capital","https://vcdekho.com/funds/prath-ventures"
"aeravti-ventures","Aeravti Ventures","Venture Capital","https://vcdekho.com/funds/aeravti-ventures"
"bulleon-ventures","Bulleon Ventures","Venture Capital","https://vcdekho.com/funds/bulleon-ventures"
"mount-judi-ventures","Mount Judi Ventures","Venture Capital","https://vcdekho.com/funds/mount-judi-ventures"
"pointone-capital","PointOne Capital","Venture Capital","https://vcdekho.com/funds/pointone-capital"
"vicus-ventures","Vicus Ventures","Venture Capital","https://vcdekho.com/funds/vicus-ventures"
"uncork-capital","Uncork Capital","Venture Capital","https://vcdekho.com/funds/uncork-capital"
"character","Character","Venture Capital","https://vcdekho.com/funds/character"
"south-loop-ventures","South Loop Ventures","Venture Capital","https://vcdekho.com/funds/south-loop-ventures"
"a100x-ventures","A100x Ventures","Venture Capital","https://vcdekho.com/funds/a100x-ventures"
"verb-ventures","Verb Ventures","Venture Capital","https://vcdekho.com/funds/verb-ventures"
"sierra-ventures","Sierra Ventures","Venture Capital","https://vcdekho.com/funds/sierra-ventures"
"airavat-capital","Airavat Capital","Venture Capital","https://vcdekho.com/funds/airavat-capital"
"venturi-partners","Venturi Partners","Venture Capital","https://vcdekho.com/funds/venturi-partners"
"athena","Athena","Venture Capital","https://vcdekho.com/funds/athena"
"capital-a","Capital-A","Venture Capital","https://vcdekho.com/funds/capital-a"
"sanchiconnect","SanchiConnect","Venture Capital","https://vcdekho.com/funds/sanchiconnect"
"ankur-capital-fund","Ankur Capital Fund","Venture Capital","https://vcdekho.com/funds/ankur-capital-fund"
"aavishkaar-capital","Aavishkaar Capital","Venture Capital","https://vcdekho.com/funds/aavishkaar-capital"
"senseai-ventures","SenseAI Ventures","Venture Capital","https://vcdekho.com/funds/senseai-ventures"
"veltis-capital","Veltis Capital","Venture Capital","https://vcdekho.com/funds/veltis-capital"
"multiple-ventures","Multiple Ventures","Venture Capital","https://vcdekho.com/funds/multiple-ventures"
"golden-sparrow","Golden Sparrow","Syndicate / Network","https://vcdekho.com/funds/golden-sparrow"
"ideaspring-capital","Ideaspring Capital","Venture Capital","https://vcdekho.com/funds/ideaspring-capital"
"ajvc","AJVC","Venture Capital","https://vcdekho.com/funds/ajvc"
"java-capital","Java Capital","Venture Capital","https://vcdekho.com/funds/java-capital"
"speciale-invest","Speciale Invest","Venture Capital","https://vcdekho.com/funds/speciale-invest"
"fireside-ventures","Fireside Ventures","Venture Capital","https://vcdekho.com/funds/fireside-ventures"
"z47","Z47","Venture Capital","https://vcdekho.com/funds/z47"
"lumikai-fund","Lumikai Fund","Venture Capital","https://vcdekho.com/funds/lumikai-fund"
"rukam-capital","Rukam Capital","Venture Capital","https://vcdekho.com/funds/rukam-capital"
"a91-partners","A91 Partners","Venture Capital","https://vcdekho.com/funds/a91-partners"
"tpg-newquest","TPG NewQuest","Private Equity","https://vcdekho.com/funds/tpg-newquest"
"12-flags","12 Flags","Venture Capital","https://vcdekho.com/funds/12-flags"
"multiples-alternate-asset-management","Multiples Alternate Asset Management","Private Equity","https://vcdekho.com/funds/multiples-alternate-asset-management"
"avendus","Avendus","Private Equity","https://vcdekho.com/funds/avendus"
"the-fundamentum-partnership","The Fundamentum Partnership","Venture Capital","https://vcdekho.com/funds/the-fundamentum-partnership"
"whiteboard-capital","Whiteboard Capital","Venture Capital","https://vcdekho.com/funds/whiteboard-capital"
"sofina","Sofina","Private Equity","https://vcdekho.com/funds/sofina"
"scalable-capital","Scalable Capital","Corporate / CVC","https://vcdekho.com/funds/scalable-capital"
"bat-vc","BAT VC","Venture Capital","https://vcdekho.com/funds/bat-vc"
"kriscore-capital","Kriscore Capital","Venture Capital","https://vcdekho.com/funds/kriscore-capital"
"synapses-vc","Synapses VC","Venture Capital","https://vcdekho.com/funds/synapses-vc"
"ahead-vc","Ahead VC","Venture Capital","https://vcdekho.com/funds/ahead-vc"
"boldcap","BoldCap","Venture Capital","https://vcdekho.com/funds/boldcap"
"upekkha","Upekkha","Accelerator","https://vcdekho.com/funds/upekkha"
"the-chennai-angels","The Chennai Angels","Syndicate / Network","https://vcdekho.com/funds/the-chennai-angels"
"in44-capital","IN44 Capital","Venture Capital","https://vcdekho.com/funds/in44-capital"
"bluehill-vc","Bluehill.vc","Venture Capital","https://vcdekho.com/funds/bluehill-vc"
"artha99-venture-capital-fund","Artha99 Venture Capital Fund","Venture Capital","https://vcdekho.com/funds/artha99-venture-capital-fund"
"a99-vc","a99 VC","Venture Capital","https://vcdekho.com/funds/a99-vc"
"tvs-capital-funds","TVS Capital Funds","Private Equity","https://vcdekho.com/funds/tvs-capital-funds"
"pi-ventures","pi Ventures","Venture Capital","https://vcdekho.com/funds/pi-ventures"
"yali-capital","Yali Capital","Venture Capital","https://vcdekho.com/funds/yali-capital"
"first-cheque","First Cheque","Venture Capital","https://vcdekho.com/funds/first-cheque"
"matrix-partners","Matrix Partners","Venture Capital","https://vcdekho.com/funds/matrix-partners"
"tdv-partners","TDV Partners","Venture Capital","https://vcdekho.com/funds/tdv-partners"
"endurance-capital","Endurance Capital","Syndicate / Network","https://vcdekho.com/funds/endurance-capital"
"encubay-angel-network","Encubay Angel Network","Syndicate / Network","https://vcdekho.com/funds/encubay-angel-network"
"gaurav-sharma","Gaurav Sharma","Angel / Individual","https://vcdekho.com/funds/gaurav-sharma"
"exfinity-venture-partners","Exfinity Venture Partners","Venture Capital","https://vcdekho.com/funds/exfinity-venture-partners"
"capital-2b","Capital 2B","Venture Capital","https://vcdekho.com/funds/capital-2b"
"campus-fund","Campus Fund","Venture Capital","https://vcdekho.com/funds/campus-fund"
"oberoi-family-office","Oberoi Family Office","Family Office","https://vcdekho.com/funds/oberoi-family-office"
"peaceful-progress","Peaceful Progress","Angel / Individual","https://vcdekho.com/funds/peaceful-progress"
"leo-capital","Leo Capital","Venture Capital","https://vcdekho.com/funds/leo-capital"
"ramaiah-capital","Ramaiah Capital","Family Office","https://vcdekho.com/funds/ramaiah-capital"
"innovex-capital","Innovex Capital","Corporate / CVC","https://vcdekho.com/funds/innovex-capital"
"v3-ventures-verlinvest","V3 Ventures (Verlinvest)","Venture Capital","https://vcdekho.com/funds/v3-ventures-verlinvest"
"earlsfield-capital","Earlsfield Capital","Venture Capital","https://vcdekho.com/funds/earlsfield-capital"
"eight-roads-ventures-india","Eight Roads Ventures India","Venture Capital","https://vcdekho.com/funds/eight-roads-ventures-india"
"cactus-vp","Cactus vp","Venture Capital","https://vcdekho.com/funds/cactus-vp"
"goldman-sachs-growth-equity","Goldman Sachs Growth Equity","Private Equity","https://vcdekho.com/funds/goldman-sachs-growth-equity"
"endiya-partners","Endiya Partners","Venture Capital","https://vcdekho.com/funds/endiya-partners"
"all-in-capital","All In Capital","Venture Capital","https://vcdekho.com/funds/all-in-capital"
"bharat-angels-fund","Bharat Angels Fund","Venture Capital","https://vcdekho.com/funds/bharat-angels-fund"
"anthill-ventures","Anthill Ventures","Venture Capital","https://vcdekho.com/funds/anthill-ventures"
"gemba-capital","Gemba Capital","Venture Capital","https://vcdekho.com/funds/gemba-capital"
"athera-venture-partners-formerly-inventus-india","Athera Venture Partners (formerly Inventus India)","Venture Capital","https://vcdekho.com/funds/athera-venture-partners-formerly-inventus-india"
"accel","Accel","Venture Capital","https://vcdekho.com/funds/accel"
"anchorage-capital","Anchorage Capital","Family Office","https://vcdekho.com/funds/anchorage-capital"
"huddle-ventures","Huddle Ventures","Venture Capital","https://vcdekho.com/funds/huddle-ventures"
"jsw-ventures","JSW Ventures","Venture Capital","https://vcdekho.com/funds/jsw-ventures"
"pravega-ventures","Pravega Ventures","Venture Capital","https://vcdekho.com/funds/pravega-ventures"
"emphasis-ventures-emvc","Emphasis Ventures (EMVC)","Venture Capital","https://vcdekho.com/funds/emphasis-ventures-emvc"
"bluelotus-ventures","BlueLotus Ventures","Syndicate / Network","https://vcdekho.com/funds/bluelotus-ventures"
"chiratae-ventures","Chiratae Ventures","Venture Capital","https://vcdekho.com/funds/chiratae-ventures"
"turbostart","Turbostart","Venture Capital","https://vcdekho.com/funds/turbostart"
"sig","SIG","Venture Capital","https://vcdekho.com/funds/sig"
"rtp-global","RTP Global","Venture Capital","https://vcdekho.com/funds/rtp-global"
"gradcapital","gradCapital","Venture Capital","https://vcdekho.com/funds/gradcapital"
"trifecta-growth-equity","Trifecta Growth Equity","Venture Capital","https://vcdekho.com/funds/trifecta-growth-equity"
"together","Together","Venture Capital","https://vcdekho.com/funds/together"
"tanglin-venture-partners","Tanglin Venture Partners","Venture Capital","https://vcdekho.com/funds/tanglin-venture-partners"
"lightspeed","Lightspeed","Venture Capital","https://vcdekho.com/funds/lightspeed"
"india-quotient","India Quotient","Venture Capital","https://vcdekho.com/funds/india-quotient"
"iti-growth-opportunities","ITI Growth Opportunities","Venture Capital","https://vcdekho.com/funds/iti-growth-opportunities"
"growth-valley","Growth valley","Syndicate / Network","https://vcdekho.com/funds/growth-valley"
"prime-venture-partners","Prime Venture Partners","Venture Capital","https://vcdekho.com/funds/prime-venture-partners"
"peak-sustainability-ventures","Peak Sustainability Ventures","Venture Capital","https://vcdekho.com/funds/peak-sustainability-ventures"
"3one4-capital","3one4 Capital","Venture Capital","https://vcdekho.com/funds/3one4-capital"
"the-venture-guys","The Venture Guys","Syndicate / Network","https://vcdekho.com/funds/the-venture-guys"
"faad-network","Faad Network","Syndicate / Network","https://vcdekho.com/funds/faad-network"
"innoven-capital","Innoven Capital","Venture Capital","https://vcdekho.com/funds/innoven-capital"
"eques-capital","Eques Capital","Venture Capital","https://vcdekho.com/funds/eques-capital"
"eximius-ventures","Eximius Ventures","Venture Capital","https://vcdekho.com/funds/eximius-ventures"
"ashvik-kapital","Ashvik Kapital","Syndicate / Network","https://vcdekho.com/funds/ashvik-kapital"
"international-finance-corporation-ifc","International Finance Corporation (IFC)","Development Finance Institution / VC","https://vcdekho.com/funds/international-finance-corporation-ifc"
"dholakia-ventures","DHOLAKIA VENTURES","Family Office","https://vcdekho.com/funds/dholakia-ventures"
"the-endless-network","The Endless Network","Syndicate / Network","https://vcdekho.com/funds/the-endless-network"
"dexter-angels","Dexter Angels","Syndicate / Network","https://vcdekho.com/funds/dexter-angels"
"originity-origin-to-eternity-llp","Originity (Origin To Eternity LLP)","Family Office","https://vcdekho.com/funds/originity-origin-to-eternity-llp"
"inno-vest-advisors","Inno-Vest Advisors","Syndicate / Network","https://vcdekho.com/funds/inno-vest-advisors"
"magnivia-ventures","Magnivia Ventures","Syndicate / Network","https://vcdekho.com/funds/magnivia-ventures"
"77-capital","77 Capital","Syndicate / Network","https://vcdekho.com/funds/77-capital"
"rise-capital","Rise Capital","Venture Capital","https://vcdekho.com/funds/rise-capital"
"titan-capital","Titan Capital","Venture Capital","https://vcdekho.com/funds/titan-capital"
"smilodon-venture-partners","Smilodon Venture Partners","Venture Capital","https://vcdekho.com/funds/smilodon-venture-partners"
"brigade-reap","Brigade REAP","Syndicate / Network","https://vcdekho.com/funds/brigade-reap"
"o2-angel-network-llp","O2 Angel Network LLP","Syndicate / Network","https://vcdekho.com/funds/o2-angel-network-llp"
"beej-network","Beej Network","Syndicate / Network","https://vcdekho.com/funds/beej-network"
"blinc-invest","BLinC Invest","Venture Capital","https://vcdekho.com/funds/blinc-invest"
"multiply-ventures","Multiply Ventures","Venture Capital","https://vcdekho.com/funds/multiply-ventures"
"cloud-capital","Cloud Capital","Syndicate / Network","https://vcdekho.com/funds/cloud-capital"
"long-tail-ventures","Long Tail Ventures","Venture Capital","https://vcdekho.com/funds/long-tail-ventures"
"singhvi-heritage-llp-jito-angel-network","Singhvi Heritage LLP / JITO Angel Network","Family Office","https://vcdekho.com/funds/singhvi-heritage-llp-jito-angel-network"
"ecosystem-ventures","Ecosystem Ventures","Venture Capital","https://vcdekho.com/funds/ecosystem-ventures"
"sprout-venture-partners","Sprout Venture Partners","Venture Capital","https://vcdekho.com/funds/sprout-venture-partners"
"blume-ventures","Blume Ventures","Venture Capital","https://vcdekho.com/funds/blume-ventures"
"caspian-equity","Caspian Equity","Venture Capital","https://vcdekho.com/funds/caspian-equity"
"beyond-next-ventures","Beyond Next Ventures","Venture Capital","https://vcdekho.com/funds/beyond-next-ventures"
"vertex-ventures","Vertex Ventures","Venture Capital","https://vcdekho.com/funds/vertex-ventures"
"mayfield-india","Mayfield India","Venture Capital","https://vcdekho.com/funds/mayfield-india"
"anicut-capital","Anicut Capital","Angel / Individual","https://vcdekho.com/funds/anicut-capital"
"arali-ventures","Arali Ventures","Venture Capital","https://vcdekho.com/funds/arali-ventures"
"100x-vc","100X VC","Venture Capital","https://vcdekho.com/funds/100x-vc"
"randev-ventures","Randev Ventures","Family Office","https://vcdekho.com/funds/randev-ventures"
"starfish-growth-partners","Starfish Growth Partners","Venture Capital","https://vcdekho.com/funds/starfish-growth-partners"
"social-alpha","Social Alpha","Incubation/ Acceleration/ Investment","https://vcdekho.com/funds/social-alpha"
"sparrow-capital","Sparrow Capital","Venture Capital","https://vcdekho.com/funds/sparrow-capital"
"rpg-ventures","RPG VENTURES","Family Office","https://vcdekho.com/funds/rpg-ventures"
"samarthya-investment-advisors","Samarthya Investment Advisors","Syndicate / Network","https://vcdekho.com/funds/samarthya-investment-advisors"
"citi-strategic-fintech-investments","Citi Strategic FinTech Investments","Corporate / CVC","https://vcdekho.com/funds/citi-strategic-fintech-investments"
"build3","build3","Angel / Individual","https://vcdekho.com/funds/build3"
"white-venture-capital","White Venture Capital","Venture Capital","https://vcdekho.com/funds/white-venture-capital"
"pavestone-vc","Pavestone VC","Venture Capital","https://vcdekho.com/funds/pavestone-vc"
"piper-serica-angel-fund","Piper Serica Angel Fund","Venture Capital","https://vcdekho.com/funds/piper-serica-angel-fund"
"kira-studio","Kira Studio","Venture Capital","https://vcdekho.com/funds/kira-studio"
"weh-ventures","WEH Ventures","Venture Capital","https://vcdekho.com/funds/weh-ventures"
"stride-ventures","Stride Ventures","Venture Capital","https://vcdekho.com/funds/stride-ventures"
"eximus-ventures","Eximus Ventures","Venture Capital","https://vcdekho.com/funds/eximus-ventures"
"better-capital","Better Capital","Venture Capital","https://vcdekho.com/funds/better-capital"
"alpha-wave-global","Alpha Wave Global","Venture Capital","https://vcdekho.com/funds/alpha-wave-global"
"sachin-bhatt","Sachin Bhatt","Angel / Individual","https://vcdekho.com/funds/sachin-bhatt"
"arkam-ventures","Arkam Ventures","Venture Capital","https://vcdekho.com/funds/arkam-ventures"
"shastra-vc","Shastra VC","Venture Capital","https://vcdekho.com/funds/shastra-vc"
"freeflow-ventures","FreeFlow Ventures","Venture Capital","https://vcdekho.com/funds/freeflow-ventures"
"devc","DeVC","Venture Capital","https://vcdekho.com/funds/devc"
"venture-highway","Venture Highway","Venture Capital","https://vcdekho.com/funds/venture-highway"
"lumis-partners","Lumis Partners","Venture Capital","https://vcdekho.com/funds/lumis-partners"
"alteria-capital","Alteria Capital","Venture Capital","https://vcdekho.com/funds/alteria-capital"
"sauce-vc","Sauce.vc","Venture Capital","https://vcdekho.com/funds/sauce-vc"
"saama","Saama","Venture Capital","https://vcdekho.com/funds/saama"
"tomorrow-capital","Tomorrow Capital","Venture Capital","https://vcdekho.com/funds/tomorrow-capital"
"iron-pillar","Iron Pillar","Venture Capital","https://vcdekho.com/funds/iron-pillar"
"growthcap-ventures","GrowthCap Ventures","Venture Capital","https://vcdekho.com/funds/growthcap-ventures"
"july-ventures","July Ventures","Venture Capital","https://vcdekho.com/funds/july-ventures"
"inflexor-ventures","Inflexor Ventures","Venture Capital","https://vcdekho.com/funds/inflexor-ventures"
"sorin-investments","Sorin Investments","Venture Capital","https://vcdekho.com/funds/sorin-investments"
"enzia-ventures","Enzia Ventures","Venture Capital","https://vcdekho.com/funds/enzia-ventures"
"spiral-ventures-pte-ltd","Spiral Ventures Pte. Ltd.","Venture Capital","https://vcdekho.com/funds/spiral-ventures-pte-ltd"
"waveform-ventures","Waveform Ventures","Venture Capital","https://vcdekho.com/funds/waveform-ventures"
"advantedge-founders","AdvantEdge Founders","Venture Capital","https://vcdekho.com/funds/advantedge-founders"
"nueva-capital","Nueva Capital","Venture Capital","https://vcdekho.com/funds/nueva-capital"
"green-frontier-capital","Green Frontier Capital","Venture Capital","https://vcdekho.com/funds/green-frontier-capital"
"xeed-ventures","Xeed Ventures","Venture Capital","https://vcdekho.com/funds/xeed-ventures"
"norwest-venture-partners","Norwest Venture Partners","Venture Capital","https://vcdekho.com/funds/norwest-venture-partners"
"lodha-ventures","Lodha Ventures","Family Office","https://vcdekho.com/funds/lodha-ventures"
"dsg-consumer-partners","DSG Consumer Partners","Venture Capital","https://vcdekho.com/funds/dsg-consumer-partners"
"wami-capital-single-family-office","Wami Capital - Single Family Office","Family Office","https://vcdekho.com/funds/wami-capital-single-family-office"
"trifecta-capital","Trifecta Capital","Venture Capital","https://vcdekho.com/funds/trifecta-capital"
"kae-capital","Kae Capital","Venture Capital","https://vcdekho.com/funds/kae-capital"
"orios-venture-partners","Orios Venture Partners","Venture Capital","https://vcdekho.com/funds/orios-venture-partners"
"guild-capital","Guild Capital","Venture Capital","https://vcdekho.com/funds/guild-capital"
"stellaris-venture-partners","Stellaris Venture Partners","Venture Capital","https://vcdekho.com/funds/stellaris-venture-partners"
"merak-ventures","Merak Ventures","Venture Capital","https://vcdekho.com/funds/merak-ventures"
"z3partners","Z3Partners","Venture Capital","https://vcdekho.com/funds/z3partners"
"3-peaks-ventures","3 Peaks Ventures","Venture Capital","https://vcdekho.com/funds/3-peaks-ventures"
"upsparks-capital","Upsparks Capital","Venture Capital","https://vcdekho.com/funds/upsparks-capital"
"superb-capital","Superb Capital","Venture Capital","https://vcdekho.com/funds/superb-capital"
"theia-ventures","Theia Ventures","Venture Capital","https://vcdekho.com/funds/theia-ventures"
"lok-capital","Lok Capital","Venture Capital","https://vcdekho.com/funds/lok-capital"
"manjushree-ventures","Manjushree Ventures","Family Office","https://vcdekho.com/funds/manjushree-ventures"
"appreciate-capital","Appreciate Capital","Venture Capital","https://vcdekho.com/funds/appreciate-capital"
"agility-ventures","Agility Ventures","Venture Capital","https://vcdekho.com/funds/agility-ventures"
"eternal-capital-india","Eternal Capital (India)","Venture Capital","https://vcdekho.com/funds/eternal-capital-india"
"888vc","888vc","Venture Capital","https://vcdekho.com/funds/888vc"
"backfuture","BackFuture","Venture Capital","https://vcdekho.com/funds/backfuture"
"blue-ashva-capital","Blue Ashva Capital","Venture Capital","https://vcdekho.com/funds/blue-ashva-capital"
"1818-venture-capital","1818 Venture Capital","Venture Capital","https://vcdekho.com/funds/1818-venture-capital"
"teja-ventures","Teja Ventures","Venture Capital","https://vcdekho.com/funds/teja-ventures"
"upsidedown-vc","UpsideDown VC","Venture Capital","https://vcdekho.com/funds/upsidedown-vc"
"lightpace-vc","LightPace VC","Venture Capital","https://vcdekho.com/funds/lightpace-vc"
"village-global","Village Global","Venture Capital","https://vcdekho.com/funds/village-global"
"operatorvc","OperatorVC","Venture Capital","https://vcdekho.com/funds/operatorvc"
"supermorpheus","Supermorpheus","Venture Capital","https://vcdekho.com/funds/supermorpheus"
"unpopular-ventures","Unpopular Ventures","Venture Capital","https://vcdekho.com/funds/unpopular-ventures"
"orbit-startups","Orbit Startups","Accelerator","https://vcdekho.com/funds/orbit-startups"
"wavelaunch-vc","Wavelaunch VC","Venture Capital","https://vcdekho.com/funds/wavelaunch-vc"
"investopad","Investopad","Venture Capital","https://vcdekho.com/funds/investopad"
"venture-cooperative","Venture Cooperative","Syndicate / Network","https://vcdekho.com/funds/venture-cooperative"
"bertelsmann-india-investments","Bertelsmann India Investments","Corporate / CVC","https://vcdekho.com/funds/bertelsmann-india-investments"
"tiger-global-management","Tiger Global Management","Venture Capital","https://vcdekho.com/funds/tiger-global-management"
"lightrock","Lightrock","Venture Capital","https://vcdekho.com/funds/lightrock"
"unitus-capital","Unitus Capital","Venture Capital","https://vcdekho.com/funds/unitus-capital"
"c4d-partners","C4D Partners","Venture Capital","https://vcdekho.com/funds/c4d-partners"
"menterra-ventures","Menterra Ventures","Venture Capital","https://vcdekho.com/funds/menterra-ventures"
"sharrp-ventures-harsh-mariwala-investment-office","Sharrp Ventures | Harsh Mariwala Investment Office","Family Office","https://vcdekho.com/funds/sharrp-ventures-harsh-mariwala-investment-office"
"omidyar-network-india","Omidyar Network India","Venture Capital","https://vcdekho.com/funds/omidyar-network-india"
"beyond-capital-ventures","Beyond Capital Ventures","Venture Capital","https://vcdekho.com/funds/beyond-capital-ventures"
"social-capital","Social Capital","Venture Capital","https://vcdekho.com/funds/social-capital"
"gaja-capital","Gaja Capital","Private Equity","https://vcdekho.com/funds/gaja-capital"
"kedaara-capital","Kedaara Capital","Private Equity","https://vcdekho.com/funds/kedaara-capital"
"chryscapital","ChrysCapital","Private Equity","https://vcdekho.com/funds/chryscapital"
"everstone-group","Everstone Group","Private Equity","https://vcdekho.com/funds/everstone-group"
"ascent-capital","Ascent Capital","Private Equity","https://vcdekho.com/funds/ascent-capital"
"burman-family-holdings","Burman Family Holdings","Family Office","https://vcdekho.com/funds/burman-family-holdings"
"narotam-sekhsaria-family-office","Narotam Sekhsaria Family Office","Family Office","https://vcdekho.com/funds/narotam-sekhsaria-family-office"
"samara-capital","Samara Capital","Private Equity","https://vcdekho.com/funds/samara-capital"
"chona-family-office","Chona Family Office","Family Office","https://vcdekho.com/funds/chona-family-office"
"mga-ventures","MGA Ventures","Venture Capital","https://vcdekho.com/funds/mga-ventures"
"madison-india-capital","Madison India Capital","Private Equity","https://vcdekho.com/funds/madison-india-capital"
"beenext","BEENEXT","Venture Capital","https://vcdekho.com/funds/beenext"
"vertex-ventures-se-asia-and-india","Vertex Ventures SE Asia & India","Venture Capital","https://vcdekho.com/funds/vertex-ventures-se-asia-and-india"
"east-ventures","East Ventures","Venture Capital","https://vcdekho.com/funds/east-ventures"
"peercapital","PeerCapital","Venture Capital","https://vcdekho.com/funds/peercapital"
"the-venture-folks","The Venture Folks","Venture Capital","https://vcdekho.com/funds/the-venture-folks"
"rpsg-capital-ventures","RPSG Capital Ventures","Family Office","https://vcdekho.com/funds/rpsg-capital-ventures"
"gvfl-limited","GVFL Limited","Venture Capital","https://vcdekho.com/funds/gvfl-limited"
"marwari-catalysts","Marwari Catalysts","Accelerator","https://vcdekho.com/funds/marwari-catalysts"
"ah-ventures","ah! Ventures","Syndicate / Network","https://vcdekho.com/funds/ah-ventures"
"tanas-capital","Tanas Capital","Venture Capital","https://vcdekho.com/funds/tanas-capital"
"echai-ventures","eChai Ventures","Angel / Individual","https://vcdekho.com/funds/echai-ventures"
"venturestudio","VentureStudio","Accelerator","https://vcdekho.com/funds/venturestudio"
"gusec","GUSEC","Accelerator","https://vcdekho.com/funds/gusec"
"axilor-ventures","Axilor Ventures","Accelerator","https://vcdekho.com/funds/axilor-ventures"
"ventureast","VenturEast","Venture Capital","https://vcdekho.com/funds/ventureast"
"aum-ventures","AUM Ventures","Venture Capital","https://vcdekho.com/funds/aum-ventures"
"ribbit-capital","Ribbit Capital","Venture Capital","https://vcdekho.com/funds/ribbit-capital"
"index-ventures","Index Ventures","Venture Capital","https://vcdekho.com/funds/index-ventures"
"cherry-ventures","Cherry Ventures","Venture Capital","https://vcdekho.com/funds/cherry-ventures"
"upfront-ventures","Upfront Ventures","Venture Capital","https://vcdekho.com/funds/upfront-ventures"
"tventures","TVentures","Venture Capital","https://vcdekho.com/funds/tventures"
"foster-ventures","Foster Ventures","Venture Capital","https://vcdekho.com/funds/foster-ventures"
"b-capital","B Capital","Venture Capital","https://vcdekho.com/funds/b-capital"
"valia-ventures","Valia Ventures","Venture Capital","https://vcdekho.com/funds/valia-ventures"
"2048-ventures","2048 Ventures","Venture Capital","https://vcdekho.com/funds/2048-ventures"
"alfa-ventures","Alfa Ventures","Venture Capital","https://vcdekho.com/funds/alfa-ventures"
"auxano-capital","Auxano Capital","Venture Capital","https://vcdekho.com/funds/auxano-capital"
"m-venture-partners-mvp","M Venture Partners (MVP)","Venture Capital","https://vcdekho.com/funds/m-venture-partners-mvp"
"saison-capital","Saison Capital","Venture Capital","https://vcdekho.com/funds/saison-capital"
"monk-s-hill-venture","Monk's Hill Venture","Venture Capital","https://vcdekho.com/funds/monk-s-hill-venture"
"integra-partners","Integra Partners","Venture Capital","https://vcdekho.com/funds/integra-partners"
"momentum-capital","Momentum Capital","Venture Capital","https://vcdekho.com/funds/momentum-capital"
"ac-ventures","AC Ventures","Venture Capital","https://vcdekho.com/funds/ac-ventures"
"everywhere-ventures","Everywhere Ventures","Venture Capital","https://vcdekho.com/funds/everywhere-ventures"
"mana-ventures","Mana Ventures","Venture Capital","https://vcdekho.com/funds/mana-ventures"
"silicon-valley-quad-svq","Silicon Valley Quad (SVQ)","Venture Capital","https://vcdekho.com/funds/silicon-valley-quad-svq"
"hustle-fund","Hustle Fund","Venture Capital","https://vcdekho.com/funds/hustle-fund"
"dexter-ventures","Dexter Ventures","Angel / Individual","https://vcdekho.com/funds/dexter-ventures"
"n-1-capital","N+1 Capital","Venture Capital","https://vcdekho.com/funds/n-1-capital"
"superscout","Superscout","Venture Capital","https://vcdekho.com/funds/superscout"
"anay-ventures","Anay Ventures","Venture Capital","https://vcdekho.com/funds/anay-ventures"
"waterbridge-ventures","WaterBridge Ventures","Venture Capital","https://vcdekho.com/funds/waterbridge-ventures"
"sri-capital","SRI Capital","Venture Capital","https://vcdekho.com/funds/sri-capital"
"force-ventures","Force Ventures","Venture Capital","https://vcdekho.com/funds/force-ventures"
"inflection-point-ventures","Inflection Point Ventures","Venture Capital","https://vcdekho.com/funds/inflection-point-ventures"
"9unicorns","9Unicorns","Accelerator","https://vcdekho.com/funds/9unicorns"
"letsventure","LetsVenture","Syndicate / Network","https://vcdekho.com/funds/letsventure"
"mumbai-angels-network","Mumbai Angels Network","Syndicate / Network","https://vcdekho.com/funds/mumbai-angels-network"
"hyderabad-angels","Hyderabad Angels","Syndicate / Network","https://vcdekho.com/funds/hyderabad-angels"
"lead-angels","Lead Angels","Syndicate / Network","https://vcdekho.com/funds/lead-angels"
"calcutta-angels-network","Calcutta Angels Network","Syndicate / Network","https://vcdekho.com/funds/calcutta-angels-network"
"native-smart-capital","Native Smart Capital","Venture Capital","https://vcdekho.com/funds/native-smart-capital"
"info-edge-ventures","Info Edge Ventures","Corporate / CVC","https://vcdekho.com/funds/info-edge-ventures"
"flipkart-ventures","Flipkart Ventures","Corporate / CVC","https://vcdekho.com/funds/flipkart-ventures"
"jiogennext","JioGenNext","Accelerator","https://vcdekho.com/funds/jiogennext"
"reliance-ventures","Reliance Ventures","Corporate / CVC","https://vcdekho.com/funds/reliance-ventures"
"mahindra-partners","Mahindra Partners","Corporate / CVC","https://vcdekho.com/funds/mahindra-partners"
"sidbi-venture-capital","SIDBI Venture Capital","Venture Capital","https://vcdekho.com/funds/sidbi-venture-capital"
"canbank-venture-capital-fund","Canbank Venture Capital Fund","Venture Capital","https://vcdekho.com/funds/canbank-venture-capital-fund"
"ifci-venture-capital-funds","IFCI Venture Capital Funds","Venture Capital","https://vcdekho.com/funds/ifci-venture-capital-funds"
"true-north","True North","Private Equity","https://vcdekho.com/funds/true-north"
"icici-venture","ICICI Venture","Private Equity","https://vcdekho.com/funds/icici-venture"
"kotak-private-equity","Kotak Private Equity","Private Equity","https://vcdekho.com/funds/kotak-private-equity"
"acumen","Acumen","Venture Capital","https://vcdekho.com/funds/acumen"
"patamar-capital","Patamar Capital","Venture Capital","https://vcdekho.com/funds/patamar-capital"
"quona-capital","Quona Capital","Venture Capital","https://vcdekho.com/funds/quona-capital"
"flourish-ventures","Flourish Ventures","Venture Capital","https://vcdekho.com/funds/flourish-ventures"
"greyhound-capital","Greyhound Capital","Venture Capital","https://vcdekho.com/funds/greyhound-capital"
"steadview-capital","Steadview Capital","Venture Capital","https://vcdekho.com/funds/steadview-capital"
"rebright-partners","Rebright Partners","Venture Capital","https://vcdekho.com/funds/rebright-partners"
"entrepreneur-first","Entrepreneur First","Accelerator","https://vcdekho.com/funds/entrepreneur-first"
"antler","Antler","Accelerator","https://vcdekho.com/funds/antler"
"surge","Surge","Accelerator","https://vcdekho.com/funds/surge"
"y-combinator","Y Combinator","Accelerator","https://vcdekho.com/funds/y-combinator"
"techstars","Techstars","Accelerator","https://vcdekho.com/funds/techstars"
"500-global","500 Global","Venture Capital","https://vcdekho.com/funds/500-global"
"sosv","SOSV","Venture Capital","https://vcdekho.com/funds/sosv"
"jungle-ventures","Jungle Ventures","Venture Capital","https://vcdekho.com/funds/jungle-ventures"
"openspace-ventures","Openspace Ventures","Venture Capital","https://vcdekho.com/funds/openspace-ventures"
"wavemaker-partners","Wavemaker Partners","Venture Capital","https://vcdekho.com/funds/wavemaker-partners"
"golden-gate-ventures","Golden Gate Ventures","Venture Capital","https://vcdekho.com/funds/golden-gate-ventures"
"insignia-ventures-partners","Insignia Ventures Partners","Venture Capital","https://vcdekho.com/funds/insignia-ventures-partners"
"jafco-asia","JAFCO Asia","Venture Capital","https://vcdekho.com/funds/jafco-asia"
"pavilion-capital","Pavilion Capital","Venture Capital","https://vcdekho.com/funds/pavilion-capital"
"general-atlantic","General Atlantic","Private Equity","https://vcdekho.com/funds/general-atlantic"
"bessemer-venture-partners","Bessemer Venture Partners","Venture Capital","https://vcdekho.com/funds/bessemer-venture-partners"
"prosus-ventures","Prosus Ventures","Corporate / CVC","https://vcdekho.com/funds/prosus-ventures"
"naspers-foundry","Naspers Foundry","Corporate / CVC","https://vcdekho.com/funds/naspers-foundry"
"temasek","Temasek","Private Equity","https://vcdekho.com/funds/temasek"
"gic-private-limited","GIC Private Limited","Private Equity","https://vcdekho.com/funds/gic-private-limited"
"softbank-investment-advisers","SoftBank Investment Advisers","Venture Capital","https://vcdekho.com/funds/softbank-investment-advisers"
"softbank-ventures-asia","SoftBank Ventures Asia","Venture Capital","https://vcdekho.com/funds/softbank-ventures-asia"
"insight-partners","Insight Partners","Venture Capital","https://vcdekho.com/funds/insight-partners"
"coatue-management","Coatue Management","Venture Capital","https://vcdekho.com/funds/coatue-management"
"dst-global","DST Global","Venture Capital","https://vcdekho.com/funds/dst-global"
"dragoneer-investment-group","Dragoneer Investment Group","Venture Capital","https://vcdekho.com/funds/dragoneer-investment-group"
"blackstone-growth","Blackstone Growth","Private Equity","https://vcdekho.com/funds/blackstone-growth"
"warburg-pincus","Warburg Pincus","Private Equity","https://vcdekho.com/funds/warburg-pincus"
"kkr","KKR","Private Equity","https://vcdekho.com/funds/kkr"
"bain-capital","Bain Capital","Private Equity","https://vcdekho.com/funds/bain-capital"
"advent-international","Advent International","Private Equity","https://vcdekho.com/funds/advent-international"
"carlyle-group","Carlyle Group","Private Equity","https://vcdekho.com/funds/carlyle-group"
"apax-partners","Apax Partners","Private Equity","https://vcdekho.com/funds/apax-partners"
"creador","Creador","Private Equity","https://vcdekho.com/funds/creador"
"british-international-investment","British International Investment","Venture Capital","https://vcdekho.com/funds/british-international-investment"
"norfund","Norfund","Venture Capital","https://vcdekho.com/funds/norfund"
"fmo-entrepreneurial-development-bank","FMO Entrepreneurial Development Bank","Venture Capital","https://vcdekho.com/funds/fmo-entrepreneurial-development-bank"
"proparco","Proparco","Venture Capital","https://vcdekho.com/funds/proparco"
"michael-and-susan-dell-foundation","Michael & Susan Dell Foundation","Venture Capital","https://vcdekho.com/funds/michael-and-susan-dell-foundation"
"qualcomm-ventures","Qualcomm Ventures","Corporate / CVC","https://vcdekho.com/funds/qualcomm-ventures"
"intel-capital","Intel Capital","Corporate / CVC","https://vcdekho.com/funds/intel-capital"
"cisco-investments","Cisco Investments","Corporate / CVC","https://vcdekho.com/funds/cisco-investments"
"samsung-ventures","Samsung Ventures","Corporate / CVC","https://vcdekho.com/funds/samsung-ventures"
"m12","M12","Corporate / CVC","https://vcdekho.com/funds/m12"
"gradient-ventures","Gradient Ventures","Corporate / CVC","https://vcdekho.com/funds/gradient-ventures"
"amazon-smbhav-venture-fund","Amazon Smbhav Venture Fund","Corporate / CVC","https://vcdekho.com/funds/amazon-smbhav-venture-fund"
"sc-ventures","SC Ventures","Corporate / CVC","https://vcdekho.com/funds/sc-ventures"
"unilever-ventures","Unilever Ventures","Corporate / CVC","https://vcdekho.com/funds/unilever-ventures"
"brand-capital","Brand Capital","Corporate / CVC","https://vcdekho.com/funds/brand-capital"
"nazara-ventures","Nazara Ventures","Corporate / CVC","https://vcdekho.com/funds/nazara-ventures"
"sony-innovation-fund","Sony Innovation Fund","Corporate / CVC","https://vcdekho.com/funds/sony-innovation-fund"
"next47","next47","Corporate / CVC","https://vcdekho.com/funds/next47"
"se-ventures","SE Ventures","Corporate / CVC","https://vcdekho.com/funds/se-ventures"
"shell-ventures","Shell Ventures","Corporate / CVC","https://vcdekho.com/funds/shell-ventures"
"bp-ventures","BP Ventures","Corporate / CVC","https://vcdekho.com/funds/bp-ventures"
"breakthrough-energy-ventures","Breakthrough Energy Ventures","Venture Capital","https://vcdekho.com/funds/breakthrough-energy-ventures"
"lowercarbon-capital","Lowercarbon Capital","Venture Capital","https://vcdekho.com/funds/lowercarbon-capital"
"congruent-ventures","Congruent Ventures","Venture Capital","https://vcdekho.com/funds/congruent-ventures"
"energy-impact-partners","Energy Impact Partners","Venture Capital","https://vcdekho.com/funds/energy-impact-partners"
"qed-investors","QED Investors","Venture Capital","https://vcdekho.com/funds/qed-investors"
"valar-ventures","Valar Ventures","Venture Capital","https://vcdekho.com/funds/valar-ventures"
"thrive-capital","Thrive Capital","Venture Capital","https://vcdekho.com/funds/thrive-capital"
"new-enterprise-associates","New Enterprise Associates","Venture Capital","https://vcdekho.com/funds/new-enterprise-associates"
"andreessen-horowitz","Andreessen Horowitz","Venture Capital","https://vcdekho.com/funds/andreessen-horowitz"
"founders-fund","Founders Fund","Venture Capital","https://vcdekho.com/funds/founders-fund"
"ian-fund","IAN Fund","Venture Capital","https://vcdekho.com/funds/ian-fund"
"ciie-co","CIIE.CO","Accelerator","https://vcdekho.com/funds/ciie-co"
"t-hub","T-Hub","Accelerator","https://vcdekho.com/funds/t-hub"
"cie-iiit-hyderabad","CIE IIIT Hyderabad","Accelerator","https://vcdekho.com/funds/cie-iiit-hyderabad"
"zone-startups-india","Zone Startups India","Accelerator","https://vcdekho.com/funds/zone-startups-india"
"piramal-alternatives","Piramal Alternatives","Private Equity","https://vcdekho.com/funds/piramal-alternatives"
"edelweiss-alternative-asset-advisors","Edelweiss Alternative Asset Advisors","Private Equity","https://vcdekho.com/funds/edelweiss-alternative-asset-advisors"
"motilal-oswal-private-equity","Motilal Oswal Private Equity","Private Equity","https://vcdekho.com/funds/motilal-oswal-private-equity"
"jm-financial-private-equity","JM Financial Private Equity","Private Equity","https://vcdekho.com/funds/jm-financial-private-equity"
"point-nine-capital","Point Nine Capital","Venture Capital","https://vcdekho.com/funds/point-nine-capital"
"localglobe","LocalGlobe","Venture Capital","https://vcdekho.com/funds/localglobe"
"seedcamp","Seedcamp","Venture Capital","https://vcdekho.com/funds/seedcamp"
"atomico","Atomico","Venture Capital","https://vcdekho.com/funds/atomico"
"balderton-capital","Balderton Capital","Venture Capital","https://vcdekho.com/funds/balderton-capital"
"coinbase-ventures","Coinbase Ventures","Venture Capital","https://vcdekho.com/funds/coinbase-ventures"
"yzi-labs","YZi Labs","Venture Capital","https://vcdekho.com/funds/yzi-labs"
"polygon-ventures","Polygon Ventures","Venture Capital","https://vcdekho.com/funds/polygon-ventures"
"woodstock-fund","Woodstock Fund","Venture Capital","https://vcdekho.com/funds/woodstock-fund"
"pantera-capital","Pantera Capital","Venture Capital","https://vcdekho.com/funds/pantera-capital"
"paradigm","Paradigm","Venture Capital","https://vcdekho.com/funds/paradigm"
"sbi-investment","SBI Investment","Venture Capital","https://vcdekho.com/funds/sbi-investment"
"honda-ventures","Honda Ventures","Corporate / CVC","https://vcdekho.com/funds/honda-ventures"
"toyota-ventures","Toyota Ventures","Corporate / CVC","https://vcdekho.com/funds/toyota-ventures"
"hyundai-cradle","Hyundai CRADLE","Corporate / CVC","https://vcdekho.com/funds/hyundai-cradle"
"bosch-ventures","Bosch Ventures","Corporate / CVC","https://vcdekho.com/funds/bosch-ventures"
"hero-enterprise","Hero Enterprise","Corporate / CVC","https://vcdekho.com/funds/hero-enterprise"
"bajaj-labs-bajaj-finserv-ventures","Bajaj Labs / Bajaj Finserv Ventures","Corporate / CVC","https://vcdekho.com/funds/bajaj-labs-bajaj-finserv-ventures"
"invert-by-groww","Invert by Groww","Corporate / CVC","https://vcdekho.com/funds/invert-by-groww"
"dream-sports-ventures","Dream Sports Ventures","Corporate / CVC","https://vcdekho.com/funds/dream-sports-ventures"
"cipla-new-ventures","Cipla New Ventures","Corporate / CVC","https://vcdekho.com/funds/cipla-new-ventures"
"apollo-connect-apollo-hospitals-ventures","Apollo Connect / Apollo Hospitals Ventures","Corporate / CVC","https://vcdekho.com/funds/apollo-connect-apollo-hospitals-ventures"
"varanium-capital-advisors","Varanium Capital Advisors","Venture Capital","https://vcdekho.com/funds/varanium-capital-advisors"
"multicoin-capital","Multicoin Capital","Venture Capital","https://vcdekho.com/funds/multicoin-capital"
"mechanism-capital","Mechanism Capital","Venture Capital","https://vcdekho.com/funds/mechanism-capital"
"coindcx-ventures","CoinDCX Ventures","Corporate / CVC","https://vcdekho.com/funds/coindcx-ventures"
"sbi-caps-ventures-sbicap-ventures","SBI Caps Ventures / SBICAP Ventures","Venture Capital","https://vcdekho.com/funds/sbi-caps-ventures-sbicap-ventures"
"kerala-startup-mission","Kerala Startup Mission","Accelerator","https://vcdekho.com/funds/kerala-startup-mission"
"nsrcel","NSRCEL","Accelerator","https://vcdekho.com/funds/nsrcel"
"meity-startup-hub-genesis-partners","MeitY Startup Hub / GENESIS partners","Government Grant","https://vcdekho.com/funds/meity-startup-hub-genesis-partners"
"iifl-seed-venture-fund-iifl-pe","IIFL Seed Venture Fund / IIFL PE","Private Equity","https://vcdekho.com/funds/iifl-seed-venture-fund-iifl-pe"
"lighthouse-canton","Lighthouse Canton","Private Equity","https://vcdekho.com/funds/lighthouse-canton"
"totalenergies-ventures","TotalEnergies Ventures","Corporate / CVC","https://vcdekho.com/funds/totalenergies-ventures"
"nestl-ventures","Nestlé Ventures","Corporate / CVC","https://vcdekho.com/funds/nestl-ventures"
"marico-growth-ventures","Marico Growth Ventures","Corporate / CVC","https://vcdekho.com/funds/marico-growth-ventures"
"sun-pharma-ventures","Sun Pharma Ventures","Corporate / CVC","https://vcdekho.com/funds/sun-pharma-ventures"
"biocon-innovation-biocon-ventures","Biocon Innovation / Biocon Ventures","Corporate / CVC","https://vcdekho.com/funds/biocon-innovation-biocon-ventures"
"dr-reddy-s-ventures","Dr Reddy's Ventures","Corporate / CVC","https://vcdekho.com/funds/dr-reddy-s-ventures"
"lupin-digital-health-ventures","Lupin Digital Health Ventures","Corporate / CVC","https://vcdekho.com/funds/lupin-digital-health-ventures"
"upgrad-ventures","upGrad Ventures","Corporate / CVC","https://vcdekho.com/funds/upgrad-ventures"
"payu-ventures","PayU Ventures","Corporate / CVC","https://vcdekho.com/funds/payu-ventures"
"mitsubishi-ufj-capital","Mitsubishi UFJ Capital","Venture Capital","https://vcdekho.com/funds/mitsubishi-ufj-capital"
"delivery-hero-ventures","Delivery Hero Ventures","Corporate / CVC","https://vcdekho.com/funds/delivery-hero-ventures"
"accion-venture-lab","Accion Venture Lab","Venture Capital","https://vcdekho.com/funds/accion-venture-lab"
"villgro","Villgro","Accelerator","https://vcdekho.com/funds/villgro"
"iit-madras-incubation-cell","IIT Madras Incubation Cell","Accelerator","https://vcdekho.com/funds/iit-madras-incubation-cell"
"sine-iit-bombay","SINE IIT Bombay","Accelerator","https://vcdekho.com/funds/sine-iit-bombay"
"fitt-iit-delhi","FITT IIT Delhi","Accelerator","https://vcdekho.com/funds/fitt-iit-delhi"
"siic-iit-kanpur","SIIC IIT Kanpur","Accelerator","https://vcdekho.com/funds/siic-iit-kanpur"
"iim-calcutta-innovation-park","IIM Calcutta Innovation Park","Accelerator","https://vcdekho.com/funds/iim-calcutta-innovation-park"
"isb-dlabs-cel","ISB DLabs / CEL","Accelerator","https://vcdekho.com/funds/isb-dlabs-cel"
"startup-oasis","Startup Oasis","Accelerator","https://vcdekho.com/funds/startup-oasis"
"forge-innovation-and-ventures","Forge Innovation & Ventures","Accelerator","https://vcdekho.com/funds/forge-innovation-and-ventures"
"kiit-tbi","KIIT-TBI","Accelerator","https://vcdekho.com/funds/kiit-tbi"
"psg-step","PSG-STEP","Accelerator","https://vcdekho.com/funds/psg-step"
"nidhi-prayas","NIDHI PRAYAS","Government Grant","https://vcdekho.com/funds/nidhi-prayas"
"aic-smu-technology-business-incubation-foundation","AIC-SMU Technology Business Incubation Foundation","Accelerator","https://vcdekho.com/funds/aic-smu-technology-business-incubation-foundation"
"nasscom-10000-startups","NASSCOM 10000 Startups","Accelerator","https://vcdekho.com/funds/nasscom-10000-startups"
"nativelead-foundation-nativelead-angels","Nativelead Foundation / Nativelead Angels","Syndicate / Network","https://vcdekho.com/funds/nativelead-foundation-nativelead-angels"
"tie-delhi-ncr-angels","TiE Delhi-NCR Angels","Syndicate / Network","https://vcdekho.com/funds/tie-delhi-ncr-angels"
"tie-bangalore-angels","TiE Bangalore Angels","Syndicate / Network","https://vcdekho.com/funds/tie-bangalore-angels"
"tie-mumbai-angels","TiE Mumbai Angels","Syndicate / Network","https://vcdekho.com/funds/tie-mumbai-angels"
"tie-hyderabad-angels","TiE Hyderabad Angels","Syndicate / Network","https://vcdekho.com/funds/tie-hyderabad-angels"
"tie-chennai-angels","TiE Chennai Angels","Syndicate / Network","https://vcdekho.com/funds/tie-chennai-angels"
"iamai-angel-network","IAMAI Angel Network","Syndicate / Network","https://vcdekho.com/funds/iamai-angel-network"
"jito-angel-network","JITO Angel Network","Syndicate / Network","https://vcdekho.com/funds/jito-angel-network"
"bangalore-bioinnovation-centre-angels-bbc","Bangalore Bioinnovation Centre Angels / BBC","Accelerator","https://vcdekho.com/funds/bangalore-bioinnovation-centre-angels-bbc"
"caspian-impact-investments","Caspian Impact Investments","Venture Capital","https://vcdekho.com/funds/caspian-impact-investments"
"hdfc-capital","HDFC Capital","Venture Capital","https://vcdekho.com/funds/hdfc-capital"
"tata-capital-innovations","Tata Capital Innovations","Corporate / CVC","https://vcdekho.com/funds/tata-capital-innovations"
"niif","NIIF","Venture Capital","https://vcdekho.com/funds/niif"
"nabkisan-finance-nabard-ecosystem","NABKISAN Finance / NABARD ecosystem","Venture Capital","https://vcdekho.com/funds/nabkisan-finance-nabard-ecosystem"
"wipro-ventures","Wipro Ventures","Corporate / CVC","https://vcdekho.com/funds/wipro-ventures"
"zoho-investments","Zoho Investments","Corporate / CVC","https://vcdekho.com/funds/zoho-investments"
"freshworks-capital","Freshworks Capital","Corporate / CVC","https://vcdekho.com/funds/freshworks-capital"
"postman-capital","Postman Capital","Corporate / CVC","https://vcdekho.com/funds/postman-capital"
"browserstack-investments","BrowserStack Investments","Corporate / CVC","https://vcdekho.com/funds/browserstack-investments"
"chargebee-investments","Chargebee Investments","Corporate / CVC","https://vcdekho.com/funds/chargebee-investments"
"infosys-innovation-fund","Infosys Innovation Fund","Corporate / CVC","https://vcdekho.com/funds/infosys-innovation-fund"
"tcs-co-innovation-tcs-ventures","TCS Co-Innovation / TCS Ventures","Corporate / CVC","https://vcdekho.com/funds/tcs-co-innovation-tcs-ventures"
"tech-mahindra-ventures","Tech Mahindra Ventures","Corporate / CVC","https://vcdekho.com/funds/tech-mahindra-ventures"
"hcl-software-investments","HCL Software Investments","Corporate / CVC","https://vcdekho.com/funds/hcl-software-investments"
"l-and-t-technology-services-ventures","L&T Technology Services Ventures","Corporate / CVC","https://vcdekho.com/funds/l-and-t-technology-services-ventures"
"mphasis-next-labs-investments","Mphasis NEXT Labs Investments","Corporate / CVC","https://vcdekho.com/funds/mphasis-next-labs-investments"
"persistent-ventures","Persistent Ventures","Corporate / CVC","https://vcdekho.com/funds/persistent-ventures"
"mindtree-ventures-ltimindtree-investments","Mindtree Ventures / LTIMindtree Investments","Corporate / CVC","https://vcdekho.com/funds/mindtree-ventures-ltimindtree-investments"
"birlasoft-ventures","Birlasoft Ventures","Corporate / CVC","https://vcdekho.com/funds/birlasoft-ventures"
"citiustech-investments","CitiusTech Investments","Corporate / CVC","https://vcdekho.com/funds/citiustech-investments"
"godrej-family-office","Godrej Family Office","Family Office","https://vcdekho.com/funds/godrej-family-office"
"bharti-family-office","Bharti Family Office","Family Office","https://vcdekho.com/funds/bharti-family-office"
"murugappa-family-office","Murugappa Family Office","Family Office","https://vcdekho.com/funds/murugappa-family-office"
"goenka-family-office","Goenka Family Office","Family Office","https://vcdekho.com/funds/goenka-family-office"
"bajaj-family-office","Bajaj Family Office","Family Office","https://vcdekho.com/funds/bajaj-family-office"
"piramal-family-office","Piramal Family Office","Family Office","https://vcdekho.com/funds/piramal-family-office"
"amansa-holdings","Amansa Holdings","Family Office","https://vcdekho.com/funds/amansa-holdings"
"malabar-investments","Malabar Investments","Family Office","https://vcdekho.com/funds/malabar-investments"
"rohit-bansal","Rohit Bansal","Angel / Individual","https://vcdekho.com/funds/rohit-bansal"
"binny-bansal","Binny Bansal","Angel / Individual","https://vcdekho.com/funds/binny-bansal"
"sachin-bansal","Sachin Bansal","Angel / Individual","https://vcdekho.com/funds/sachin-bansal"
"falguni-nayar","Falguni Nayar","Angel / Individual","https://vcdekho.com/funds/falguni-nayar"
"peyush-bansal","Peyush Bansal","Angel / Individual","https://vcdekho.com/funds/peyush-bansal"
"aman-gupta","Aman Gupta","Angel / Individual","https://vcdekho.com/funds/aman-gupta"
"deepinder-goyal","Deepinder Goyal","Angel / Individual","https://vcdekho.com/funds/deepinder-goyal"
"bhavish-aggarwal","Bhavish Aggarwal","Angel / Individual","https://vcdekho.com/funds/bhavish-aggarwal"
"harshil-mathur","Harshil Mathur","Angel / Individual","https://vcdekho.com/funds/harshil-mathur"
"shashank-kumar","Shashank Kumar","Angel / Individual","https://vcdekho.com/funds/shashank-kumar"
"vidit-aatrey","Vidit Aatrey","Angel / Individual","https://vcdekho.com/funds/vidit-aatrey"
"sanjay-sethi","Sanjay Sethi","Angel / Individual","https://vcdekho.com/funds/sanjay-sethi"
"mukesh-bansal","Mukesh Bansal","Angel / Individual","https://vcdekho.com/funds/mukesh-bansal"
"sujeet-kumar","Sujeet Kumar","Angel / Individual","https://vcdekho.com/funds/sujeet-kumar"
"girish-mathrubootham","Girish Mathrubootham","Angel / Individual","https://vcdekho.com/funds/girish-mathrubootham"
"rajan-anandan","Rajan Anandan","Angel / Individual","https://vcdekho.com/funds/rajan-anandan"
"alok-mittal","Alok Mittal","Angel / Individual","https://vcdekho.com/funds/alok-mittal"
"aprameya-radhakrishna","Aprameya Radhakrishna","Angel / Individual","https://vcdekho.com/funds/aprameya-radhakrishna"
"neeraj-arora","Neeraj Arora","Angel / Individual","https://vcdekho.com/funds/neeraj-arora"
"sharad-sharma","Sharad Sharma","Angel / Individual","https://vcdekho.com/funds/sharad-sharma"
"ashish-kashyap","Ashish Kashyap","Angel / Individual","https://vcdekho.com/funds/ashish-kashyap"
"phanindra-sama","Phanindra Sama","Angel / Individual","https://vcdekho.com/funds/phanindra-sama"
"varun-alagh","Varun Alagh","Angel / Individual","https://vcdekho.com/funds/varun-alagh"
"ghazal-alagh","Ghazal Alagh","Angel / Individual","https://vcdekho.com/funds/ghazal-alagh"
"ankur-warikoo","Ankur Warikoo","Angel / Individual","https://vcdekho.com/funds/ankur-warikoo"
"radhika-gupta","Radhika Gupta","Angel / Individual","https://vcdekho.com/funds/radhika-gupta"
"nithin-kamath","Nithin Kamath","Angel / Individual","https://vcdekho.com/funds/nithin-kamath"
"nikhil-kamath","Nikhil Kamath","Angel / Individual","https://vcdekho.com/funds/nikhil-kamath"
"ashneer-grover","Ashneer Grover","Angel / Individual","https://vcdekho.com/funds/ashneer-grover"
"namita-thapar","Namita Thapar","Angel / Individual","https://vcdekho.com/funds/namita-thapar"
"vineeta-singh","Vineeta Singh","Angel / Individual","https://vcdekho.com/funds/vineeta-singh"
"amit-jain","Amit Jain","Angel / Individual","https://vcdekho.com/funds/amit-jain"
"sumeet-arora","Sumeet Arora","Angel / Individual","https://vcdekho.com/funds/sumeet-arora"
"ankit-bhati","Ankit Bhati","Angel / Individual","https://vcdekho.com/funds/ankit-bhati"
"yashish-dahiya","Yashish Dahiya","Angel / Individual","https://vcdekho.com/funds/yashish-dahiya"
"alok-bansal","Alok Bansal","Angel / Individual","https://vcdekho.com/funds/alok-bansal"
"trishneet-arora","Trishneet Arora","Angel / Individual","https://vcdekho.com/funds/trishneet-arora"
"kitven","KITVEN","Venture Capital","https://vcdekho.com/funds/kitven"
"hornbill-capital-advisers","Hornbill Capital Advisers","Venture Capital","https://vcdekho.com/funds/hornbill-capital-advisers"
"helion-venture-partners","Helion Venture Partners","Venture Capital","https://vcdekho.com/funds/helion-venture-partners"
"lightbox-ventures","Lightbox Ventures","Venture Capital","https://vcdekho.com/funds/lightbox-ventures"
"stanford-angels-and-entrepreneurs-india","Stanford Angels & Entrepreneurs India","Syndicate / Network","https://vcdekho.com/funds/stanford-angels-and-entrepreneurs-india"
"iit-bombay-alumni-angels","IIT Bombay Alumni Angels","Syndicate / Network","https://vcdekho.com/funds/iit-bombay-alumni-angels"
"kerala-angels","Kerala Angels","Syndicate / Network","https://vcdekho.com/funds/kerala-angels"
"pune-angels-network","Pune Angels Network","Syndicate / Network","https://vcdekho.com/funds/pune-angels-network"
"chartered-angels-network","Chartered Angels Network","Syndicate / Network","https://vcdekho.com/funds/chartered-angels-network"
"maharashtra-state-innovation-society","Maharashtra State Innovation Society","Accelerator","https://vcdekho.com/funds/maharashtra-state-innovation-society"
"andhra-pradesh-innovation-society","Andhra Pradesh Innovation Society","Accelerator","https://vcdekho.com/funds/andhra-pradesh-innovation-society"
"gujarat-student-startup-innovation-hub-i-hub","Gujarat Student Startup Innovation Hub / i-Hub","Accelerator","https://vcdekho.com/funds/gujarat-student-startup-innovation-hub-i-hub"
"karnataka-innovation-authority-elevate","Karnataka Innovation Authority / Elevate","Accelerator","https://vcdekho.com/funds/karnataka-innovation-authority-elevate"
"tamil-nadu-startup-and-innovation-mission","Tamil Nadu Startup & Innovation Mission","Accelerator","https://vcdekho.com/funds/tamil-nadu-startup-and-innovation-mission"
"odisha-startup-startup-odisha","Odisha Startup / Startup Odisha","Accelerator","https://vcdekho.com/funds/odisha-startup-startup-odisha"
"telangana-tsic-t-hub-related-programs","Telangana TSIC / T-Hub related programs","Accelerator","https://vcdekho.com/funds/telangana-tsic-t-hub-related-programs"
"unitus-ventures","Unitus Ventures","Venture Capital","https://vcdekho.com/funds/unitus-ventures"
"kalyan-krishnamurthy","Kalyan Krishnamurthy","Angel / Individual","https://vcdekho.com/funds/kalyan-krishnamurthy"
"harsh-mariwala","Harsh Mariwala","Angel / Individual","https://vcdekho.com/funds/harsh-mariwala"
"ashni-biyani","Ashni Biyani","Angel / Individual","https://vcdekho.com/funds/ashni-biyani"
"meena-ganesh","Meena Ganesh","Angel / Individual","https://vcdekho.com/funds/meena-ganesh"
"ganesh-krishnan","Ganesh Krishnan","Angel / Individual","https://vcdekho.com/funds/ganesh-krishnan"
"revathi-kant","Revathi Kant","Angel / Individual","https://vcdekho.com/funds/revathi-kant"
"sairee-chahal","Sairee Chahal","Angel / Individual","https://vcdekho.com/funds/sairee-chahal"
"anisha-singh","Anisha Singh","Angel / Individual","https://vcdekho.com/funds/anisha-singh"
"suchi-mukherjee","Suchi Mukherjee","Angel / Individual","https://vcdekho.com/funds/suchi-mukherjee"
"manish-tandon","Manish Tandon","Angel / Individual","https://vcdekho.com/funds/manish-tandon"
"praveen-sinha","Praveen Sinha","Angel / Individual","https://vcdekho.com/funds/praveen-sinha"
"sridhar-vembu","Sridhar Vembu","Angel / Individual","https://vcdekho.com/funds/sridhar-vembu"
"shekhar-kirani","Shekhar Kirani","Angel / Individual","https://vcdekho.com/funds/shekhar-kirani"
"prashanth-prakash","Prashanth Prakash","Angel / Individual","https://vcdekho.com/funds/prashanth-prakash"
"abheek-anand","Abheek Anand","Angel / Individual","https://vcdekho.com/funds/abheek-anand"
"shailendra-singh","Shailendra Singh","Angel / Individual","https://vcdekho.com/funds/shailendra-singh"
"ravi-adusumalli","Ravi Adusumalli","Angel / Individual","https://vcdekho.com/funds/ravi-adusumalli"
"karthik-reddy","Karthik Reddy","Angel / Individual","https://vcdekho.com/funds/karthik-reddy"
"sanjay-nath","Sanjay Nath","Angel / Individual","https://vcdekho.com/funds/sanjay-nath"
"vani-kola","Vani Kola","Angel / Individual","https://vcdekho.com/funds/vani-kola"
"sasha-mirchandani","Sasha Mirchandani","Angel / Individual","https://vcdekho.com/funds/sasha-mirchandani"
"anand-ladsariya","Anand Ladsariya","Angel / Individual","https://vcdekho.com/funds/anand-ladsariya"
"rehan-yahya","Rehan Yahya","Angel / Individual","https://vcdekho.com/funds/rehan-yahya"
"bala-parthasarathy","Bala Parthasarathy","Angel / Individual","https://vcdekho.com/funds/bala-parthasarathy"
"rahul-chandra","Rahul Chandra","Angel / Individual","https://vcdekho.com/funds/rahul-chandra"
"ashish-gupta","Ashish Gupta","Angel / Individual","https://vcdekho.com/funds/ashish-gupta"
"sanjiv-kaul","Sanjiv Kaul","Angel / Individual","https://vcdekho.com/funds/sanjiv-kaul"
"rishad-premji","Rishad Premji","Angel / Individual","https://vcdekho.com/funds/rishad-premji"
"t-v-mohandas-pai","T.V. Mohandas Pai","Angel / Individual","https://vcdekho.com/funds/t-v-mohandas-pai"
"naveen-tewari","Naveen Tewari","Angel / Individual","https://vcdekho.com/funds/naveen-tewari"
"piyush-shah","Piyush Shah","Angel / Individual","https://vcdekho.com/funds/piyush-shah"
"ritesh-arora","Ritesh Arora","Angel / Individual","https://vcdekho.com/funds/ritesh-arora"
"abhinav-asthana","Abhinav Asthana","Angel / Individual","https://vcdekho.com/funds/abhinav-asthana"
"ankit-sobti","Ankit Sobti","Angel / Individual","https://vcdekho.com/funds/ankit-sobti"
"abhijit-kane","Abhijit Kane","Angel / Individual","https://vcdekho.com/funds/abhijit-kane"
"srihari-kumar","Srihari Kumar","Angel / Individual","https://vcdekho.com/funds/srihari-kumar"
"akash-sinha","Akash Sinha","Angel / Individual","https://vcdekho.com/funds/akash-sinha"
"yashwanth-kumar","Yashwanth Kumar","Angel / Individual","https://vcdekho.com/funds/yashwanth-kumar"
"shailesh-rao","Shailesh Rao","Angel / Individual","https://vcdekho.com/funds/shailesh-rao"
"caesar-sengupta","Caesar Sengupta","Angel / Individual","https://vcdekho.com/funds/caesar-sengupta"
"sameer-nigam","Sameer Nigam","Angel / Individual","https://vcdekho.com/funds/sameer-nigam"
"rahul-chari","Rahul Chari","Angel / Individual","https://vcdekho.com/funds/rahul-chari"
"dhruv-sheth","Dhruv Sheth","Angel / Individual","https://vcdekho.com/funds/dhruv-sheth"
"bhavin-turakhia","Bhavin Turakhia","Angel / Individual","https://vcdekho.com/funds/bhavin-turakhia"
"divyank-turakhia","Divyank Turakhia","Angel / Individual","https://vcdekho.com/funds/divyank-turakhia"
"radhakishan-damani","Radhakishan Damani","Angel / Individual","https://vcdekho.com/funds/radhakishan-damani"
"vijay-shekhar-sharma","Vijay Shekhar Sharma","Angel / Individual","https://vcdekho.com/funds/vijay-shekhar-sharma"
"madhur-deora","Madhur Deora","Angel / Individual","https://vcdekho.com/funds/madhur-deora"
"amit-nayyar","Amit Nayyar","Angel / Individual","https://vcdekho.com/funds/amit-nayyar"
"deep-kalra","Deep Kalra","Angel / Individual","https://vcdekho.com/funds/deep-kalra"
"rajesh-magow","Rajesh Magow","Angel / Individual","https://vcdekho.com/funds/rajesh-magow"
"dinesh-agarwal","Dinesh Agarwal","Angel / Individual","https://vcdekho.com/funds/dinesh-agarwal"
"brijesh-agrawal","Brijesh Agrawal","Angel / Individual","https://vcdekho.com/funds/brijesh-agrawal"
"narayana-murthy","Narayana Murthy","Angel / Individual","https://vcdekho.com/funds/narayana-murthy"
"sudha-murty","Sudha Murty","Angel / Individual","https://vcdekho.com/funds/sudha-murty"
"nandan-nilekani","Nandan Nilekani","Angel / Individual","https://vcdekho.com/funds/nandan-nilekani"
"rohini-nilekani","Rohini Nilekani","Angel / Individual","https://vcdekho.com/funds/rohini-nilekani"
"kris-gopalakrishnan","Kris Gopalakrishnan","Angel / Individual","https://vcdekho.com/funds/kris-gopalakrishnan"
"s-d-shibulal","S.D. Shibulal","Angel / Individual","https://vcdekho.com/funds/s-d-shibulal"
"v-balakrishnan","V. Balakrishnan","Angel / Individual","https://vcdekho.com/funds/v-balakrishnan"
"ravi-venkatesan","Ravi Venkatesan","Angel / Individual","https://vcdekho.com/funds/ravi-venkatesan"
"kiran-mazumdar-shaw","Kiran Mazumdar-Shaw","Angel / Individual","https://vcdekho.com/funds/kiran-mazumdar-shaw"
"leena-nair","Leena Nair","Angel / Individual","https://vcdekho.com/funds/leena-nair"
"zia-mody","Zia Mody","Angel / Individual","https://vcdekho.com/funds/zia-mody"
"haresh-chawla","Haresh Chawla","Angel / Individual","https://vcdekho.com/funds/haresh-chawla"
"manish-vij","Manish Vij","Angel / Individual","https://vcdekho.com/funds/manish-vij"
"sandeep-tandon","Sandeep Tandon","Angel / Individual","https://vcdekho.com/funds/sandeep-tandon"
"sunil-kalra","Sunil Kalra","Angel / Individual","https://vcdekho.com/funds/sunil-kalra"
"anil-joshi","Anil Joshi","Angel / Individual","https://vcdekho.com/funds/anil-joshi"
"rishabh-gupta","Rishabh Gupta","Angel / Individual","https://vcdekho.com/funds/rishabh-gupta"
"sanjiv-rangrass","Sanjiv Rangrass","Angel / Individual","https://vcdekho.com/funds/sanjiv-rangrass"
"pushkar-mukewar","Pushkar Mukewar","Angel / Individual","https://vcdekho.com/funds/pushkar-mukewar"
"thirukumaran-nagarajan","Thirukumaran Nagarajan","Angel / Individual","https://vcdekho.com/funds/thirukumaran-nagarajan"
"karthee-vidya","Karthee Vidya","Angel / Individual","https://vcdekho.com/funds/karthee-vidya"
"raghunandan-g","Raghunandan G","Angel / Individual","https://vcdekho.com/funds/raghunandan-g"
"sudhakar-reddy","Sudhakar Reddy","Angel / Individual","https://vcdekho.com/funds/sudhakar-reddy"
"srikanth-iyer","Srikanth Iyer","Angel / Individual","https://vcdekho.com/funds/srikanth-iyer"
"ashish-goel","Ashish Goel","Angel / Individual","https://vcdekho.com/funds/ashish-goel"
"rahul-anand","Rahul Anand","Angel / Individual","https://vcdekho.com/funds/rahul-anand"
"kavin-mittal","Kavin Mittal","Angel / Individual","https://vcdekho.com/funds/kavin-mittal"
"utsav-somani","Utsav Somani","Angel / Individual","https://vcdekho.com/funds/utsav-somani"
"vaibhav-domkundwar","Vaibhav Domkundwar","Angel / Individual","https://vcdekho.com/funds/vaibhav-domkundwar"
"aakrit-vaish","Aakrit Vaish","Angel / Individual","https://vcdekho.com/funds/aakrit-vaish"
"swapan-rajdev","Swapan Rajdev","Angel / Individual","https://vcdekho.com/funds/swapan-rajdev"
"rishi-bharrdwaj","Rishi Bharrdwaj","Angel / Individual","https://vcdekho.com/funds/rishi-bharrdwaj"
"sateesh-andra","Sateesh Andra","Angel / Individual","https://vcdekho.com/funds/sateesh-andra"
"jayesh-parekh","Jayesh Parekh","Angel / Individual","https://vcdekho.com/funds/jayesh-parekh"
"maneesh-bhandari","Maneesh Bhandari","Angel / Individual","https://vcdekho.com/funds/maneesh-bhandari"
"rehan-yar-khan","Rehan Yar Khan","Angel / Individual","https://vcdekho.com/funds/rehan-yar-khan"
"anjali-bansal","Anjali Bansal","Angel / Individual","https://vcdekho.com/funds/anjali-bansal"
"padmaja-ruparel","Padmaja Ruparel","Angel / Individual","https://vcdekho.com/funds/padmaja-ruparel"
"saurabh-srivastava","Saurabh Srivastava","Angel / Individual","https://vcdekho.com/funds/saurabh-srivastava"
"luis-miranda","Luis Miranda","Angel / Individual","https://vcdekho.com/funds/luis-miranda"
"vishal-gondal","Vishal Gondal","Angel / Individual","https://vcdekho.com/funds/vishal-gondal"
"arihant-patni","Arihant Patni","Angel / Individual","https://vcdekho.com/funds/arihant-patni"
"rishabh-mariwala","Rishabh Mariwala","Angel / Individual","https://vcdekho.com/funds/rishabh-mariwala"
"rajiv-mehta","Rajiv Mehta","Angel / Individual","https://vcdekho.com/funds/rajiv-mehta"
"suresh-narayanan","Suresh Narayanan","Angel / Individual","https://vcdekho.com/funds/suresh-narayanan"
"pankaj-jaju","Pankaj Jaju","Angel / Individual","https://vcdekho.com/funds/pankaj-jaju"
"anuj-srivastava","Anuj Srivastava","Angel / Individual","https://vcdekho.com/funds/anuj-srivastava"
"sandeep-aggarwal","Sandeep Aggarwal","Angel / Individual","https://vcdekho.com/funds/sandeep-aggarwal"
"radhika-aggarwal","Radhika Aggarwal","Angel / Individual","https://vcdekho.com/funds/radhika-aggarwal"
"sanjeev-barnwal","Sanjeev Barnwal","Angel / Individual","https://vcdekho.com/funds/sanjeev-barnwal"
"adwaita-nayar","Adwaita Nayar","Angel / Individual","https://vcdekho.com/funds/adwaita-nayar"
"anchit-nayar","Anchit Nayar","Angel / Individual","https://vcdekho.com/funds/anchit-nayar"
"amit-chaudhary","Amit Chaudhary","Angel / Individual","https://vcdekho.com/funds/amit-chaudhary"
"sumeet-vadera","Sumeet Vadera","Angel / Individual","https://vcdekho.com/funds/sumeet-vadera"
"ambareesh-murty","Ambareesh Murty","Angel / Individual","https://vcdekho.com/funds/ambareesh-murty"
"roman-saini","Roman Saini","Angel / Individual","https://vcdekho.com/funds/roman-saini"
"hemesh-singh","Hemesh Singh","Angel / Individual","https://vcdekho.com/funds/hemesh-singh"
"sachin-gupta","Sachin Gupta","Angel / Individual","https://vcdekho.com/funds/sachin-gupta"
"vivek-prakash","Vivek Prakash","Angel / Individual","https://vcdekho.com/funds/vivek-prakash"
"ronnie-screwvala","Ronnie Screwvala","Angel / Individual","https://vcdekho.com/funds/ronnie-screwvala"
"zeeshan-ali-syed","Zeeshan Ali Syed","Angel / Individual","https://vcdekho.com/funds/zeeshan-ali-syed"
"mayank-kumar","Mayank Kumar","Angel / Individual","https://vcdekho.com/funds/mayank-kumar"
"phalgun-kompalli","Phalgun Kompalli","Angel / Individual","https://vcdekho.com/funds/phalgun-kompalli"
"ishan-gupta","Ishan Gupta","Angel / Individual","https://vcdekho.com/funds/ishan-gupta"
"karan-bajwa","Karan Bajwa","Angel / Individual","https://vcdekho.com/funds/karan-bajwa"
"cp-gurnani","CP Gurnani","Angel / Individual","https://vcdekho.com/funds/cp-gurnani"
"vanitha-narayanan","Vanitha Narayanan","Angel / Individual","https://vcdekho.com/funds/vanitha-narayanan"
"kiran-karnik","Kiran Karnik","Angel / Individual","https://vcdekho.com/funds/kiran-karnik"
"anand-mahindra","Anand Mahindra","Angel / Individual","https://vcdekho.com/funds/anand-mahindra"
"vineet-rai","Vineet Rai","Angel / Individual","https://vcdekho.com/funds/vineet-rai"
"chetna-sinha","Chetna Sinha","Angel / Individual","https://vcdekho.com/funds/chetna-sinha"
"nachiket-mor","Nachiket Mor","Angel / Individual","https://vcdekho.com/funds/nachiket-mor"
"roopa-kudva","Roopa Kudva","Angel / Individual","https://vcdekho.com/funds/roopa-kudva"
"k-vaitheeswaran","K. Vaitheeswaran","Angel / Individual","https://vcdekho.com/funds/k-vaitheeswaran"
"ashish-hemrajani","Ashish Hemrajani","Angel / Individual","https://vcdekho.com/funds/ashish-hemrajani"
"parikshit-dar","Parikshit Dar","Angel / Individual","https://vcdekho.com/funds/parikshit-dar"
"kanika-tekriwal","Kanika Tekriwal","Angel / Individual","https://vcdekho.com/funds/kanika-tekriwal"
"richa-kar","Richa Kar","Angel / Individual","https://vcdekho.com/funds/richa-kar"
"shradha-sharma","Shradha Sharma","Angel / Individual","https://vcdekho.com/funds/shradha-sharma"
"mahesh-murthy","Mahesh Murthy","Angel / Individual","https://vcdekho.com/funds/mahesh-murthy"
"d-a-prasanna","D.A. Prasanna","Angel / Individual","https://vcdekho.com/funds/d-a-prasanna"
"ranjan-pai","Ranjan Pai","Angel / Individual","https://vcdekho.com/funds/ranjan-pai"
"devi-shetty","Devi Shetty","Angel / Individual","https://vcdekho.com/funds/devi-shetty"
"anand-deshpande","Anand Deshpande","Angel / Individual","https://vcdekho.com/funds/anand-deshpande"
"suresh-vaswani","Suresh Vaswani","Angel / Individual","https://vcdekho.com/funds/suresh-vaswani"
"som-mittal","Som Mittal","Angel / Individual","https://vcdekho.com/funds/som-mittal"
"ravi-gururaj","Ravi Gururaj","Angel / Individual","https://vcdekho.com/funds/ravi-gururaj"
"avinash-raghava","Avinash Raghava","Angel / Individual","https://vcdekho.com/funds/avinash-raghava"
"suresh-sambandam","Suresh Sambandam","Angel / Individual","https://vcdekho.com/funds/suresh-sambandam"
"shashank-nd","Shashank ND","Angel / Individual","https://vcdekho.com/funds/shashank-nd"
"abhinav-lal","Abhinav Lal","Angel / Individual","https://vcdekho.com/funds/abhinav-lal"
"prashant-tandon","Prashant Tandon","Angel / Individual","https://vcdekho.com/funds/prashant-tandon"
"dharmil-sheth","Dharmil Sheth","Angel / Individual","https://vcdekho.com/funds/dharmil-sheth"
"tushar-vashisht","Tushar Vashisht","Angel / Individual","https://vcdekho.com/funds/tushar-vashisht"
"sachin-shenoy","Sachin Shenoy","Angel / Individual","https://vcdekho.com/funds/sachin-shenoy"
"ankit-nagori","Ankit Nagori","Angel / Individual","https://vcdekho.com/funds/ankit-nagori"
"maninder-gulati","Maninder Gulati","Angel / Individual","https://vcdekho.com/funds/maninder-gulati"
"abhiraj-bhal","Abhiraj Bhal","Angel / Individual","https://vcdekho.com/funds/abhiraj-bhal"
"raghav-chandra","Raghav Chandra","Angel / Individual","https://vcdekho.com/funds/raghav-chandra"
"varun-khaitan","Varun Khaitan","Angel / Individual","https://vcdekho.com/funds/varun-khaitan"
"ninad-karpe","Ninad Karpe","Angel / Individual","https://vcdekho.com/funds/ninad-karpe"
"arjun-vaidya","Arjun Vaidya","Angel / Individual","https://vcdekho.com/funds/arjun-vaidya"
"upasana-taku","Upasana Taku","Angel / Individual","https://vcdekho.com/funds/upasana-taku"
"bipin-preet-singh","Bipin Preet Singh","Angel / Individual","https://vcdekho.com/funds/bipin-preet-singh"
"harshvardhan-lunia","Harshvardhan Lunia","Angel / Individual","https://vcdekho.com/funds/harshvardhan-lunia"
"vishal-mehta","Vishal Mehta","Angel / Individual","https://vcdekho.com/funds/vishal-mehta"
"bhavesh-manglani","Bhavesh Manglani","Angel / Individual","https://vcdekho.com/funds/bhavesh-manglani"
"sahil-barua","Sahil Barua","Angel / Individual","https://vcdekho.com/funds/sahil-barua"
"suraj-saharan","Suraj Saharan","Angel / Individual","https://vcdekho.com/funds/suraj-saharan"
"kapil-bharati","Kapil Bharati","Angel / Individual","https://vcdekho.com/funds/kapil-bharati"
"mohit-kumar","Mohit Kumar","Angel / Individual","https://vcdekho.com/funds/mohit-kumar"
"karan-mohla","Karan Mohla","Angel / Individual","https://vcdekho.com/funds/karan-mohla"
"dheeraj-jain","Dheeraj Jain","Angel / Individual","https://vcdekho.com/funds/dheeraj-jain"
"chaitanya-peddi","Chaitanya Peddi","Angel / Individual","https://vcdekho.com/funds/chaitanya-peddi"
"prashant-pansare","Prashant Pansare","Angel / Individual","https://vcdekho.com/funds/prashant-pansare"
"jagdish-mitra","Jagdish Mitra","Angel / Individual","https://vcdekho.com/funds/jagdish-mitra"
"sanjay-nayar","Sanjay Nayar","Angel / Individual","https://vcdekho.com/funds/sanjay-nayar"
"b-v-r-mohan-reddy","B.V.R. Mohan Reddy","Angel / Individual","https://vcdekho.com/funds/b-v-r-mohan-reddy"
"srini-raju","Srini Raju","Angel / Individual","https://vcdekho.com/funds/srini-raju"
"j-a-chowdary","J.A. Chowdary","Angel / Individual","https://vcdekho.com/funds/j-a-chowdary"
"raju-reddy","Raju Reddy","Angel / Individual","https://vcdekho.com/funds/raju-reddy"
"vivek-raghavan","Vivek Raghavan","Angel / Individual","https://vcdekho.com/funds/vivek-raghavan"
"pramod-varma","Pramod Varma","Angel / Individual","https://vcdekho.com/funds/pramod-varma"
"mekin-maheshwari","Mekin Maheshwari","Angel / Individual","https://vcdekho.com/funds/mekin-maheshwari"
"neeraj-kakkar","Neeraj Kakkar","Angel / Individual","https://vcdekho.com/funds/neeraj-kakkar"
"ananth-narayanan","Ananth Narayanan","Angel / Individual","https://vcdekho.com/funds/ananth-narayanan"
"ashutosh-lawania","Ashutosh Lawania","Angel / Individual","https://vcdekho.com/funds/ashutosh-lawania"
"vineet-saxena","Vineet Saxena","Angel / Individual","https://vcdekho.com/funds/vineet-saxena"
"manish-tiwary","Manish Tiwary","Angel / Individual","https://vcdekho.com/funds/manish-tiwary"
"amit-agarwal","Amit Agarwal","Angel / Individual","https://vcdekho.com/funds/amit-agarwal"
"rishi-navani","Rishi Navani","Angel / Individual","https://vcdekho.com/funds/rishi-navani"
"rahul-khanna","Rahul Khanna","Angel / Individual","https://vcdekho.com/funds/rahul-khanna"
"akhil-gupta","Akhil Gupta","Angel / Individual","https://vcdekho.com/funds/akhil-gupta"
"sandeep-singhal","Sandeep Singhal","Angel / Individual","https://vcdekho.com/funds/sandeep-singhal"
"jishnu-bhattacharjee","Jishnu Bhattacharjee","Angel / Individual","https://vcdekho.com/funds/jishnu-bhattacharjee"
"mohit-bhatnagar","Mohit Bhatnagar","Angel / Individual","https://vcdekho.com/funds/mohit-bhatnagar"
"sumir-chadha","Sumir Chadha","Angel / Individual","https://vcdekho.com/funds/sumir-chadha"
"farhad-forbes","Farhad Forbes","Angel / Individual","https://vcdekho.com/funds/farhad-forbes"
"shivakumar","Shivakumar","Angel / Individual","https://vcdekho.com/funds/shivakumar"
"manu-jain","Manu Jain","Angel / Individual","https://vcdekho.com/funds/manu-jain"
"pranay-chulet","Pranay Chulet","Angel / Individual","https://vcdekho.com/funds/pranay-chulet"
"rajat-agarwal","Rajat Agarwal","Angel / Individual","https://vcdekho.com/funds/rajat-agarwal"
"farid-ahsan","Farid Ahsan","Angel / Individual","https://vcdekho.com/funds/farid-ahsan"
"ankush-sachdeva","Ankush Sachdeva","Angel / Individual","https://vcdekho.com/funds/ankush-sachdeva"
"bhanu-pratap-singh","Bhanu Pratap Singh","Angel / Individual","https://vcdekho.com/funds/bhanu-pratap-singh"
"apoorva-goyal","Apoorva Goyal","Angel / Individual","https://vcdekho.com/funds/apoorva-goyal"
"akshay-bk","Akshay BK","Angel / Individual","https://vcdekho.com/funds/akshay-bk"
"vivek-gupta","Vivek Gupta","Angel / Individual","https://vcdekho.com/funds/vivek-gupta"
"abhay-hanjura","Abhay Hanjura","Angel / Individual","https://vcdekho.com/funds/abhay-hanjura"
"saurabh-kumar","Saurabh Kumar","Angel / Individual","https://vcdekho.com/funds/saurabh-kumar"
"nitin-gupta","Nitin Gupta","Angel / Individual","https://vcdekho.com/funds/nitin-gupta"
"ashish-choudhary","Ashish Choudhary","Angel / Individual","https://vcdekho.com/funds/ashish-choudhary"
"meher-pudumjee","Meher Pudumjee","Angel / Individual","https://vcdekho.com/funds/meher-pudumjee"
"rati-forbes","Rati Forbes","Angel / Individual","https://vcdekho.com/funds/rati-forbes"
"swati-piramal","Swati Piramal","Angel / Individual","https://vcdekho.com/funds/swati-piramal"
"ajay-piramal","Ajay Piramal","Angel / Individual","https://vcdekho.com/funds/ajay-piramal"
"ms-dhoni","MS Dhoni","Angel / Individual","https://vcdekho.com/funds/ms-dhoni"
"avaana-capital","Avaana Capital","Venture Capital","https://vcdekho.com/funds/avaana-capital"
"nabventures","NABVENTURES","Venture Capital","https://vcdekho.com/funds/nabventures"
"seedfund","Seedfund","Venture Capital","https://vcdekho.com/funds/seedfund"
"infuse-ventures","Infuse Ventures","Venture Capital","https://vcdekho.com/funds/infuse-ventures"
"asha-impact","Asha Impact","Venture Capital","https://vcdekho.com/funds/asha-impact"
"circulate-capital","Circulate Capital","Venture Capital","https://vcdekho.com/funds/circulate-capital"
"amicus-capital","Amicus Capital","Venture Capital","https://vcdekho.com/funds/amicus-capital"
"zodius-capital","Zodius Capital","Venture Capital","https://vcdekho.com/funds/zodius-capital"
"know3-ventures","Know3 Ventures","Venture Capital","https://vcdekho.com/funds/know3-ventures"
"astir-ventures","Astir Ventures","Venture Capital","https://vcdekho.com/funds/astir-ventures"
"locomotive-ventures","Locomotive Ventures","Venture Capital","https://vcdekho.com/funds/locomotive-ventures"
"soonicorn-club-ventures","Soonicorn Club Ventures","Venture Capital","https://vcdekho.com/funds/soonicorn-club-ventures"
"beej-capital","Beej Capital","Venture Capital","https://vcdekho.com/funds/beej-capital"
"encubay-ventures","Encubay Ventures","Venture Capital","https://vcdekho.com/funds/encubay-ventures"
"india-alternatives","India Alternatives","Venture Capital","https://vcdekho.com/funds/india-alternatives"
"systemiq-capital","Systemiq Capital","Venture Capital","https://vcdekho.com/funds/systemiq-capital"
"unltd-india","UnLtd India","Accelerator","https://vcdekho.com/funds/unltd-india"
"headstart-network-foundation","Headstart Network Foundation","Accelerator","https://vcdekho.com/funds/headstart-network-foundation"
"c-camp","C-CAMP","Accelerator","https://vcdekho.com/funds/c-camp"
"birac","BIRAC","Government Grant","https://vcdekho.com/funds/birac"
"ikp-knowledge-park","IKP Knowledge Park","Accelerator","https://vcdekho.com/funds/ikp-knowledge-park"
"a-idea-naarm","a-IDEA NAARM","Accelerator","https://vcdekho.com/funds/a-idea-naarm"
"pusa-krishi","Pusa Krishi","Accelerator","https://vcdekho.com/funds/pusa-krishi"
"agri-udaan","Agri Udaan","Accelerator","https://vcdekho.com/funds/agri-udaan"
"nabi-mohali","NABI Mohali","Accelerator","https://vcdekho.com/funds/nabi-mohali"
"electropreneur-park","Electropreneur Park","Accelerator","https://vcdekho.com/funds/electropreneur-park"
"stpi-centres-of-entrepreneurship","STPI Centres of Entrepreneurship","Accelerator","https://vcdekho.com/funds/stpi-centres-of-entrepreneurship"
"idex","iDEX","Government Grant","https://vcdekho.com/funds/idex"
"t-works","T-Works","Accelerator","https://vcdekho.com/funds/t-works"
"cisco-launchpad","Cisco LaunchPad","Accelerator","https://vcdekho.com/funds/cisco-launchpad"
"sap-io-foundry-india","SAP.iO Foundry India","Accelerator","https://vcdekho.com/funds/sap-io-foundry-india"
"google-for-startups-accelerator-india","Google for Startups Accelerator India","Accelerator","https://vcdekho.com/funds/google-for-startups-accelerator-india"
"microsoft-for-startups-india","Microsoft for Startups India","Accelerator","https://vcdekho.com/funds/microsoft-for-startups-india"
"aws-activate-india","AWS Activate India","Accelerator","https://vcdekho.com/funds/aws-activate-india"
"nvidia-inception","NVIDIA Inception","Accelerator","https://vcdekho.com/funds/nvidia-inception"
"yes-fintech","Yes Fintech","Accelerator","https://vcdekho.com/funds/yes-fintech"
"tie-scaleup","TiE ScaleUp","Accelerator","https://vcdekho.com/funds/tie-scaleup"
"tie-nurture","TiE Nurture","Accelerator","https://vcdekho.com/funds/tie-nurture"
"founders-institute-bangalore","Founders Institute Bangalore","Accelerator","https://vcdekho.com/funds/founders-institute-bangalore"
"founders-institute-hyderabad","Founders Institute Hyderabad","Accelerator","https://vcdekho.com/funds/founders-institute-hyderabad"
"founders-institute-mumbai","Founders Institute Mumbai","Accelerator","https://vcdekho.com/funds/founders-institute-mumbai"
"iisc-sid","IISc SID","Accelerator","https://vcdekho.com/funds/iisc-sid"
"iit-hyderabad-i-tic","IIT Hyderabad i-TIC","Accelerator","https://vcdekho.com/funds/iit-hyderabad-i-tic"
"iit-guwahati-technology-incubation-centre","IIT Guwahati Technology Incubation Centre","Accelerator","https://vcdekho.com/funds/iit-guwahati-technology-incubation-centre"
"iit-ropar-incubation-foundation","IIT Ropar Incubation Foundation","Accelerator","https://vcdekho.com/funds/iit-ropar-incubation-foundation"
"iit-mandi-catalyst","IIT Mandi Catalyst","Accelerator","https://vcdekho.com/funds/iit-mandi-catalyst"
"iit-indore-innovation","IIT Indore Innovation","Accelerator","https://vcdekho.com/funds/iit-indore-innovation"
"iit-bhubaneswar-research-and-entrepreneurship-park","IIT Bhubaneswar Research & Entrepreneurship Park","Accelerator","https://vcdekho.com/funds/iit-bhubaneswar-research-and-entrepreneurship-park"
"iit-roorkee-tides","IIT Roorkee TIDES","Accelerator","https://vcdekho.com/funds/iit-roorkee-tides"
"nitk-step","NITK STEP","Accelerator","https://vcdekho.com/funds/nitk-step"
"nit-trichy-tbi","NIT Trichy TBI","Accelerator","https://vcdekho.com/funds/nit-trichy-tbi"
"bits-pilani-tbi","BITS Pilani TBI","Accelerator","https://vcdekho.com/funds/bits-pilani-tbi"
"amrita-tbi","Amrita TBI","Accelerator","https://vcdekho.com/funds/amrita-tbi"
"vit-tbi","VIT-TBI","Accelerator","https://vcdekho.com/funds/vit-tbi"
"srm-innovation-incubation-centre","SRM Innovation Incubation Centre","Accelerator","https://vcdekho.com/funds/srm-innovation-incubation-centre"
"iim-lucknow-enterprise-incubator","IIM Lucknow Enterprise Incubator","Accelerator","https://vcdekho.com/funds/iim-lucknow-enterprise-incubator"
"iim-kozhikode-live","IIM Kozhikode LIVE","Accelerator","https://vcdekho.com/funds/iim-kozhikode-live"
"icreate","iCreate","Accelerator","https://vcdekho.com/funds/icreate"
"deshpande-startups","Deshpande Startups","Accelerator","https://vcdekho.com/funds/deshpande-startups"
"startup-punjab","Startup Punjab","Accelerator","https://vcdekho.com/funds/startup-punjab"
"startup-haryana","Startup Haryana","Accelerator","https://vcdekho.com/funds/startup-haryana"
"meity-tide-2-0","MeitY TIDE 2.0","Government Grant","https://vcdekho.com/funds/meity-tide-2-0"
"rtbi-iit-madras","RTBI IIT Madras","Accelerator","https://vcdekho.com/funds/rtbi-iit-madras"
"dasra","Dasra","Accelerator","https://vcdekho.com/funds/dasra"
"acumen-academy-india","Acumen Academy India","Accelerator","https://vcdekho.com/funds/acumen-academy-india"
"intellecap","Intellecap","Accelerator","https://vcdekho.com/funds/intellecap"
"nasscom-coe-fintech","NASSCOM CoE Fintech","Accelerator","https://vcdekho.com/funds/nasscom-coe-fintech"
"nasscom-coe-iot-and-ai","NASSCOM CoE IoT & AI","Accelerator","https://vcdekho.com/funds/nasscom-coe-iot-and-ai"
"razorpay-rize","Razorpay Rize","Accelerator","https://vcdekho.com/funds/razorpay-rize"
"mahindra-sparkle","Mahindra Sparkle","Accelerator","https://vcdekho.com/funds/mahindra-sparkle"
"plaksha-university-launchpad","Plaksha University Launchpad","Accelerator","https://vcdekho.com/funds/plaksha-university-launchpad"
"ashoka-university-entrepreneurship","Ashoka University Entrepreneurship","Accelerator","https://vcdekho.com/funds/ashoka-university-entrepreneurship"
"aic-banasthali","AIC Banasthali","Accelerator","https://vcdekho.com/funds/aic-banasthali"
"aic-nitte","AIC NITTE","Accelerator","https://vcdekho.com/funds/aic-nitte"
"manipal-universal-tbi","Manipal Universal TBI","Accelerator","https://vcdekho.com/funds/manipal-universal-tbi"
"genome-valley-bio-incubators","Genome Valley Bio Incubators","Accelerator","https://vcdekho.com/funds/genome-valley-bio-incubators"
"rkvy-raftaar-incubators","RKVY-RAFTAAR Incubators","Accelerator","https://vcdekho.com/funds/rkvy-raftaar-incubators"
"goa-startup-mission","Goa Startup Mission","Accelerator","https://vcdekho.com/funds/goa-startup-mission"
"startup-madhya-pradesh","Startup Madhya Pradesh","Accelerator","https://vcdekho.com/funds/startup-madhya-pradesh"
"startup-jharkhand","Startup Jharkhand","Accelerator","https://vcdekho.com/funds/startup-jharkhand"
"bihar-startup-fund-programs","Bihar Startup Fund programs","Accelerator","https://vcdekho.com/funds/bihar-startup-fund-programs"
"startup-himachal","Startup Himachal","Accelerator","https://vcdekho.com/funds/startup-himachal"
"startup-j-and-k","Startup J&K","Accelerator","https://vcdekho.com/funds/startup-j-and-k"
"chhattisgarh-startup","Chhattisgarh Startup","Accelerator","https://vcdekho.com/funds/chhattisgarh-startup"
"village-capital-india","Village Capital India","Accelerator","https://vcdekho.com/funds/village-capital-india"
"bosch-startup-harbor-india","Bosch Startup Harbor India","Accelerator","https://vcdekho.com/funds/bosch-startup-harbor-india"
"intel-india-ignite","Intel India Ignite","Accelerator","https://vcdekho.com/funds/intel-india-ignite"
"qualcomm-design-in-india-startup","Qualcomm Design in India Startup","Accelerator","https://vcdekho.com/funds/qualcomm-design-in-india-startup"
"cashfree-for-startups","Cashfree for Startups","Accelerator","https://vcdekho.com/funds/cashfree-for-startups"
"021-capital","021 Capital","Venture Capital","https://vcdekho.com/funds/021-capital"
"108-capital","108 Capital","Venture Capital","https://vcdekho.com/funds/108-capital"
"77-east-ventures","77 East Ventures","Venture Capital","https://vcdekho.com/funds/77-east-ventures"
"888-vc","888 VC","Accelerator","https://vcdekho.com/funds/888-vc"
"aagama-ventures","Aagama Ventures","Venture Capital","https://vcdekho.com/funds/aagama-ventures"
"advantedge","Advantedge","Venture Capital","https://vcdekho.com/funds/advantedge"
"allvest","Allvest","Private Equity","https://vcdekho.com/funds/allvest"
"alyxis-ventures","Alyxis Ventures","Venture Capital","https://vcdekho.com/funds/alyxis-ventures"
"asha-ventures","Asha Ventures","Venture Capital","https://vcdekho.com/funds/asha-ventures"
"audacity-ventures","Audacity Ventures","Venture Capital","https://vcdekho.com/funds/audacity-ventures"
"audten-capital","AudTen Capital","Venture Capital","https://vcdekho.com/funds/audten-capital"
"avatar-growth-capital","Avatar Growth Capital","Private Equity","https://vcdekho.com/funds/avatar-growth-capital"
"beams-vc","Beams VC","Venture Capital","https://vcdekho.com/funds/beams-vc"
"beyondseed","BeyondSeed","Angel / Individual","https://vcdekho.com/funds/beyondseed"
"breathe-capital","Breathe Capital","Venture Capital","https://vcdekho.com/funds/breathe-capital"
"capitar-ventures","Capitar Ventures","Venture Capital","https://vcdekho.com/funds/capitar-ventures"
"cdm-capital","CDM Capital","Venture Capital","https://vcdekho.com/funds/cdm-capital"
"chakra-fund","Chakra Fund","Venture Capital","https://vcdekho.com/funds/chakra-fund"
"cogniphy","Cogniphy","Angel / Individual","https://vcdekho.com/funds/cogniphy"
"consumerx-ventures","ConsumerX Ventures","Venture Capital","https://vcdekho.com/funds/consumerx-ventures"
"dezerv","Dezerv","Venture Capital","https://vcdekho.com/funds/dezerv"
"disruption-fund","Disruption Fund","Venture Capital","https://vcdekho.com/funds/disruption-fund"
"ekamya","Ekamya","Venture Capital","https://vcdekho.com/funds/ekamya"
"equanimity-ventures","Equanimity Ventures","Venture Capital","https://vcdekho.com/funds/equanimity-ventures"
"equentis","Equentis","Angel / Individual","https://vcdekho.com/funds/equentis"
"equirus-ventures","Equirus Ventures","Venture Capital","https://vcdekho.com/funds/equirus-ventures"
"faering-capital","Faering Capital","Private Equity","https://vcdekho.com/funds/faering-capital"
"fbc-fund","FBC Fund","Venture Capital","https://vcdekho.com/funds/fbc-fund"
"first-and-fast-capital","First and Fast Capital","Venture Capital","https://vcdekho.com/funds/first-and-fast-capital"
"first-assetz","First Assetz","Venture Capital","https://vcdekho.com/funds/first-assetz"
"firstport-capital","FirstPort Capital","Venture Capital","https://vcdekho.com/funds/firstport-capital"
"fundalogical-ventures","Fundalogical Ventures","Venture Capital","https://vcdekho.com/funds/fundalogical-ventures"
"fundamental-ventures","Fundamental Ventures","Venture Capital","https://vcdekho.com/funds/fundamental-ventures"
"getfive","GetFive","Venture Capital","https://vcdekho.com/funds/getfive"
"gnan-circle","Gnan Circle","Venture Capital","https://vcdekho.com/funds/gnan-circle"
"green-marble-vc","Green Marble VC","Venture Capital","https://vcdekho.com/funds/green-marble-vc"
"growthally-capital","GrowthAlly Capital","Venture Capital","https://vcdekho.com/funds/growthally-capital"
"hegd-investments","Hegd Investments","Private Equity","https://vcdekho.com/funds/hegd-investments"
"ikp-venture","IKP Venture","Venture Capital","https://vcdekho.com/funds/ikp-venture"
"incred-ventures","InCred Ventures","Angel / Individual","https://vcdekho.com/funds/incred-ventures"
"incube8-ventures","Incube8 Ventures","Venture Capital","https://vcdekho.com/funds/incube8-ventures"
"induckt-vc","Induckt VC","Venture Capital","https://vcdekho.com/funds/induckt-vc"
"indusbridge-ventures","Indusbridge Ventures","Venture Capital","https://vcdekho.com/funds/indusbridge-ventures"
"infinyte-club","Infinyte Club","Angel / Individual","https://vcdekho.com/funds/infinyte-club"
"ixp-lifesciences","IXP Lifesciences","Venture Capital","https://vcdekho.com/funds/ixp-lifesciences"
"j4s-alliance","J4S Alliance","Venture Capital","https://vcdekho.com/funds/j4s-alliance"
"jamwant-ventures","Jamwant Ventures","Venture Capital","https://vcdekho.com/funds/jamwant-ventures"
"lavni-ventures","Lavni Ventures","Venture Capital","https://vcdekho.com/funds/lavni-ventures"
"longview-ventures","LongView Ventures","Venture Capital","https://vcdekho.com/funds/longview-ventures"
"makia-capital","Makia Capital","Venture Capital","https://vcdekho.com/funds/makia-capital"
"mela-ventures","Mela Ventures","Venture Capital","https://vcdekho.com/funds/mela-ventures"
"merisis-ventures","Merisis Ventures","Venture Capital","https://vcdekho.com/funds/merisis-ventures"
"morphosis-ventures","Morphosis Ventures","Venture Capital","https://vcdekho.com/funds/morphosis-ventures"
"navam-capital","Navam Capital","Venture Capital","https://vcdekho.com/funds/navam-capital"
"naya-ventures","Naya Ventures","Venture Capital","https://vcdekho.com/funds/naya-ventures"
"negen-capital","Negen Capital","Angel / Individual","https://vcdekho.com/funds/negen-capital"
"new-leaf","New Leaf","Venture Capital","https://vcdekho.com/funds/new-leaf"
"nilacap","NilaCap","Venture Capital","https://vcdekho.com/funds/nilacap"
"onepoint44","OnePoint44","Venture Capital","https://vcdekho.com/funds/onepoint44"
"paniit-alumni","PanIIT Alumni","Venture Capital","https://vcdekho.com/funds/paniit-alumni"
"pangram-ventures","Pangram Ventures","Venture Capital","https://vcdekho.com/funds/pangram-ventures"
"paragon-partners","Paragon Partners","Private Equity","https://vcdekho.com/funds/paragon-partners"
"perpetuity","Perpetuity","Angel / Individual","https://vcdekho.com/funds/perpetuity"
"phi-capital","Phi Capital","Venture Capital","https://vcdekho.com/funds/phi-capital"
"pivot-ventures","Pivot Ventures","Venture Capital","https://vcdekho.com/funds/pivot-ventures"
"prana-ventures","Prana Ventures","Venture Capital","https://vcdekho.com/funds/prana-ventures"
"refex-capital","Refex Capital","Venture Capital","https://vcdekho.com/funds/refex-capital"
"revanta-capital","Revanta Capital","Private Equity","https://vcdekho.com/funds/revanta-capital"
"rockstud-capital","Rockstud Capital","Venture Capital","https://vcdekho.com/funds/rockstud-capital"
"roots-ventures","Roots Ventures","Venture Capital","https://vcdekho.com/funds/roots-ventures"
"roving-partners","Roving Partners","Venture Capital","https://vcdekho.com/funds/roving-partners"
"silver-needle","Silver Needle","Venture Capital","https://vcdekho.com/funds/silver-needle"
"sistema-asia-fund","Sistema Asia Fund","Venture Capital","https://vcdekho.com/funds/sistema-asia-fund"
"small-ticket-funding","Small Ticket Funding","Venture Capital","https://vcdekho.com/funds/small-ticket-funding"
"soonicorn-ventures","Soonicorn Ventures","Angel / Individual","https://vcdekho.com/funds/soonicorn-ventures"
"startup-o","Startup-O","Venture Capital","https://vcdekho.com/funds/startup-o"
"sucseed-indovation","SucSEED Indovation","Venture Capital","https://vcdekho.com/funds/sucseed-indovation"
"swishin-ventures","Swishin Ventures","Venture Capital","https://vcdekho.com/funds/swishin-ventures"
"takshil-ventures","Takshil Ventures","Venture Capital","https://vcdekho.com/funds/takshil-ventures"
"tavasya-capital","Tavasya Capital","Venture Capital","https://vcdekho.com/funds/tavasya-capital"
"tenacity-ventures","Tenacity Ventures","Venture Capital","https://vcdekho.com/funds/tenacity-ventures"
"thinkuvate","Thinkuvate","Venture Capital","https://vcdekho.com/funds/thinkuvate"
"tilt-capital","Tilt Capital","Venture Capital","https://vcdekho.com/funds/tilt-capital"
"transcon-capital","TransCon Capital","Venture Capital","https://vcdekho.com/funds/transcon-capital"
"transition-vc","Transition VC","Angel / Individual","https://vcdekho.com/funds/transition-vc"
"tryrock-capital","Tryrock Capital","Venture Capital","https://vcdekho.com/funds/tryrock-capital"
"v-cube-ventures","V-Cube Ventures","Venture Capital","https://vcdekho.com/funds/v-cube-ventures"
"valleynxt-ventures","ValleyNXT Ventures","Venture Capital","https://vcdekho.com/funds/valleynxt-ventures"
"ventana-ventures","Ventana Ventures","Venture Capital","https://vcdekho.com/funds/ventana-ventures"
"venture-gurukool","Venture Gurukool","Venture Capital","https://vcdekho.com/funds/venture-gurukool"
"vincere-partners","Vincere Partners","Private Equity","https://vcdekho.com/funds/vincere-partners"
"w-health-ventures","W Health Ventures","Venture Capital","https://vcdekho.com/funds/w-health-ventures"
"white-whale","White Whale","Venture Capital","https://vcdekho.com/funds/white-whale"
"wisdom-smith-angels","Wisdom Smith Angels","Angel / Individual","https://vcdekho.com/funds/wisdom-smith-angels"
"startup-india-seed-fund-scheme-sisfs","Startup India Seed Fund Scheme (SISFS)","Government Grant","https://vcdekho.com/funds/startup-india-seed-fund-scheme-sisfs"
"meity-samridh","MeitY SAMRIDH","Government Grant","https://vcdekho.com/funds/meity-samridh"
"nidhi-eir","NIDHI-EIR","Government Grant","https://vcdekho.com/funds/nidhi-eir"
"nidhi-seed-support-programme-ssp","NIDHI Seed Support Programme (SSP)","Government Grant","https://vcdekho.com/funds/nidhi-seed-support-programme-ssp"
"birac-seed-fund","BIRAC SEED Fund","Government Grant","https://vcdekho.com/funds/birac-seed-fund"
"karnataka-elevate","Karnataka ELEVATE","Government Grant","https://vcdekho.com/funds/karnataka-elevate"
"tanseed-startuptn","TANSEED (StartupTN)","Government Grant","https://vcdekho.com/funds/tanseed-startuptn"
"msins-seed-fund-maharashtra","MSInS Seed Fund (Maharashtra)","Government Grant","https://vcdekho.com/funds/msins-seed-fund-maharashtra"
"gujarat-ssip-2-0","Gujarat SSIP 2.0","Government Grant","https://vcdekho.com/funds/gujarat-ssip-2-0"
"in-space-seed-fund-scheme","IN-SPACe Seed Fund Scheme","Government Grant","https://vcdekho.com/funds/in-space-seed-fund-scheme"
"haryana-seed-grant-startup-haryana","Haryana Seed Grant (Startup Haryana)","Government Grant","https://vcdekho.com/funds/haryana-seed-grant-startup-haryana"
"goa-seed-capital-grant","Goa Seed Capital Grant","Government Grant","https://vcdekho.com/funds/goa-seed-capital-grant"
"punjab-seed-grant","Punjab Seed Grant","Government Grant","https://vcdekho.com/funds/punjab-seed-grant"
"startup-odisha-product-development-assistance","Startup Odisha Product Development Assistance","Government Grant","https://vcdekho.com/funds/startup-odisha-product-development-assistance"
"jharkhand-startup-prototype-grant","Jharkhand Startup Prototype Grant","Government Grant","https://vcdekho.com/funds/jharkhand-startup-prototype-grant"
"bihar-seed-grant","Bihar Seed Grant","Government Grant","https://vcdekho.com/funds/bihar-seed-grant"
"up-startup-policy-seed-support","UP Startup Policy Seed Support","Government Grant","https://vcdekho.com/funds/up-startup-policy-seed-support"
"him-startup-yojana-himachal-pradesh","HIM Startup Yojana (Himachal Pradesh)","Government Grant","https://vcdekho.com/funds/him-startup-yojana-himachal-pradesh"
"istart-rajasthan-seed-fund","iStart Rajasthan Seed Fund","Government Grant","https://vcdekho.com/funds/istart-rajasthan-seed-fund"
"mp-investment-assistance-grant","MP Investment Assistance Grant","Government Grant","https://vcdekho.com/funds/mp-investment-assistance-grant"
"battery-ventures","Battery Ventures","Venture Capital","https://vcdekho.com/funds/battery-ventures"
"felicis","Felicis","Venture Capital","https://vcdekho.com/funds/felicis"
"foundation-capital","Foundation Capital","Venture Capital","https://vcdekho.com/funds/foundation-capital"
"granite-asia","Granite Asia","Venture Capital","https://vcdekho.com/funds/granite-asia"
"canaan-partners","Canaan Partners","Venture Capital","https://vcdekho.com/funds/canaan-partners"
"wtfund","WTFund","Accelerator","https://vcdekho.com/funds/wtfund"