slug,name,company,url
"shreya","Shreya","Unicorn India Ventures","https://vcdekho.com/investors/shreya"
"shivam","Shivam","Peaceful Progress","https://vcdekho.com/investors/shivam"
"darshan","Darshan","Sun Icon Ventures","https://vcdekho.com/investors/darshan"
"siddhartha","Siddhartha","Neon Fund","https://vcdekho.com/investors/siddhartha"
"hemant","Hemant","Pentathlon Ventures","https://vcdekho.com/investors/hemant"
"adith","Adith","Gemba Capital","https://vcdekho.com/investors/adith"
"alka","Alka","Alkemi Growth Capital","https://vcdekho.com/investors/alka"
"sunil","Sunil","WEIN Capital","https://vcdekho.com/investors/sunil"
"yogesh","Yogesh","Warmup Ventures","https://vcdekho.com/investors/yogesh"
"paula","Paula","Aureolis Ventures","https://vcdekho.com/investors/paula"
"vijay","Vijay","Mapleblock Capital","https://vcdekho.com/investors/vijay"
"gaurav","Gaurav","JSW Ventures","https://vcdekho.com/investors/gaurav"
"swati","Swati","Sixth Sense Ventures","https://vcdekho.com/investors/swati"
"mira","Mira","VeritasX","https://vcdekho.com/investors/mira"
"alok","Alok","VeritasX","https://vcdekho.com/investors/alok"
"rajeev","Rajeev","BlueGreen Ventures","https://vcdekho.com/investors/rajeev"
"ansh","Ansh","Disruptors Capital","https://vcdekho.com/investors/ansh"
"saloni","Saloni","Sun Icon Ventures","https://vcdekho.com/investors/saloni"
"govind","Govind","8X Ventures","https://vcdekho.com/investors/govind"
"sirish","Sirish","Silverneedle Ventures","https://vcdekho.com/investors/sirish"
"dr-nita","Dr. Nita","Silverneedle Ventures","https://vcdekho.com/investors/dr-nita"
"subramanian","Subramanian","Silverneedle Ventures","https://vcdekho.com/investors/subramanian"
"renuka","Renuka","Silverneedle Ventures","https://vcdekho.com/investors/renuka"
"gurmeet-singh","Gurmeet Singh","Precog Innovation Partners","https://vcdekho.com/investors/gurmeet-singh"
"mukul","Mukul","Precog Innovation Partners","https://vcdekho.com/investors/mukul"
"siddharth","Siddharth","growX ventures","https://vcdekho.com/investors/siddharth"
"ketan","Ketan","YourNest Venture Capital","https://vcdekho.com/investors/ketan"
"mohit","Mohit","YourNest Venture Capital","https://vcdekho.com/investors/mohit"
"siddhartha-2","Siddhartha","Venture Catalysts | India's First Integrated Incubator","https://vcdekho.com/investors/siddhartha-2"
"yash","Yash","Venture Catalysts | India's First Integrated Incubator","https://vcdekho.com/investors/yash"
"pravesh","Pravesh","Venture Catalysts | India's First Integrated Incubator","https://vcdekho.com/investors/pravesh"
"deepika","Deepika","Sangam Ventures","https://vcdekho.com/investors/deepika"
"akshay","Akshay","Vitanova Ventures","https://vcdekho.com/investors/akshay"
"rohit","Rohit","Arali Ventures","https://vcdekho.com/investors/rohit"
"robin-alex","Robin Alex","Unicorn India Ventures","https://vcdekho.com/investors/robin-alex"
"hemendra","Hemendra","Bharat Innovation Fund","https://vcdekho.com/investors/hemendra"
"nagarajan","Nagarajan","Omnivore","https://vcdekho.com/investors/nagarajan"
"kavi","Kavi","Faad Network","https://vcdekho.com/investors/kavi"
"ajit","Ajit","Elevar Equity","https://vcdekho.com/investors/ajit"
"prashant","Prashant","RealTime (RTAF)","https://vcdekho.com/investors/prashant"
"rakhee","Rakhee","RealTime (RTAF)","https://vcdekho.com/investors/rakhee"
"sundeep","Sundeep","Elev8 Venture Partners","https://vcdekho.com/investors/sundeep"
"dhruv","Dhruv","India Accelerator","https://vcdekho.com/investors/dhruv"
"premananth","Premananth","Enlighten Angel Fund","https://vcdekho.com/investors/premananth"
"sheetal","Sheetal","Indian Angel Network","https://vcdekho.com/investors/sheetal"
"matt","Matt","Trifecta Capital","https://vcdekho.com/investors/matt"
"rajesh","Rajesh","Warmup Ventures","https://vcdekho.com/investors/rajesh"
"venkatraman","Venkatraman","We Founder Circle","https://vcdekho.com/investors/venkatraman"
"amit","Amit","We Founder Circle","https://vcdekho.com/investors/amit"
"arjun-s","Arjun S","We Founder Circle","https://vcdekho.com/investors/arjun-s"
"anuj","Anuj","We Founder Circle","https://vcdekho.com/investors/anuj"
"arvind","Arvind","Kathyawad Ventures","https://vcdekho.com/investors/arvind"
"amardeep","AMARDEEP","100Unicorns","https://vcdekho.com/investors/amardeep"
"shiwam","Shiwam","Peaceful Progress","https://vcdekho.com/investors/shiwam"
"vivek","Vivek","Lightspeed","https://vcdekho.com/investors/vivek"
"nishant","Nishant","Next Star Venture Capital LLP","https://vcdekho.com/investors/nishant"
"anirudh-a-d","Anirudh A D.","Artha Venture Fund","https://vcdekho.com/investors/anirudh-a-d"
"venkatesh-kempalingaiah","Venkatesh Kempalingaiah","Aarin Capital","https://vcdekho.com/investors/venkatesh-kempalingaiah"
"sheetal-unadkat-bhat","Sheetal Unadkat Bhat","Catamaran","https://vcdekho.com/investors/sheetal-unadkat-bhat"
"deepak-padaki","Deepak Padaki","Catamaran","https://vcdekho.com/investors/deepak-padaki"
"saravanan-nattanmai","Saravanan Nattanmai","Premji Invest","https://vcdekho.com/investors/saravanan-nattanmai"
"prakash-chellam","Prakash Chellam","Premji Invest","https://vcdekho.com/investors/prakash-chellam"
"kaveesh-chawla","Kaveesh Chawla","Premji Invest","https://vcdekho.com/investors/kaveesh-chawla"
"ganesh-kc","Ganesh KC","Pratithi Investments","https://vcdekho.com/investors/ganesh-kc"
"sheeba-d-mello","Sheeba D'Mello","Pratithi Investments","https://vcdekho.com/investors/sheeba-d-mello"
"rishabh-mariwala","Rishabh Mariwala","Kaya Limited","https://vcdekho.com/investors/rishabh-mariwala"
"divya-gupta","Divya Gupta","Sharrp Ventures | Harsh Mariwala Investment Office","https://vcdekho.com/investors/divya-gupta"
"leena-dandekar","Leena Dandekar","Raintree Foundation","https://vcdekho.com/investors/leena-dandekar"
"abha-dandekar","Abha Dandekar","Elephant In The Room Consulting","https://vcdekho.com/investors/abha-dandekar"
"shivani-kadu","Shivani Kadu","Spectrum Impact","https://vcdekho.com/investors/shivani-kadu"
"abhishek-sambangi-cfa","Abhishek Sambangi, CFA","Reddy Ventures","https://vcdekho.com/investors/abhishek-sambangi-cfa"
"sanjay-g-v-reddy","Sanjay G V Reddy","Jivi AI","https://vcdekho.com/investors/sanjay-g-v-reddy"
"hershel-mehta","Hershel Mehta","2am VC","https://vcdekho.com/investors/hershel-mehta"
"smeet-mehta","Smeet Mehta","100X VC","https://vcdekho.com/investors/smeet-mehta"
"sampath","Sampath","Kalaari Capital","https://vcdekho.com/investors/sampath"
"kiran","Kiran","Kalaari Capital","https://vcdekho.com/investors/kiran"
"venkatesh","Venkatesh","Chiratae Ventures","https://vcdekho.com/investors/venkatesh"
"ranjith","Ranjith","Chiratae Ventures","https://vcdekho.com/investors/ranjith"
"deepak","Deepak","WestBridge Capital","https://vcdekho.com/investors/deepak"
"rishit","Rishit","WestBridge Capital","https://vcdekho.com/investors/rishit"
"arpit","Arpit","Blume Ventures","https://vcdekho.com/investors/arpit"
"ashish","Ashish","Blume Ventures","https://vcdekho.com/investors/ashish"
"sagar-nishar","Sagar Nishar","Aarii Ventures","https://vcdekho.com/investors/sagar-nishar"
"abhijai-singh","Abhijai Singh","Midas Capital | Baheti Family Office","https://vcdekho.com/investors/abhijai-singh"
"misha-baheti","Misha Baheti","Midas Capital","https://vcdekho.com/investors/misha-baheti"
"ashish-baheti","Ashish Baheti","Midas Capital","https://vcdekho.com/investors/ashish-baheti"
"kruti-kharod","Kruti Kharod","Unilazer Ventures","https://vcdekho.com/investors/kruti-kharod"
"abhilasha-purwar","Abhilasha Purwar","Hunch Ventures & Investments Pvt Ltd","https://vcdekho.com/investors/abhilasha-purwar"
"gaurav-gulati","Gaurav Gulati","Aroa Venture Partners","https://vcdekho.com/investors/gaurav-gulati"
"prerna-singh","Prerna Singh","Aroa Venture Partners","https://vcdekho.com/investors/prerna-singh"
"utkarsh-gupta-cfa","Utkarsh Gupta, CFA","Aakash Emprise Pvt Ltd","https://vcdekho.com/investors/utkarsh-gupta-cfa"
"eshaan-kulshreshtha","Eshaan Kulshreshtha","Aakash Emprise Pvt Ltd","https://vcdekho.com/investors/eshaan-kulshreshtha"
"dhruv-sane","Dhruv Sane","Malpani Ventures","https://vcdekho.com/investors/dhruv-sane"
"rahil-shah","Rahil Shah","Malpani Ventures","https://vcdekho.com/investors/rahil-shah"
"siddharth-pai","Siddharth Pai","Siana Capital","https://vcdekho.com/investors/siddharth-pai"
"dinesh-goel","Dinesh Goel","Siana Capital","https://vcdekho.com/investors/dinesh-goel"
"archana-hingorani","Archana Hingorani","Siana Capital","https://vcdekho.com/investors/archana-hingorani"
"nithin-kamath","Nithin Kamath","Rainmatter","https://vcdekho.com/investors/nithin-kamath"
"archana-priyadarshini","Archana Priyadarshini","Endurance Capital","https://vcdekho.com/investors/archana-priyadarshini"
"amit-singal","Amit Singal","Easy Knowledge Club","https://vcdekho.com/investors/amit-singal"
"manish-aggarwal","Manish Aggarwal","Fluid Ventures","https://vcdekho.com/investors/manish-aggarwal"
"r-m-anish","R M Anish","GSF","https://vcdekho.com/investors/r-m-anish"
"nirmal-shah","Nirmal Shah","GSF","https://vcdekho.com/investors/nirmal-shah"
"aakash-kushwaha","Aakash Kushwaha","ZeCa Capital","https://vcdekho.com/investors/aakash-kushwaha"
"shreya-ravi","Shreya Ravi","ZeCa Capital","https://vcdekho.com/investors/shreya-ravi"
"pawan-raj-kumar","Pawan Raj Kumar","ZeCa Capital","https://vcdekho.com/investors/pawan-raj-kumar"
"anil-joshi","Anil Joshi","Unicorn India Ventures","https://vcdekho.com/investors/anil-joshi"
"pulkit-mehrotra","Pulkit Mehrotra","Unicorn India Ventures","https://vcdekho.com/investors/pulkit-mehrotra"
"bhaskar-majumdar","Bhaskar Majumdar","Unicorn India Ventures","https://vcdekho.com/investors/bhaskar-majumdar"
"sandeep-chawda","Sandeep Chawda","Pentathlon Ventures","https://vcdekho.com/investors/sandeep-chawda"
"abhinav-mahipal","Abhinav Mahipal","Pentathlon Ventures","https://vcdekho.com/investors/abhinav-mahipal"
"madhukar-bhatia","Madhukar Bhatia","Pentathlon Ventures","https://vcdekho.com/investors/madhukar-bhatia"
"manoj-kumar-agarwal","MANOJ KUMAR AGARWAL","seafund","https://vcdekho.com/investors/manoj-kumar-agarwal"
"narendra-bhandari","Narendra Bhandari","seafund","https://vcdekho.com/investors/narendra-bhandari"
"agam-gupta","Agam Gupta","seafund","https://vcdekho.com/investors/agam-gupta"
"vishvas-shah","Vishvas Shah","IIMA Ventures","https://vcdekho.com/investors/vishvas-shah"
"vaas-bhaskar","Vaas Bhaskar","Elevation Capital","https://vcdekho.com/investors/vaas-bhaskar"
"akhil-andasu","Akhil Andasu","Elevation Capital","https://vcdekho.com/investors/akhil-andasu"
"aashish-gupta","Aashish Gupta","IvyCap Ventures","https://vcdekho.com/investors/aashish-gupta"
"aniketh-mj","Aniketh MJ","IvyCap Ventures","https://vcdekho.com/investors/aniketh-mj"
"madhur-makkar","Madhur Makkar","RTP Global","https://vcdekho.com/investors/madhur-makkar"
"shunyam-gupta","Shunyam Gupta","RTP Global","https://vcdekho.com/investors/shunyam-gupta"
"manasi-shah","Manasi Shah","Accel","https://vcdekho.com/investors/manasi-shah"
"subrata-mitra","Subrata Mitra","Accel","https://vcdekho.com/investors/subrata-mitra"
"sarthak-singh","Sarthak Singh","Accel","https://vcdekho.com/investors/sarthak-singh"
"kartik-gupta","Kartik Gupta","Sales Force Ventures","https://vcdekho.com/investors/kartik-gupta"
"yug-shah","Yug Shah","8i Ventures","https://vcdekho.com/investors/yug-shah"
"muskaan-khilnani","Muskaan Khilnani","8i Ventures","https://vcdekho.com/investors/muskaan-khilnani"
"raghav-krishna-iyer","Raghav  Krishna Iyer","3one4 Capital","https://vcdekho.com/investors/raghav-krishna-iyer"
"prahlad-narayanan","Prahlad Narayanan","3one4 Capital","https://vcdekho.com/investors/prahlad-narayanan"
"dhwani-nanavati","Dhwani Nanavati","3one4 Capital","https://vcdekho.com/investors/dhwani-nanavati"
"poojit-jain","Poojit Jain","Eaglewings Ventures","https://vcdekho.com/investors/poojit-jain"
"shashank-randev","Shashank Randev","247VC","https://vcdekho.com/investors/shashank-randev"
"yagnesh-sanghrajka","Yagnesh Sanghrajka","247VC","https://vcdekho.com/investors/yagnesh-sanghrajka"
"gobind-sayal","Gobind Sayal","Bharat Founders Fund","https://vcdekho.com/investors/gobind-sayal"
"maanav-sagar","Maanav Sagar","Bharat Founders Fund","https://vcdekho.com/investors/maanav-sagar"
"radika-agarwal","Radika Agarwal","Good Capital","https://vcdekho.com/investors/radika-agarwal"
"sharvi-dubey","Sharvi Dubey","Good Capital","https://vcdekho.com/investors/sharvi-dubey"
"nikhil-bhandarkar","Nikhil Bhandarkar","Panthera Peak","https://vcdekho.com/investors/nikhil-bhandarkar"
"tanya-gupta","Tanya Gupta","peercheque","https://vcdekho.com/investors/tanya-gupta"
"arjit-johri","Arjit Johri","Mars Shot Ventures","https://vcdekho.com/investors/arjit-johri"
"shashank-mehta","Shashank Mehta","Mars Shot Ventures","https://vcdekho.com/investors/shashank-mehta"
"kunal-suri","Kunal Suri","OTP Ventures","https://vcdekho.com/investors/kunal-suri"
"suhail-sameer","Suhail Sameer","OTP Ventures","https://vcdekho.com/investors/suhail-sameer"
"saurabh-vashishtha","Saurabh Vashishtha","OTP Ventures","https://vcdekho.com/investors/saurabh-vashishtha"
"arjun-vaidya","Arjun Vaidya","V3 Ventures","https://vcdekho.com/investors/arjun-vaidya"
"abhiram-bhalerao","Abhiram Bhalerao","V3 Ventures","https://vcdekho.com/investors/abhiram-bhalerao"
"ashish-lingamneni","Ashish Lingamneni","V3 Ventures","https://vcdekho.com/investors/ashish-lingamneni"
"udit-kumar","Udit Kumar","Neon Fund","https://vcdekho.com/investors/udit-kumar"
"aneet-singh","Aneet Singh","Neon Fund","https://vcdekho.com/investors/aneet-singh"
"ishaan-khosla","Ishaan Khosla","Huddle Ventures","https://vcdekho.com/investors/ishaan-khosla"
"sanil-sachar","Sanil Sachar","Huddle Ventures","https://vcdekho.com/investors/sanil-sachar"
"sarthak-rastogi","Sarthak Rastogi","Huddle Ventures","https://vcdekho.com/investors/sarthak-rastogi"
"aditya-singh","Aditya Singh","All In Capital","https://vcdekho.com/investors/aditya-singh"
"simran-patel","Simran Patel","All In Capital","https://vcdekho.com/investors/simran-patel"
"saptarishi-sen","Saptarishi Sen","Prath Ventures","https://vcdekho.com/investors/saptarishi-sen"
"harmanpreet-singh","Harmanpreet Singh","Prath Ventures","https://vcdekho.com/investors/harmanpreet-singh"
"piyush-goenka","Piyush Goenka","Prath Ventures","https://vcdekho.com/investors/piyush-goenka"
"rishabh-singh","Rishabh Singh","Aeravti Ventures","https://vcdekho.com/investors/rishabh-singh"
"shubham-jhuria","Shubham Jhuria","Aeravti Ventures","https://vcdekho.com/investors/shubham-jhuria"
"vivek-sivanandam","Vivek Sivanandam","Bulleon Ventures","https://vcdekho.com/investors/vivek-sivanandam"
"raveen-sastry","Raveen Sastry","Multiply Ventures","https://vcdekho.com/investors/raveen-sastry"
"shruti-gupta-singhal","Shruti Gupta  Singhal","Multiply Ventures","https://vcdekho.com/investors/shruti-gupta-singhal"
"sanjay-ramakrishnan","Sanjay Ramakrishnan","Multiply Ventures","https://vcdekho.com/investors/sanjay-ramakrishnan"
"nikhil-mishra","Nikhil Mishra","Warmup Ventures","https://vcdekho.com/investors/nikhil-mishra"
"ajish-rahman","Ajish Rahman","Mount Judi Ventures","https://vcdekho.com/investors/ajish-rahman"
"praharsh-shahi","Praharsh Shahi","Mount Judi Ventures","https://vcdekho.com/investors/praharsh-shahi"
"kamini-s","Kamini S","Gemba Capital","https://vcdekho.com/investors/kamini-s"
"mihir-jha","Mihir Jha","PointOne Capital","https://vcdekho.com/investors/mihir-jha"
"manraj-singh-sandhu","Manraj Singh Sandhu","Vicus Ventures","https://vcdekho.com/investors/manraj-singh-sandhu"
"sarah-du","Sarah Du","Uncork Capital","https://vcdekho.com/investors/sarah-du"
"jake-knapp","Jake Knapp","Character","https://vcdekho.com/investors/jake-knapp"
"eli-blee-goldman","Eli Blee-Goldman","Character","https://vcdekho.com/investors/eli-blee-goldman"
"zach-ellis-jr","Zach Ellis, Jr.","South Loop Ventures","https://vcdekho.com/investors/zach-ellis-jr"
"brian-li","Brian Li","A100x Ventures","https://vcdekho.com/investors/brian-li"
"alexey-bulygin","Alexey Bulygin","Verb Ventures","https://vcdekho.com/investors/alexey-bulygin"
"alexander-chikunov","Alexander Chikunov","Verb Ventures","https://vcdekho.com/investors/alexander-chikunov"
"ashish-kakran","Ashish Kakran","Sierra Ventures","https://vcdekho.com/investors/ashish-kakran"
"mark-fernandes","Mark Fernandes","Sierra Ventures","https://vcdekho.com/investors/mark-fernandes"
"ben-y","Ben Y.","Sierra Ventures","https://vcdekho.com/investors/ben-y"
"darshit-vora","Darshit Vora","Sparrow Capital","https://vcdekho.com/investors/darshit-vora"
"rohit-krishna","Rohit Krishna","WEH Ventures","https://vcdekho.com/investors/rohit-krishna"
"deepak-gupta","Deepak Gupta","WEH Ventures","https://vcdekho.com/investors/deepak-gupta"
"suraj-subramaniam","Suraj Subramaniam","Airavat Capital","https://vcdekho.com/investors/suraj-subramaniam"
"rohit-bhat","Rohit Bhat","Airavat Capital","https://vcdekho.com/investors/rohit-bhat"
"ashutosh-desai","Ashutosh Desai","Airavat Capital","https://vcdekho.com/investors/ashutosh-desai"
"navin-honagudi","Navin Honagudi","Elev8 Venture Partners","https://vcdekho.com/investors/navin-honagudi"
"anil-g-jain","Anil G Jain","Elev8 Venture Partners","https://vcdekho.com/investors/anil-g-jain"
"sarvesh-nevatia","Sarvesh Nevatia","Venturi Partners","https://vcdekho.com/investors/sarvesh-nevatia"
"rishika-chandan","Rishika Chandan","Venturi Partners","https://vcdekho.com/investors/rishika-chandan"
"rishi-kabra","Rishi Kabra","Athena","https://vcdekho.com/investors/rishi-kabra"
"ankit-k","Ankit K.","Capital-A","https://vcdekho.com/investors/ankit-k"
"raashi-gupta","Raashi Gupta","Capital-A","https://vcdekho.com/investors/raashi-gupta"
"aditya-singh-2","Aditya Singh","Capital-A","https://vcdekho.com/investors/aditya-singh-2"
"ashutosh-srivastava","Ashutosh Srivastava","SanchiConnect","https://vcdekho.com/investors/ashutosh-srivastava"
"gautam-narayan","Gautam Narayan","Kalaari Capital","https://vcdekho.com/investors/gautam-narayan"
"simran-khurana","Simran Khurana","Kalaari Capital","https://vcdekho.com/investors/simran-khurana"
"harsh-choudhary","Harsh Choudhary","Kalaari Capital","https://vcdekho.com/investors/harsh-choudhary"
"kinshuk-soperna","Kinshuk Soperna","Chiratae Ventures","https://vcdekho.com/investors/kinshuk-soperna"
"naimil-shah","Naimil Shah","Chiratae Ventures","https://vcdekho.com/investors/naimil-shah"
"samarth-gudwala","Samarth Gudwala","Chiratae Ventures","https://vcdekho.com/investors/samarth-gudwala"
"puneet-kumar","Puneet Kumar","Nexus Venture Partners","https://vcdekho.com/investors/puneet-kumar"
"dhruv-tyagi","Dhruv Tyagi","Nexus Venture Partners","https://vcdekho.com/investors/dhruv-tyagi"
"anup-gupta","Anup Gupta","Nexus Venture Partners","https://vcdekho.com/investors/anup-gupta"
"ritu-verma","Ritu Verma","Ankur Capital Fund","https://vcdekho.com/investors/ritu-verma"
"vishal-aman","Vishal Aman","Ankur Capital Fund","https://vcdekho.com/investors/vishal-aman"
"rema-subramanian","Rema Subramanian","Ankur Capital Fund","https://vcdekho.com/investors/rema-subramanian"
"vineet-rai","vineet rai","Aavishkaar Capital","https://vcdekho.com/investors/vineet-rai"
"shashvat-rai","Shashvat Rai","Aavishkaar Capital","https://vcdekho.com/investors/shashvat-rai"
"shibangi-b","Shibangi B","SenseAI Ventures","https://vcdekho.com/investors/shibangi-b"
"gokul-gopal","Gokul Gopal","Veltis Capital","https://vcdekho.com/investors/gokul-gopal"
"bhushan-patil","Bhushan Patil","Multiple Ventures","https://vcdekho.com/investors/bhushan-patil"
"rishaad-currimjee","Rishaad Currimjee","Golden Sparrow","https://vcdekho.com/investors/rishaad-currimjee"
"satrajit-neogy","Satrajit Neogy","Ideaspring Capital","https://vcdekho.com/investors/satrajit-neogy"
"sulesh-kumar","Sulesh Kumar","Ideaspring Capital","https://vcdekho.com/investors/sulesh-kumar"
"aviral-bhatnagar","Aviral Bhatnagar","AJVC","https://vcdekho.com/investors/aviral-bhatnagar"
"bipin-shah","Bipin Shah","Zeropearl VC","https://vcdekho.com/investors/bipin-shah"
"alben-d-souza","Alben D Souza","Zeropearl VC","https://vcdekho.com/investors/alben-d-souza"
"karteek-pulapaka","Karteek Pulapaka","Java Capital","https://vcdekho.com/investors/karteek-pulapaka"
"bhargavi-v","Bhargavi V.","Java Capital","https://vcdekho.com/investors/bhargavi-v"
"vinod-shankar","Vinod Shankar","Java Capital","https://vcdekho.com/investors/vinod-shankar"
"arjun-rao","Arjun Rao","Speciale Invest","https://vcdekho.com/investors/arjun-rao"
"vishesh-rajaram","Vishesh Rajaram","Speciale Invest","https://vcdekho.com/investors/vishesh-rajaram"
"akshat-prakash","Akshat Prakash","IAN Group (formerly Indian Angel Network)","https://vcdekho.com/investors/akshat-prakash"
"karthik-parasuram-b","Karthik Parasuram B","IAN Group (formerly Indian Angel Network)","https://vcdekho.com/investors/karthik-parasuram-b"
"ankita-balotia","Ankita Balotia","Fireside Ventures","https://vcdekho.com/investors/ankita-balotia"
"adarsh-menon","Adarsh Menon","Fireside Ventures","https://vcdekho.com/investors/adarsh-menon"
"dipanjan-basu","Dipanjan Basu","Fireside Ventures","https://vcdekho.com/investors/dipanjan-basu"
"ashwin-kannan-pandian","Ashwin Kannan Pandian","Z47","https://vcdekho.com/investors/ashwin-kannan-pandian"
"rajat-agarwal","Rajat Agarwal","Z47","https://vcdekho.com/investors/rajat-agarwal"
"rajinder-balaraman","Rajinder Balaraman","Z47","https://vcdekho.com/investors/rajinder-balaraman"
"aditya-deshpande","Aditya Deshpande","Lumikai Fund","https://vcdekho.com/investors/aditya-deshpande"
"salone-sehgal","Salone Sehgal","Lumikai Fund","https://vcdekho.com/investors/salone-sehgal"
"karan-sethi","Karan Sethi","Rukam Capital","https://vcdekho.com/investors/karan-sethi"
"aditya-vikram-singh","Aditya Vikram Singh","Rukam Capital","https://vcdekho.com/investors/aditya-vikram-singh"
"vikram-nanda","Vikram Nanda","A91 Partners","https://vcdekho.com/investors/vikram-nanda"
"prasun-agarwal","Prasun Agarwal","A91 Partners","https://vcdekho.com/investors/prasun-agarwal"
"aakash-shankar","Aakash Shankar","A91 Partners","https://vcdekho.com/investors/aakash-shankar"
"sanya-chawla","Sanya Chawla","Anicut Capital","https://vcdekho.com/investors/sanya-chawla"
"ananya-malhotra","Ananya Malhotra","Anicut Capital","https://vcdekho.com/investors/ananya-malhotra"
"mamtesh-sugla","Mamtesh Sugla","TPG NewQuest","https://vcdekho.com/investors/mamtesh-sugla"
"rajat-agarwal-2","Rajat Agarwal","12 Flags","https://vcdekho.com/investors/rajat-agarwal-2"
"akshit-khanijo","Akshit Khanijo","12 Flags","https://vcdekho.com/investors/akshit-khanijo"
"kaveesh-thakker","Kaveesh Thakker","Multiples Alternate Asset Management","https://vcdekho.com/investors/kaveesh-thakker"
"shanil-verma","Shanil Verma","Multiples Alternate Asset Management","https://vcdekho.com/investors/shanil-verma"
"ajit-prabhakar","Ajit Prabhakar","Avendus","https://vcdekho.com/investors/ajit-prabhakar"
"pranjay-modi","Pranjay Modi","Avendus","https://vcdekho.com/investors/pranjay-modi"
"aastha-vij","Aastha Vij","The Fundamentum Partnership","https://vcdekho.com/investors/aastha-vij"
"devesh-vij","Devesh Vij","The Fundamentum Partnership","https://vcdekho.com/investors/devesh-vij"
"anshu-prasher","Anshu Prasher","Whiteboard Capital","https://vcdekho.com/investors/anshu-prasher"
"shifani-jesani","Shifani Jesani","Whiteboard Capital","https://vcdekho.com/investors/shifani-jesani"
"bhuvan-beejawat","Bhuvan Beejawat","Sofina","https://vcdekho.com/investors/bhuvan-beejawat"
"maxence-tombeur","Maxence Tombeur","Scalable Capital","https://vcdekho.com/investors/maxence-tombeur"
"manish-maheshwari","Manish Maheshwari","BAT VC","https://vcdekho.com/investors/manish-maheshwari"
"aditya-m","Aditya M.","BAT VC","https://vcdekho.com/investors/aditya-m"
"nilesh-balakrishnan","Nilesh Balakrishnan","Kriscore Capital","https://vcdekho.com/investors/nilesh-balakrishnan"
"jash-mehta","Jash Mehta","Kriscore Capital","https://vcdekho.com/investors/jash-mehta"
"mayank-potlapalli","Mayank Potlapalli","JSW Ventures","https://vcdekho.com/investors/mayank-potlapalli"
"pranay-shah","Pranay Shah","JSW Ventures","https://vcdekho.com/investors/pranay-shah"
"karthik-varada-ph-d","Karthik Varada, Ph.D.","Beyond Next Ventures Inc.","https://vcdekho.com/investors/karthik-varada-ph-d"
"ruchira-shukla","Ruchira Shukla","Synapses VC","https://vcdekho.com/investors/ruchira-shukla"
"prateek-sharma","Prateek Sharma","Ahead VC","https://vcdekho.com/investors/prateek-sharma"
"kevin-d-souza","Kevin D'Souza","BoldCap","https://vcdekho.com/investors/kevin-d-souza"
"gokul-kunnel-subash-bose","Gokul Kunnel Subash Bose","Upekkha","https://vcdekho.com/investors/gokul-kunnel-subash-bose"
"sai-shanmukha-yadavalli","Sai Shanmukha Yadavalli","The Chennai Angels","https://vcdekho.com/investors/sai-shanmukha-yadavalli"
"sathish-ganesan","Sathish Ganesan","IN44 Capital","https://vcdekho.com/investors/sathish-ganesan"
"sridhar-parthasarathy","Sridhar Parthasarathy","Bluehill.vc","https://vcdekho.com/investors/sridhar-parthasarathy"
"khushi-bothra","Khushi Bothra","Artha99 Venture Capital Fund","https://vcdekho.com/investors/khushi-bothra"
"anirudh-gopinath","Anirudh Gopinath","a99 VC","https://vcdekho.com/investors/anirudh-gopinath"
"prem-shanth","Prem Shanth","a99 VC","https://vcdekho.com/investors/prem-shanth"
"sudarshan-raghuraman","Sudarshan Raghuraman","TVS Capital Funds","https://vcdekho.com/investors/sudarshan-raghuraman"
"manasa-krishnan","Manasa Krishnan","TVS Capital Funds","https://vcdekho.com/investors/manasa-krishnan"
"manish-singhal","Manish Singhal","pi Ventures","https://vcdekho.com/investors/manish-singhal"
"komal-gupta","Komal Gupta","pi Ventures","https://vcdekho.com/investors/komal-gupta"
"ganapathy-gani-subramaniam","Ganapathy Gani Subramaniam","Yali Capital","https://vcdekho.com/investors/ganapathy-gani-subramaniam"
"sandipan-mondal","Sandipan Mondal","Yali Capital","https://vcdekho.com/investors/sandipan-mondal"
"sudhir-rao","Sudhir Rao","Celesta Capital","https://vcdekho.com/investors/sudhir-rao"
"riddhi-daftary","Riddhi Daftary","Celesta Capital","https://vcdekho.com/investors/riddhi-daftary"
"sampath-p","Sampath P","Kalaari Capital","https://vcdekho.com/investors/sampath-p"
"kiran-vasireddy","Kiran Vasireddy","Kalaari Capital","https://vcdekho.com/investors/kiran-vasireddy"
"vani-kola","Vani Kola","Kalaari Capital","https://vcdekho.com/investors/vani-kola"
"venkatesh-peddi","Venkatesh Peddi","Chiratae Ventures","https://vcdekho.com/investors/venkatesh-peddi"
"ranjith-menon","Ranjith Menon","Chiratae Ventures","https://vcdekho.com/investors/ranjith-menon"
"yash-gokhroo-cfa","Yash Gokhroo, CFA","Chiratae Ventures","https://vcdekho.com/investors/yash-gokhroo-cfa"
"aman-raj","Aman Raj","Chiratae Ventures","https://vcdekho.com/investors/aman-raj"
"anoop-n","Anoop N","Chiratae Ventures","https://vcdekho.com/investors/anoop-n"
"deepak-ramineedi","Deepak Ramineedi","WestBridge Capital","https://vcdekho.com/investors/deepak-ramineedi"
"rishit-desai","Rishit Desai","WestBridge Capital","https://vcdekho.com/investors/rishit-desai"
"anshuman-khosla","Anshuman Khosla","WestBridge Capital","https://vcdekho.com/investors/anshuman-khosla"
"shreyans-singh","Shreyans Singh","WestBridge Capital","https://vcdekho.com/investors/shreyans-singh"
"navneet-raghuram","Navneet Raghuram","WestBridge Capital","https://vcdekho.com/investors/navneet-raghuram"
"arpit-agarwal","Arpit Agarwal","Blume Ventures","https://vcdekho.com/investors/arpit-agarwal"
"vikram-gawande","Vikram Gawande","Blume Ventures","https://vcdekho.com/investors/vikram-gawande"
"joseph-sebastian","Joseph Sebastian","Blume Ventures","https://vcdekho.com/investors/joseph-sebastian"
"ashish-fafadia","Ashish Fafadia","Blume Ventures","https://vcdekho.com/investors/ashish-fafadia"
"prateek-agarwal","Prateek Agarwal","First Cheque","https://vcdekho.com/investors/prateek-agarwal"
"vaishak-p","Vaishak P","India Quotient","https://vcdekho.com/investors/vaishak-p"
"ganesh-venkataraman","Ganesh venkataraman","I cash fintech","https://vcdekho.com/investors/ganesh-venkataraman"
"yaswanth-sai","Yaswanth Sai","Yaswanth Sai","https://vcdekho.com/investors/yaswanth-sai"
"sachin-bhat","Sachin Bhat","Sachin Bhat","https://vcdekho.com/investors/sachin-bhat"
"akshat-jain","Akshat Jain","Matrix Partners","https://vcdekho.com/investors/akshat-jain"
"ujwal-sutaria","Ujwal Sutaria","TDV Partners","https://vcdekho.com/investors/ujwal-sutaria"
"utkarsh-raj","UTKARSH RAJ","Eximius Ventures","https://vcdekho.com/investors/utkarsh-raj"
"rajaganapathy-a","Rajaganapathy A","Individual Investor","https://vcdekho.com/investors/rajaganapathy-a"
"siddharth-sirigeri","Siddharth Sirigeri","Endurance Capital","https://vcdekho.com/investors/siddharth-sirigeri"
"neiharika-rajiv","Neiharika rajiv","Encubay Angel Network","https://vcdekho.com/investors/neiharika-rajiv"
"gaurav-sharma","Gaurav Sharma","Gaurav Sharma","https://vcdekho.com/investors/gaurav-sharma"
"anindya","Anindya","Hellman and Friedman","https://vcdekho.com/investors/anindya"
"satish-meena","Satish Meena","Sareyan Technologies","https://vcdekho.com/investors/satish-meena"
"varsheel-deliwala","Varsheel Deliwala","Exfinity Venture Partners","https://vcdekho.com/investors/varsheel-deliwala"
"vibhore-sharma","Vibhore Sharma","Capital 2B","https://vcdekho.com/investors/vibhore-sharma"
"avinash-singh","Avinash Singh","Campus Fund","https://vcdekho.com/investors/avinash-singh"
"sruthi-sundaram","Sruthi Sundaram","India Quotient","https://vcdekho.com/investors/sruthi-sundaram"
"kabir-sikri","Kabir Sikri","Social Alpha","https://vcdekho.com/investors/kabir-sikri"
"sanvar-oberoi","Sanvar Oberoi","Oberoi Family Office","https://vcdekho.com/investors/sanvar-oberoi"
"kamal-kumar-agarwal","Kamal Kumar Agarwal","Peaceful Progress","https://vcdekho.com/investors/kamal-kumar-agarwal"
"dinesh-singh","Dinesh Singh","Leo Capital","https://vcdekho.com/investors/dinesh-singh"
"akash-ramaiah","Akash Ramaiah","Ramaiah Capital","https://vcdekho.com/investors/akash-ramaiah"
"rohan-singh","Rohan Singh","We Founder Circle","https://vcdekho.com/investors/rohan-singh"
"vinutha-rallapalli","Vinutha Rallapalli","Innovex Capital","https://vcdekho.com/investors/vinutha-rallapalli"
"arjun-vaidya-2","Arjun Vaidya","V3 Ventures (Verlinvest)","https://vcdekho.com/investors/arjun-vaidya-2"
"ratnesh-mishra","Ratnesh Mishra","Ratnesh Mishra","https://vcdekho.com/investors/ratnesh-mishra"
"rahul-bagga","Rahul Bagga","Angel Investor","https://vcdekho.com/investors/rahul-bagga"
"kunal-suraiya","Kunal Suraiya","Tyke Technologies Private Limited","https://vcdekho.com/investors/kunal-suraiya"
"abhishek-mehta","Abhishek Mehta","Earlsfield Capital","https://vcdekho.com/investors/abhishek-mehta"
"siddesh-choudhary","Siddesh Choudhary","Accel","https://vcdekho.com/investors/siddesh-choudhary"
"lakshay-aggarwal","Lakshay Aggarwal","Eight Roads Ventures India","https://vcdekho.com/investors/lakshay-aggarwal"
"preetham","Preetham","Cactus vp","https://vcdekho.com/investors/preetham"
"noni-mittal","Noni Mittal","Goldman Sachs Growth Equity","https://vcdekho.com/investors/noni-mittal"
"anudeep-chappa","Anudeep Chappa","Endiya Partners","https://vcdekho.com/investors/anudeep-chappa"
"kanak-heda","Kanak Heda","Bharat Angels Fund","https://vcdekho.com/investors/kanak-heda"
"sahil-makkar","Sahil Makkar","India Quotient","https://vcdekho.com/investors/sahil-makkar"
"deeksha","Deeksha","Anthill Ventures","https://vcdekho.com/investors/deeksha"
"aditya-vargante","Aditya Vargante","Gemba Capital","https://vcdekho.com/investors/aditya-vargante"
"saksham-pant","Saksham Pant","Athera Venture Partners (formerly Inventus India)","https://vcdekho.com/investors/saksham-pant"
"yuvraj-wadhwa","Yuvraj Wadhwa","Accel","https://vcdekho.com/investors/yuvraj-wadhwa"
"aishwarya-gupta","Aishwarya Gupta","Anchorage Capital","https://vcdekho.com/investors/aishwarya-gupta"
"rishiraj-kalita","Rishiraj Kalita","Huddle Ventures","https://vcdekho.com/investors/rishiraj-kalita"
"karan-seth","Karan Seth","JSW Ventures","https://vcdekho.com/investors/karan-seth"
"sridhar","Sridhar","Pravega Ventures","https://vcdekho.com/investors/sridhar"
"melissa-frakman","Melissa Frakman","Emphasis Ventures (EMVC)","https://vcdekho.com/investors/melissa-frakman"
"uday-arya","Uday Arya","BlueLotus Ventures","https://vcdekho.com/investors/uday-arya"
"abhay-agarwal","Abhay Agarwal","Piper Serica Angel Fund","https://vcdekho.com/investors/abhay-agarwal"
"mandeep","Mandeep","Chiratae Ventures","https://vcdekho.com/investors/mandeep"
"arushi-maheshwari","Arushi Maheshwari","Turbostart","https://vcdekho.com/investors/arushi-maheshwari"
"zayd-muhamed","Zayd Muhamed","Upsparks Capital","https://vcdekho.com/investors/zayd-muhamed"
"abhilash-karri","Abhilash Karri","SIG","https://vcdekho.com/investors/abhilash-karri"
"anshul-sharma","Anshul Sharma","RTP Global","https://vcdekho.com/investors/anshul-sharma"
"shashank-nooka","Shashank Nooka","Yashoda Hospitals Family office","https://vcdekho.com/investors/shashank-nooka"
"ansh-pratap-singh","Ansh Pratap Singh","First Cheque","https://vcdekho.com/investors/ansh-pratap-singh"
"abhishek-sethi","Abhishek Sethi","gradCapital","https://vcdekho.com/investors/abhishek-sethi"
"v-s-venkatesh","V S Venkatesh","ViZon XpandR Healthcare Biz Consultancy","https://vcdekho.com/investors/v-s-venkatesh"
"chirag-gandhi","Chirag Gandhi","Trifecta Growth Equity","https://vcdekho.com/investors/chirag-gandhi"
"shivam-2","Shivam","Together","https://vcdekho.com/investors/shivam-2"
"dewanshu-deep","Dewanshu Deep","Cogniphy LLC","https://vcdekho.com/investors/dewanshu-deep"
"monark-moolchandani","Monark Moolchandani","Tanglin Venture Partners","https://vcdekho.com/investors/monark-moolchandani"
"manjot-pahwa","Manjot Pahwa","Lightspeed","https://vcdekho.com/investors/manjot-pahwa"
"gagan-goyal","Gagan Goyal","India Quotient","https://vcdekho.com/investors/gagan-goyal"
"aayushi-shah","Aayushi Shah","ITI Growth Opportunities","https://vcdekho.com/investors/aayushi-shah"
"vraj-mehta","Vraj Mehta","Faad Network","https://vcdekho.com/investors/vraj-mehta"
"ranopriyo-choudhury","Ranopriyo Choudhury","Growth valley","https://vcdekho.com/investors/ranopriyo-choudhury"
"gaurav-ranjn","Gaurav Ranjn","Prime Venture Partners","https://vcdekho.com/investors/gaurav-ranjn"
"aneesa-patel","Aneesa Patel","Peak Sustainability Ventures","https://vcdekho.com/investors/aneesa-patel"
"nitya-agarwal","Nitya Agarwal","3one4 Capital","https://vcdekho.com/investors/nitya-agarwal"
"parth-shah","Parth Shah","The Venture Guys","https://vcdekho.com/investors/parth-shah"
"sarthak-jain","Sarthak Jain","Faad Network","https://vcdekho.com/investors/sarthak-jain"
"utkarsh-punkhi","Utkarsh Punkhi","Innoven Capital","https://vcdekho.com/investors/utkarsh-punkhi"
"ram-kartha","Ram Kartha","Eques Capital","https://vcdekho.com/investors/ram-kartha"
"uttkarsh-poddar","Uttkarsh Poddar","Eximius Ventures","https://vcdekho.com/investors/uttkarsh-poddar"
"rohit-taneja","Rohit Taneja","Rohit Taneja","https://vcdekho.com/investors/rohit-taneja"
"vinod","Vinod","Ashvik Kapital","https://vcdekho.com/investors/vinod"
"lalit-kumar","Lalit kumar","Individual","https://vcdekho.com/investors/lalit-kumar"
"tushar-agrawal","Tushar Agrawal","Dexter Angels","https://vcdekho.com/investors/tushar-agrawal"
"sayan-ghosh","Sayan Ghosh","International Finance Corporation (IFC)","https://vcdekho.com/investors/sayan-ghosh"
"dravya-dholakia","Dravya Dholakia","DHOLAKIA VENTURES","https://vcdekho.com/investors/dravya-dholakia"
"sayan-ghosh-2","Sayan Ghosh","The Endless Network","https://vcdekho.com/investors/sayan-ghosh-2"
"varuchi-sachdev","Varuchi Sachdev","Dexter Angels","https://vcdekho.com/investors/varuchi-sachdev"
"sachin-oswal","Sachin Oswal","Originity (Origin To Eternity LLP)","https://vcdekho.com/investors/sachin-oswal"
"digvijay-madame","Digvijay Madame","Inno-Vest Advisors","https://vcdekho.com/investors/digvijay-madame"
"dhruvin","Dhruvin","Pravega Ventures","https://vcdekho.com/investors/dhruvin"
"kush-agarwal","Kush Agarwal","Individual Investor","https://vcdekho.com/investors/kush-agarwal"
"namay-kedia","Namay Kedia","Namay Kedia","https://vcdekho.com/investors/namay-kedia"
"philip-saidely","Philip Saidely","Magnivia Ventures","https://vcdekho.com/investors/philip-saidely"
"vishrutbubna77-gmail-com","vishrutbubna77@gmail.com","77 Capital","https://vcdekho.com/investors/vishrutbubna77-gmail-com"
"anuj-mehta","Anuj Mehta","Rise Capital","https://vcdekho.com/investors/anuj-mehta"
"abhishek-agrawal","Abhishek Agrawal","Titan Capital","https://vcdekho.com/investors/abhishek-agrawal"
"manish-nath","Manish Nath","Smilodon Venture Partners","https://vcdekho.com/investors/manish-nath"
"anshul-sahai","Anshul Sahai","Titan Capital","https://vcdekho.com/investors/anshul-sahai"
"sahil-ramteke","Sahil Ramteke","Fuise.in (Connecting Startups and VCs in A Minute)","https://vcdekho.com/investors/sahil-ramteke"
"yash-shah","Yash Shah","Brigade REAP","https://vcdekho.com/investors/yash-shah"
"aditya-mishra","Aditya Mishra","GetFunded","https://vcdekho.com/investors/aditya-mishra"
"rajesh-ranjan","Rajesh Ranjan","O2 Angel Network LLP","https://vcdekho.com/investors/rajesh-ranjan"
"nikhil-sethia","Nikhil Sethia","Beej Network","https://vcdekho.com/investors/nikhil-sethia"
"chinmay-marulkar","Chinmay Marulkar","BLinC Invest","https://vcdekho.com/investors/chinmay-marulkar"
"sweta-sureka","Sweta Sureka","AltInvest1","https://vcdekho.com/investors/sweta-sureka"
"naveena","Naveena","Multiply Ventures","https://vcdekho.com/investors/naveena"
"kashish-sharma","Kashish Sharma","Cloud Capital","https://vcdekho.com/investors/kashish-sharma"
"pranav-ambwani","Pranav Ambwani","Long Tail Ventures","https://vcdekho.com/investors/pranav-ambwani"
"pooja-agarwal","Pooja Agarwal","Rajsha chemicals Pvt Ltd","https://vcdekho.com/investors/pooja-agarwal"
"sunilkumar-singhvi","SunilKumar Singhvi","Singhvi Heritage LLP / JITO Angel Network","https://vcdekho.com/investors/sunilkumar-singhvi"
"skumr","Skumr","Skumar","https://vcdekho.com/investors/skumr"
"samyak-jain","Samyak Jain","Ecosystem Ventures","https://vcdekho.com/investors/samyak-jain"
"karandeep-goyal","Karandeep Goyal","Sprout Venture Partners","https://vcdekho.com/investors/karandeep-goyal"
"sajith-pai","Sajith Pai","Blume Ventures","https://vcdekho.com/investors/sajith-pai"
"pranav-varma","Pranav Varma","Caspian Equity","https://vcdekho.com/investors/pranav-varma"
"karthik-varada","Karthik Varada","Beyond Next Ventures","https://vcdekho.com/investors/karthik-varada"
"himanshu-jain","Himanshu Jain","Vertex Ventures","https://vcdekho.com/investors/himanshu-jain"
"mredul-sarda","Mredul Sarda","Individual","https://vcdekho.com/investors/mredul-sarda"
"zareer-shroff","Zareer Shroff","Mayfield India","https://vcdekho.com/investors/zareer-shroff"
"bhavin-s-bhagat","Bhavin S Bhagat","IndiaBiz","https://vcdekho.com/investors/bhavin-s-bhagat"
"pratim","Pratim","SenseAI Ventures","https://vcdekho.com/investors/pratim"
"dhruv-ranjan","Dhruv Ranjan","Anicut Capital","https://vcdekho.com/investors/dhruv-ranjan"
"arun-raghavan","Arun Raghavan","Arali Ventures","https://vcdekho.com/investors/arun-raghavan"
"shashank-randev-2","Shashank Randev","100X VC","https://vcdekho.com/investors/shashank-randev-2"
"cio","CIO","Randev Ventures","https://vcdekho.com/investors/cio"
"vivek-gour","Vivek Gour","Starfish Growth Partners","https://vcdekho.com/investors/vivek-gour"
"poorna","Poorna","Abyro Capital","https://vcdekho.com/investors/poorna"
"pankaj-tawale","Pankaj Tawale","Sparrow Capital","https://vcdekho.com/investors/pankaj-tawale"
"sarosh-ghadiali","SAROSH GHADIALI","RPG VENTURES","https://vcdekho.com/investors/sarosh-ghadiali"
"mayank-joshi","Mayank Joshi","Individual","https://vcdekho.com/investors/mayank-joshi"
"jatin-karani","Jatin Karani","Samarthya Investment Advisors","https://vcdekho.com/investors/jatin-karani"
"karan-goshar","Karan Goshar","Samarthya Investment Advisors","https://vcdekho.com/investors/karan-goshar"
"santosh-kumar","Santosh Kumar","Citi Strategic FinTech Investments","https://vcdekho.com/investors/santosh-kumar"
"abhishek-sureka","Abhishek Sureka","Investor","https://vcdekho.com/investors/abhishek-sureka"
"karan-gala","Karan Gala","LC Nueva","https://vcdekho.com/investors/karan-gala"
"abhimanyu-rathi","Abhimanyu Rathi","build3","https://vcdekho.com/investors/abhimanyu-rathi"
"piyush-sharma","Piyush Sharma","3one4 Capital","https://vcdekho.com/investors/piyush-sharma"
"royston","Royston","White Venture Capital","https://vcdekho.com/investors/royston"
"utpal-doshi","Utpal Doshi","Individual","https://vcdekho.com/investors/utpal-doshi"
"pulkit-dak","Pulkit Dak","Pavestone VC","https://vcdekho.com/investors/pulkit-dak"
"arjun","Arjun","Individual","https://vcdekho.com/investors/arjun"
"nitin-lahoti","Nitin Lahoti","Summit Works","https://vcdekho.com/investors/nitin-lahoti"
"prem-sagar","Prem Sagar","Piper Serica Angel Fund","https://vcdekho.com/investors/prem-sagar"
"abhishek-rathi","Abhishek Rathi","Kira Studio","https://vcdekho.com/investors/abhishek-rathi"
"shailendra-singh","Shailendra Singh","Sequoia (India) / Peak XV","https://vcdekho.com/investors/shailendra-singh"
"abhishek-mohan","Abhishek Mohan","Sequoia (India) / Peak XV","https://vcdekho.com/investors/abhishek-mohan"
"pearl-agarwal","Pearl Agarwal","Eximus Ventures","https://vcdekho.com/investors/pearl-agarwal"
"preeti-nellore-sampat","Preeti Nellore Sampat","Eximus Ventures","https://vcdekho.com/investors/preeti-nellore-sampat"
"rick-gerson","Rick Gerson","Alpha Wave Global","https://vcdekho.com/investors/rick-gerson"
"navroz-d-udwadia","Navroz D. Udwadia","Alpha Wave Global","https://vcdekho.com/investors/navroz-d-udwadia"
"sandeep-sinha","Sandeep Sinha","Lumis Partners","https://vcdekho.com/investors/sandeep-sinha"
"rohit-bhayana","Rohit Bhayana","Lumis Partners","https://vcdekho.com/investors/rohit-bhayana"
"vinod-murali","Vinod Murali","Alteria Capital","https://vcdekho.com/investors/vinod-murali"
"punit-shah","Punit Shah","Alteria Capital","https://vcdekho.com/investors/punit-shah"
"amitabh-shrivastava","Amitabh Shrivastava","July Ventures","https://vcdekho.com/investors/amitabh-shrivastava"
"mv-subramanian","MV Subramanian","July Ventures","https://vcdekho.com/investors/mv-subramanian"
"arun-tadanki","Arun Tadanki","Waveform Ventures","https://vcdekho.com/investors/arun-tadanki"
"sailesh-tulshan","Sailesh Tulshan","Xeed Ventures","https://vcdekho.com/investors/sailesh-tulshan"
"shruti-jain","Shruti Jain","Xeed Ventures","https://vcdekho.com/investors/shruti-jain"
"jeff-crowe","Jeff Crowe","Norwest Venture Partners","https://vcdekho.com/investors/jeff-crowe"
"jon-kossow","Jon Kossow","Norwest Venture Partners","https://vcdekho.com/investors/jon-kossow"
"deepak-i-shahdadpuri","Deepak I. Shahdadpuri","DSG Consumer Partners","https://vcdekho.com/investors/deepak-i-shahdadpuri"
"manu-rikhye","Manu Rikhye","Merak Ventures","https://vcdekho.com/investors/manu-rikhye"
"sheetal-bahl","Sheetal Bahl","Merak Ventures","https://vcdekho.com/investors/sheetal-bahl"
"priya-shah","Priya Shah","Theia Ventures","https://vcdekho.com/investors/priya-shah"
"piyush-mathur","Piyush Mathur","Theia Ventures","https://vcdekho.com/investors/piyush-mathur"
"rajat-kedia","Rajat Kedia","Manjushree Ventures","https://vcdekho.com/investors/rajat-kedia"
"ankit-kedia","Ankit Kedia","Manjushree Ventures","https://vcdekho.com/investors/ankit-kedia"
"alex-theuma","Alex Theuma","BackFuture","https://vcdekho.com/investors/alex-theuma"
"kenneth-k-thomas","Kenneth K Thomas","BackFuture","https://vcdekho.com/investors/kenneth-k-thomas"
"amrit-rao","Amrit Rao","Village Global","https://vcdekho.com/investors/amrit-rao"
"anne-dwane","Anne Dwane","Village Global","https://vcdekho.com/investors/anne-dwane"
"arjun-malhotra","Arjun Malhotra","Investopad","https://vcdekho.com/investors/arjun-malhotra"
"rohan-malhotra","Rohan Malhotra","Investopad","https://vcdekho.com/investors/rohan-malhotra"
"p-l-erik-sj-til","Pål Erik Sjåtil","Lightrock","https://vcdekho.com/investors/p-l-erik-sj-til"
"ahmad-el-jurdi","Ahmad El Jurdi","Lightrock","https://vcdekho.com/investors/ahmad-el-jurdi"
"arvind-agarwal","Arvind Agarwal","C4D Partners","https://vcdekho.com/investors/arvind-agarwal"
"gaurav-gupta","Gaurav Gupta","C4D Partners","https://vcdekho.com/investors/gaurav-gupta"
"ahmad-radaideh","Ahmad Radaideh","Beyond Capital Ventures","https://vcdekho.com/investors/ahmad-radaideh"
"sharaf-saleh","Sharaf Saleh","Beyond Capital Ventures","https://vcdekho.com/investors/sharaf-saleh"
"chamath-palihapitiya","Chamath Palihapitiya","Social Capital","https://vcdekho.com/investors/chamath-palihapitiya"
"ashish-dhawan","Ashish Dhawan","ChrysCapital","https://vcdekho.com/investors/ashish-dhawan"
"kunal-shroff","Kunal Shroff","ChrysCapital","https://vcdekho.com/investors/kunal-shroff"
"teruhide-sato","Teruhide Sato","BEENEXT","https://vcdekho.com/investors/teruhide-sato"
"dirk-van-quaquebeke","Dirk Van Quaquebeke","BEENEXT","https://vcdekho.com/investors/dirk-van-quaquebeke"
"kee-lock-chua","Kee Lock CHUA","Vertex Ventures SE Asia & India","https://vcdekho.com/investors/kee-lock-chua"
"joo-hock-chua","Joo Hock CHUA","Vertex Ventures SE Asia & India","https://vcdekho.com/investors/joo-hock-chua"
"alex-iskold","Alex Iskold","2048 Ventures","https://vcdekho.com/investors/alex-iskold"
"zann-ali","Zann Ali","2048 Ventures","https://vcdekho.com/investors/zann-ali"
"eric-brachfeld","Eric Brachfeld","M Venture Partners (MVP)","https://vcdekho.com/investors/eric-brachfeld"
"jared-carmel","Jared Carmel","M Venture Partners (MVP)","https://vcdekho.com/investors/jared-carmel"
"peng-t-ong","Peng T. Ong","Monk's Hill Venture","https://vcdekho.com/investors/peng-t-ong"
"kuo-yi-lim","Kuo-Yi Lim","Monk's Hill Venture","https://vcdekho.com/investors/kuo-yi-lim"
"jenny-fielding","Jenny Fielding","Everywhere Ventures","https://vcdekho.com/investors/jenny-fielding"
"scott-hartley","Scott Hartley","Everywhere Ventures","https://vcdekho.com/investors/scott-hartley"
"vinay-bansal","Vinay Bansal","Inflection Point Ventures","https://vcdekho.com/investors/vinay-bansal"
"ankur-mittal","Ankur Mittal","Inflection Point Ventures","https://vcdekho.com/investors/ankur-mittal"
"vishal-nevatia","Vishal Nevatia","True North","https://vcdekho.com/investors/vishal-nevatia"
"srikrishna-dwaram","Srikrishna Dwaram","True North","https://vcdekho.com/investors/srikrishna-dwaram"
"jacqueline-novogratz","Jacqueline Novogratz","Acumen","https://vcdekho.com/investors/jacqueline-novogratz"
"monica-brand-engel","Monica Brand Engel","Quona Capital","https://vcdekho.com/investors/monica-brand-engel"
"jonathan-whittle","Jonathan Whittle","Quona Capital","https://vcdekho.com/investors/jonathan-whittle"
"tilman-ehrbeck","Tilman Ehrbeck","Flourish Ventures","https://vcdekho.com/investors/tilman-ehrbeck"
"alice-bentinck","Alice Bentinck","Entrepreneur First","https://vcdekho.com/investors/alice-bentinck"
"matt-clifford","Matt Clifford","Entrepreneur First","https://vcdekho.com/investors/matt-clifford"
"magnus-grimeland","Magnus Grimeland","Antler","https://vcdekho.com/investors/magnus-grimeland"
"fady-abdel-nour","Fady Abdel-Nour","Antler","https://vcdekho.com/investors/fady-abdel-nour"
"sean-o-sullivan","Sean O'Sullivan","SOSV","https://vcdekho.com/investors/sean-o-sullivan"
"cyril-ebersweiler","Cyril Ebersweiler","SOSV","https://vcdekho.com/investors/cyril-ebersweiler"
"shane-chesson","Shane Chesson","Openspace Ventures","https://vcdekho.com/investors/shane-chesson"
"hian-goh","Hian Goh","Openspace Ventures","https://vcdekho.com/investors/hian-goh"
"vinnie-lauria","Vinnie Lauria","Golden Gate Ventures","https://vcdekho.com/investors/vinnie-lauria"
"jeffrey-paine","Jeffrey Paine","Golden Gate Ventures","https://vcdekho.com/investors/jeffrey-paine"
"bryan-yeo","Bryan Yeo","GIC Private Limited","https://vcdekho.com/investors/bryan-yeo"
"lim-chow-kiat","Lim Chow Kiat","GIC Private Limited","https://vcdekho.com/investors/lim-chow-kiat"
"eric-mogelof","Eric Mogelof","KKR","https://vcdekho.com/investors/eric-mogelof"
"james-brocklebank","James Brocklebank","Advent International","https://vcdekho.com/investors/james-brocklebank"
"peter-brooke","Peter Brooke","Advent International","https://vcdekho.com/investors/peter-brooke"
"frank-ehmer","Frank Ehmer","Apax Partners","https://vcdekho.com/investors/frank-ehmer"
"nedu-ottih","Nedu Ottih","Apax Partners","https://vcdekho.com/investors/nedu-ottih"
"quinn-li","Quinn Li","Qualcomm Ventures","https://vcdekho.com/investors/quinn-li"
"rama-bethmangalkar","Rama Bethmangalkar","Qualcomm Ventures","https://vcdekho.com/investors/rama-bethmangalkar"
"anthony-lin","Anthony Lin","Intel Capital","https://vcdekho.com/investors/anthony-lin"
"andy-fligel","Andy Fligel","Intel Capital","https://vcdekho.com/investors/andy-fligel"
"michelle-gonzalez","Michelle Gonzalez","M12","https://vcdekho.com/investors/michelle-gonzalez"
"darian-shirazi","Darian Shirazi","Gradient Ventures","https://vcdekho.com/investors/darian-shirazi"
"zach-bratun-glennon","Zach Bratun-Glennon","Gradient Ventures","https://vcdekho.com/investors/zach-bratun-glennon"
"lak-ananth","Lak Ananth","next47","https://vcdekho.com/investors/lak-ananth"
"matthew-cowan","Matthew Cowan","next47","https://vcdekho.com/investors/matthew-cowan"
"amit-chaturvedy","Amit Chaturvedy","SE Ventures","https://vcdekho.com/investors/amit-chaturvedy"
"varun-jain","Varun Jain","SE Ventures","https://vcdekho.com/investors/varun-jain"
"bill-gates","Bill Gates","Breakthrough Energy Ventures","https://vcdekho.com/investors/bill-gates"
"chris-sacca","Chris Sacca","Lowercarbon Capital","https://vcdekho.com/investors/chris-sacca"
"crystal-sacca","Crystal Sacca","Lowercarbon Capital","https://vcdekho.com/investors/crystal-sacca"
"abe-yokell","Abe Yokell","Congruent Ventures","https://vcdekho.com/investors/abe-yokell"
"joshua-posamentier","Joshua Posamentier","Congruent Ventures","https://vcdekho.com/investors/joshua-posamentier"
"nigel-morris","Nigel Morris","QED Investors","https://vcdekho.com/investors/nigel-morris"
"frank-rotman","Frank Rotman","QED Investors","https://vcdekho.com/investors/frank-rotman"
"christoph-janz","Christoph Janz","Point Nine Capital","https://vcdekho.com/investors/christoph-janz"
"louis-coppey","Louis Coppey","Point Nine Capital","https://vcdekho.com/investors/louis-coppey"
"saul-klein","Saul Klein","LocalGlobe","https://vcdekho.com/investors/saul-klein"
"robin-klein","Robin Klein","LocalGlobe","https://vcdekho.com/investors/robin-klein"
"reshma-sohoni","Reshma Sohoni","Seedcamp","https://vcdekho.com/investors/reshma-sohoni"
"carlos-eduardo-espinal","Carlos Eduardo Espinal","Seedcamp","https://vcdekho.com/investors/carlos-eduardo-espinal"
"dan-morehead","Dan Morehead","Pantera Capital","https://vcdekho.com/investors/dan-morehead"
"paul-veradittakit","Paul Veradittakit","Pantera Capital","https://vcdekho.com/investors/paul-veradittakit"
"matt-huang","Matt Huang","Paradigm","https://vcdekho.com/investors/matt-huang"
"alana-palmedo","Alana Palmedo","Paradigm","https://vcdekho.com/investors/alana-palmedo"
"sunil-kant-munjal","Sunil Kant Munjal","Hero Enterprise","https://vcdekho.com/investors/sunil-kant-munjal"
"sanjiv-bajaj","Sanjiv Bajaj","Bajaj Labs / Bajaj Finserv Ventures","https://vcdekho.com/investors/sanjiv-bajaj"
"tushar-jain","Tushar Jain","Multicoin Capital","https://vcdekho.com/investors/tushar-jain"
"spencer-applebaum","Spencer Applebaum","Multicoin Capital","https://vcdekho.com/investors/spencer-applebaum"
"g-v-prasad","G V Prasad","Dr Reddy's Ventures","https://vcdekho.com/investors/g-v-prasad"
"satish-reddy","Satish Reddy","Dr Reddy's Ventures","https://vcdekho.com/investors/satish-reddy"
"desh-bandhu-gupta","Desh Bandhu Gupta","Lupin Digital Health Ventures","https://vcdekho.com/investors/desh-bandhu-gupta"
"nc-nigam","NC Nigam","FITT IIT Delhi","https://vcdekho.com/investors/nc-nigam"
"ak-sengupta","AK Sengupta","FITT IIT Delhi","https://vcdekho.com/investors/ak-sengupta"
"vani-kola-2","Vani Kola","TiE Bangalore Angels","https://vcdekho.com/investors/vani-kola-2"
"ankita-vashistha","Ankita Vashistha","TiE Bangalore Angels","https://vcdekho.com/investors/ankita-vashistha"
"srini-raju","Srini Raju","TiE Hyderabad Angels","https://vcdekho.com/investors/srini-raju"
"subho-ray","Subho Ray","IAMAI Angel Network","https://vcdekho.com/investors/subho-ray"
"gaurav-chopra","Gaurav Chopra","IAMAI Angel Network","https://vcdekho.com/investors/gaurav-chopra"
"dr-mohamed-adil-a-a","Dr. Mohamed Adil A.A","Bangalore Bioinnovation Centre Angels / BBC","https://vcdekho.com/investors/dr-mohamed-adil-a-a"
"rahul-sharanappa-sankanur-ias","Rahul Sharanappa Sankanur, IAS","Bangalore Bioinnovation Centre Angels / BBC","https://vcdekho.com/investors/rahul-sharanappa-sankanur-ias"
"s-viswanatha-prasad","S. Viswanatha Prasad","Caspian Impact Investments","https://vcdekho.com/investors/s-viswanatha-prasad"
"b-v-narasimham","B.V. Narasimham","Caspian Impact Investments","https://vcdekho.com/investors/b-v-narasimham"
"vipul-roongta","Vipul Roongta","HDFC Capital","https://vcdekho.com/investors/vipul-roongta"
"santosh-iyer","Santosh Iyer","Zoho Investments","https://vcdekho.com/investors/santosh-iyer"
"mani-vembu","Mani Vembu","Zoho Investments","https://vcdekho.com/investors/mani-vembu"
"amita-birla","Amita Birla","Birlasoft Ventures","https://vcdekho.com/investors/amita-birla"
"ajay-piramal","Ajay Piramal","Piramal Family Office","https://vcdekho.com/investors/ajay-piramal"
"anand-piramal","Anand Piramal","Piramal Family Office","https://vcdekho.com/investors/anand-piramal"
"manoj-thakur","Manoj Thakur","Hornbill Capital Advisers","https://vcdekho.com/investors/manoj-thakur"
"sandeep-murthy","Sandeep Murthy","Lightbox Ventures","https://vcdekho.com/investors/sandeep-murthy"
"ajit-a-moopan","Ajit A Moopan","Kerala Angels","https://vcdekho.com/investors/ajit-a-moopan"
"raveendranath-kamath","Raveendranath Kamath","Kerala Angels","https://vcdekho.com/investors/raveendranath-kamath"
"rahul-jain","Rahul Jain","Pune Angels Network","https://vcdekho.com/investors/rahul-jain"
"ca-vishal-thakkar","CA Vishal Thakkar","Pune Angels Network","https://vcdekho.com/investors/ca-vishal-thakkar"
"anjali-bansal","Anjali Bansal","Avaana Capital","https://vcdekho.com/investors/anjali-bansal"
"mr-vikas-bhatt","Mr. Vikas Bhatt","NABVENTURES","https://vcdekho.com/investors/mr-vikas-bhatt"
"mr-ashish-km-choudhury","Mr. Ashish Km Choudhury","NABVENTURES","https://vcdekho.com/investors/mr-ashish-km-choudhury"
"srilalitha-bhattaram","Srilalitha Bhattaram","Astir Ventures","https://vcdekho.com/investors/srilalitha-bhattaram"
"kishore-ganji","Kishore Ganji","Astir Ventures","https://vcdekho.com/investors/kishore-ganji"
"deeksha-ahuja","Deeksha Ahuja","Encubay Ventures","https://vcdekho.com/investors/deeksha-ahuja"
"shivani-bhasin-sachdeva","Shivani Bhasin Sachdeva","India Alternatives","https://vcdekho.com/investors/shivani-bhasin-sachdeva"
"darshan-gandhi","Darshan Gandhi","India Alternatives","https://vcdekho.com/investors/darshan-gandhi"
"netra-parikh","Netra Parikh","Headstart Network Foundation","https://vcdekho.com/investors/netra-parikh"
"amit-singh","Amit Singh","Headstart Network Foundation","https://vcdekho.com/investors/amit-singh"
"gururaj-desh-deshpande","Gururaj Desh Deshpande","Deshpande Startups","https://vcdekho.com/investors/gururaj-desh-deshpande"
"vikas-bali","Vikas Bali","Intellecap","https://vcdekho.com/investors/vikas-bali"
"ashim-ranu","Ashim Ranu","Intellecap","https://vcdekho.com/investors/ashim-ranu"
"anand-mahindra","Anand Mahindra","Mahindra Sparkle","https://vcdekho.com/investors/anand-mahindra"
"anish-shah","Anish Shah","Mahindra Sparkle","https://vcdekho.com/investors/anish-shah"
"dr-abhishek-pareek","DR. ABHISHEK PAREEK","AIC Banasthali","https://vcdekho.com/investors/dr-abhishek-pareek"
"dr-latika-dhuria","DR. LATIKA DHURIA","AIC Banasthali","https://vcdekho.com/investors/dr-latika-dhuria"
"dr-yunus","Dr. Yunus","Startup Himachal","https://vcdekho.com/investors/dr-yunus"
"smt-deepika-rana","Smt. Deepika Rana","Startup Himachal","https://vcdekho.com/investors/smt-deepika-rana"
"sailesh-tulshan-2","Sailesh Tulshan","021 Capital","https://vcdekho.com/investors/sailesh-tulshan-2"
"abhishant-pant","Abhishant Pant","Aagama Ventures","https://vcdekho.com/investors/abhishant-pant"
"shubhanga-prasad","Shubhanga Prasad","Aagama Ventures","https://vcdekho.com/investors/shubhanga-prasad"
"jay-desai","Jay Desai","Allvest","https://vcdekho.com/investors/jay-desai"
"amit-bansal","Amit Bansal","Allvest","https://vcdekho.com/investors/amit-bansal"
"vishal-bakshi","Vishal Bakshi","Avatar Growth Capital","https://vcdekho.com/investors/vishal-bakshi"
"abhay-havaldar","Abhay Havaldar","Avatar Growth Capital","https://vcdekho.com/investors/abhay-havaldar"
"zubin-mehta","Zubin Mehta","Breathe Capital","https://vcdekho.com/investors/zubin-mehta"
"shauraya-bhutani","Shauraya Bhutani","Breathe Capital","https://vcdekho.com/investors/shauraya-bhutani"
"bikramjit-singh-kalra","Bikramjit Singh Kalra","Capitar Ventures","https://vcdekho.com/investors/bikramjit-singh-kalra"
"rahul-mahipal","Rahul Mahipal","Capitar Ventures","https://vcdekho.com/investors/rahul-mahipal"
"davesh-manocha","Davesh Manocha","CDM Capital","https://vcdekho.com/investors/davesh-manocha"
"vidhi-jain","Vidhi Jain","CDM Capital","https://vcdekho.com/investors/vidhi-jain"
"sri-purisai","Sri Purisai","Chakra Fund","https://vcdekho.com/investors/sri-purisai"
"maya-gadhvi","Maya Gadhvi","Chakra Fund","https://vcdekho.com/investors/maya-gadhvi"
"mr-ajit-deshmukh","Mr. Ajit Deshmukh","Equirus Ventures","https://vcdekho.com/investors/mr-ajit-deshmukh"
"mr-krishna-jha","Mr. Krishna Jha","Equirus Ventures","https://vcdekho.com/investors/mr-krishna-jha"
"aditya-parekh","Aditya Parekh","Faering Capital","https://vcdekho.com/investors/aditya-parekh"
"sameer-shroff","Sameer Shroff","Faering Capital","https://vcdekho.com/investors/sameer-shroff"
"anil-saldanha","Anil Saldanha","Fundalogical Ventures","https://vcdekho.com/investors/anil-saldanha"
"shrikant-goyal","Shrikant Goyal","GetFive","https://vcdekho.com/investors/shrikant-goyal"
"ca-kanika-khandelia","CA Kanika Khandelia","GetFive","https://vcdekho.com/investors/ca-kanika-khandelia"
"ravi-kapoor","Ravi Kapoor","Indusbridge Ventures","https://vcdekho.com/investors/ravi-kapoor"
"rahul-devjani","Rahul Devjani","Indusbridge Ventures","https://vcdekho.com/investors/rahul-devjani"
"vishal-goel","Vishal Goel","IXP Lifesciences","https://vcdekho.com/investors/vishal-goel"
"jasmeet-chhabra","Jasmeet Chhabra","IXP Lifesciences","https://vcdekho.com/investors/jasmeet-chhabra"
"krishnakumar-natarajan","Krishnakumar Natarajan","Mela Ventures","https://vcdekho.com/investors/krishnakumar-natarajan"
"viju-george","Viju George","Mela Ventures","https://vcdekho.com/investors/viju-george"
"narayanan-muralidharan","Narayanan Muralidharan","Morphosis Ventures","https://vcdekho.com/investors/narayanan-muralidharan"
"kartik-chandra","Kartik Chandra","Morphosis Ventures","https://vcdekho.com/investors/kartik-chandra"
"dayakar-puskoor","Dayakar Puskoor","Naya Ventures","https://vcdekho.com/investors/dayakar-puskoor"
"vikas-choudhury","Vikas Choudhury","Pivot Ventures","https://vcdekho.com/investors/vikas-choudhury"
"aditya-kedia","Aditya Kedia","Pivot Ventures","https://vcdekho.com/investors/aditya-kedia"
"mr-pankaj-razdan","Mr. Pankaj Razdan","Revanta Capital","https://vcdekho.com/investors/mr-pankaj-razdan"
"mr-vikas-gautam","Mr. Vikas Gautam","Revanta Capital","https://vcdekho.com/investors/mr-vikas-gautam"
"stanley-stephen","Stanley Stephen","Small Ticket Funding","https://vcdekho.com/investors/stanley-stephen"
"sandro-stephen","Sandro Stephen","Small Ticket Funding","https://vcdekho.com/investors/sandro-stephen"
"ghanshyam-ahuja","Ghanshyam Ahuja","Thinkuvate","https://vcdekho.com/investors/ghanshyam-ahuja"
"addison-appu","Addison Appu","Thinkuvate","https://vcdekho.com/investors/addison-appu"
"shylaja-rao","Shylaja Rao","Ventana Ventures","https://vcdekho.com/investors/shylaja-rao"
"poornima-nayak","Poornima Nayak","Ventana Ventures","https://vcdekho.com/investors/poornima-nayak"
"shapath-parikh","Shapath Parikh","White Whale","https://vcdekho.com/investors/shapath-parikh"
"kunal-vora","Kunal Vora","White Whale","https://vcdekho.com/investors/kunal-vora"
"ishpreet-singh-gandhi","Ishpreet Singh Gandhi","Stride Ventures","https://vcdekho.com/investors/ishpreet-singh-gandhi"
"vaibhav-domkundwar","Vaibhav Domkundwar","Better Capital","https://vcdekho.com/investors/vaibhav-domkundwar"
"rahul-chandra","Rahul Chandra","Arkam Ventures","https://vcdekho.com/investors/rahul-chandra"
"bala-srinivasa","Bala Srinivasa","Arkam Ventures","https://vcdekho.com/investors/bala-srinivasa"
"ashis-nayak","Ashis Nayak","Shastra VC","https://vcdekho.com/investors/ashis-nayak"
"avijeet-alagathi","Avijeet Alagathi","Shastra VC","https://vcdekho.com/investors/avijeet-alagathi"
"suraj-juneja","Suraj Juneja","FreeFlow Ventures","https://vcdekho.com/investors/suraj-juneja"
"aaquib-hussain","Aaquib Hussain","FreeFlow Ventures","https://vcdekho.com/investors/aaquib-hussain"
"neeraj-arora","Neeraj Arora","Venture Highway","https://vcdekho.com/investors/neeraj-arora"
"priya-mohan","Priya Mohan","Venture Highway","https://vcdekho.com/investors/priya-mohan"
"manu-chandra","Manu Chandra","Sauce.vc","https://vcdekho.com/investors/manu-chandra"
"ash-lilani","Ash Lilani","Saama","https://vcdekho.com/investors/ash-lilani"
"suresh-shanmugham","Suresh Shanmugham","Saama","https://vcdekho.com/investors/suresh-shanmugham"
"rohini-prakash","Rohini Prakash","Tomorrow Capital","https://vcdekho.com/investors/rohini-prakash"
"anand-prasanna","Anand Prasanna","Iron Pillar","https://vcdekho.com/investors/anand-prasanna"
"venkat-vallabhaneni","Venkat Vallabhaneni","Inflexor Ventures","https://vcdekho.com/investors/venkat-vallabhaneni"
"jatin-desai","Jatin Desai","Inflexor Ventures","https://vcdekho.com/investors/jatin-desai"
"sanjay-nayar","Sanjay Nayar","Sorin Investments","https://vcdekho.com/investors/sanjay-nayar"
"jayshree-kanther-patodi","Jayshree Kanther Patodi","Enzia Ventures","https://vcdekho.com/investors/jayshree-kanther-patodi"
"pratekk-agarwaal","Pratekk Agarwaal","GrowthCap Ventures","https://vcdekho.com/investors/pratekk-agarwaal"
"divyanshi-chowdhary","Divyanshi Chowdhary","DeVC","https://vcdekho.com/investors/divyanshi-chowdhary"
"sasha-mirchandani","Sasha Mirchandani","Kae Capital","https://vcdekho.com/investors/sasha-mirchandani"
"rehan-yar-khan","Rehan Yar Khan","Orios Venture Partners","https://vcdekho.com/investors/rehan-yar-khan"
"alok-goyal","Alok Goyal","Stellaris Venture Partners","https://vcdekho.com/investors/alok-goyal"
"rahul-chowdhri","Rahul Chowdhri","Stellaris Venture Partners","https://vcdekho.com/investors/rahul-chowdhri"
"vishal-mehta","Vishal Mehta","Lok Capital","https://vcdekho.com/investors/vishal-mehta"
"venky-natarajan","Venky Natarajan","Lok Capital","https://vcdekho.com/investors/venky-natarajan"
"kunal-khattar","Kunal Khattar","AdvantEdge Founders","https://vcdekho.com/investors/kunal-khattar"
"sandiip-bhammer","Sandiip Bhammer","Green Frontier Capital","https://vcdekho.com/investors/sandiip-bhammer"
"iain-shovlin","Iain Shovlin","Guild Capital","https://vcdekho.com/investors/iain-shovlin"
"gautam-patel","Gautam Patel","Z3Partners","https://vcdekho.com/investors/gautam-patel"
"rishi-maheshwari","Rishi Maheshwari","Z3Partners","https://vcdekho.com/investors/rishi-maheshwari"
"ashish-chand","Ashish Chand","Nueva Capital","https://vcdekho.com/investors/ashish-chand"
"sohil-chand","Sohil Chand","Nueva Capital","https://vcdekho.com/investors/sohil-chand"
"abhishek-agarwal","Abhishek Agarwal","Appreciate Capital","https://vcdekho.com/investors/abhishek-agarwal"
"sujit-kunte","Sujit Kunte","Spiral Ventures Pte. Ltd.","https://vcdekho.com/investors/sujit-kunte"
"abhinandan-lodha","Abhinandan Lodha","Lodha Ventures","https://vcdekho.com/investors/abhinandan-lodha"
"anisha-ramakrishnan","Anisha Ramakrishnan","Wami Capital - Single Family Office","https://vcdekho.com/investors/anisha-ramakrishnan"
"akshat-chaudhary","Akshat Chaudhary","3 Peaks Ventures","https://vcdekho.com/investors/akshat-chaudhary"
"shilpin-tater","Shilpin Tater","Superb Capital","https://vcdekho.com/investors/shilpin-tater"
"dhianu-das","Dhianu Das","Agility Ventures","https://vcdekho.com/investors/dhianu-das"
"prashant-narang","Prashant Narang","Agility Ventures","https://vcdekho.com/investors/prashant-narang"
"dhruv-dhanraj-bahl","Dhruv Dhanraj Bahl","Eternal Capital (India)","https://vcdekho.com/investors/dhruv-dhanraj-bahl"
"rohit-bafna","Rohit Bafna","888 VC","https://vcdekho.com/investors/rohit-bafna"
"satya-bansal","Satya Bansal","Blue Ashva Capital","https://vcdekho.com/investors/satya-bansal"
"richard-avery-wright","Richard Avery-Wright","1818 Venture Capital","https://vcdekho.com/investors/richard-avery-wright"
"virginia-tan","Virginia Tan","Teja Ventures","https://vcdekho.com/investors/virginia-tan"
"jonathan-sun","Jonathan Sun","UpsideDown VC","https://vcdekho.com/investors/jonathan-sun"
"peter-livingston","Peter Livingston","Unpopular Ventures","https://vcdekho.com/investors/peter-livingston"
"thibault-reichelt","Thibault Reichelt","Unpopular Ventures","https://vcdekho.com/investors/thibault-reichelt"
"aditya-kathpalia","Aditya Kathpalia","Orbit Startups","https://vcdekho.com/investors/aditya-kathpalia"
"abhijit-ray","Abhijit Ray","Unitus Capital","https://vcdekho.com/investors/abhijit-ray"
"kylie-charlton","Kylie Charlton","Unitus Capital","https://vcdekho.com/investors/kylie-charlton"
"mukesh-sharma","Mukesh Sharma","Menterra Ventures","https://vcdekho.com/investors/mukesh-sharma"
"paul-basil","Paul Basil","Menterra Ventures","https://vcdekho.com/investors/paul-basil"
"gopal-jain","Gopal Jain","Gaja Capital","https://vcdekho.com/investors/gopal-jain"
"manish-kejriwal","Manish Kejriwal","Kedaara Capital","https://vcdekho.com/investors/manish-kejriwal"
"sunish-sharma","Sunish Sharma","Kedaara Capital","https://vcdekho.com/investors/sunish-sharma"
"abhishek-agarwal-2","Abhishek Agarwal","OperatorVC","https://vcdekho.com/investors/abhishek-agarwal-2"
"sameer-guglani","Sameer Guglani","Supermorpheus","https://vcdekho.com/investors/sameer-guglani"
"arunav-gupta","Arunav Gupta","Wavelaunch VC","https://vcdekho.com/investors/arunav-gupta"
"pankaj-makkar","Pankaj Makkar","Bertelsmann India Investments","https://vcdekho.com/investors/pankaj-makkar"
"sameer-sain","Sameer Sain","Everstone Group","https://vcdekho.com/investors/sameer-sain"
"raja-kumar","Raja Kumar","Ascent Capital","https://vcdekho.com/investors/raja-kumar"
"gaurav-burman","Gaurav Burman","Burman Family Holdings","https://vcdekho.com/investors/gaurav-burman"
"darshan-engineer","Darshan Engineer","Narotam Sekhsaria Family Office","https://vcdekho.com/investors/darshan-engineer"
"sumeet-narang","Sumeet Narang","Samara Capital","https://vcdekho.com/investors/sumeet-narang"
"nirali-solani","Nirali Solani","Chona Family Office","https://vcdekho.com/investors/nirali-solani"
"gautam-ashra","Gautam Ashra","MGA Ventures","https://vcdekho.com/investors/gautam-ashra"
"jay-desai-2","Jay Desai","MGA Ventures","https://vcdekho.com/investors/jay-desai-2"
"surya-chadha","Surya Chadha","Madison India Capital","https://vcdekho.com/investors/surya-chadha"
"ankur-pahwa","Ankur Pahwa","PeerCapital","https://vcdekho.com/investors/ankur-pahwa"
"karthik-prabhakar","Karthik Prabhakar","PeerCapital","https://vcdekho.com/investors/karthik-prabhakar"
"nishtha-sethi","Nishtha Sethi","The Venture Folks","https://vcdekho.com/investors/nishtha-sethi"
"abhishek-goenka","Abhishek Goenka","RPSG Capital Ventures","https://vcdekho.com/investors/abhishek-goenka"
"mihir-joshi","Mihir Joshi","GVFL Limited","https://vcdekho.com/investors/mihir-joshi"
"ganapathy-venugopal","Ganapathy Venugopal","Axilor Ventures","https://vcdekho.com/investors/ganapathy-venugopal"
"sarath-naru","Sarath Naru","VenturEast","https://vcdekho.com/investors/sarath-naru"
"sushil-sharma","Sushil Sharma","Marwari Catalysts","https://vcdekho.com/investors/sushil-sharma"
"amit-sharma","Amit Sharma","Tanas Capital","https://vcdekho.com/investors/amit-sharma"
"srinivasa-rao-sureddi","Srinivasa Rao Sureddi","GUSEC","https://vcdekho.com/investors/srinivasa-rao-sureddi"
"chetan-mehta","Chetan Mehta","AUM Ventures","https://vcdekho.com/investors/chetan-mehta"
"abhishek-gupta","Abhishek Gupta","TVentures","https://vcdekho.com/investors/abhishek-gupta"
"priya-ramachandran","Priya Ramachandran","Foster Ventures","https://vcdekho.com/investors/priya-ramachandran"
"dhianu-das-2","Dhianu Das","Alfa Ventures","https://vcdekho.com/investors/dhianu-das-2"
"brijesh-damodaran-nair","Brijesh Damodaran Nair","Auxano Capital","https://vcdekho.com/investors/brijesh-damodaran-nair"
"visa-kannan","Visa Kannan","Saison Capital","https://vcdekho.com/investors/visa-kannan"
"chris-kaptein","Chris Kaptein","Integra Partners","https://vcdekho.com/investors/chris-kaptein"
"ankur-shrivastava","Ankur Shrivastava","Momentum Capital","https://vcdekho.com/investors/ankur-shrivastava"
"tarun-bhargava","Tarun Bhargava","AC Ventures","https://vcdekho.com/investors/tarun-bhargava"
"kanwal-rekhi","Kanwal Rekhi","Silicon Valley Quad (SVQ)","https://vcdekho.com/investors/kanwal-rekhi"
"rahul-chowdhury","Rahul Chowdhury","N+1 Capital","https://vcdekho.com/investors/rahul-chowdhury"
"ashish-singla","Ashish Singla","N+1 Capital","https://vcdekho.com/investors/ashish-singla"
"karan-mohla","Karan Mohla","B Capital","https://vcdekho.com/investors/karan-mohla"
"avantika-mandhani","Avantika Mandhani","Anay Ventures","https://vcdekho.com/investors/avantika-mandhani"
"manish-kheterpal","Manish Kheterpal","WaterBridge Ventures","https://vcdekho.com/investors/manish-kheterpal"
"sashi-reddi","Sashi Reddi","SRI Capital","https://vcdekho.com/investors/sashi-reddi"
"karthik-bhat","Karthik Bhat","Force Ventures","https://vcdekho.com/investors/karthik-bhat"
"apoorva-ranjan-sharma","Apoorva Ranjan Sharma","9Unicorns","https://vcdekho.com/investors/apoorva-ranjan-sharma"
"shanti-mohan","Shanti Mohan","LetsVenture","https://vcdekho.com/investors/shanti-mohan"
"nandini-mansinghka","Nandini Mansinghka","Mumbai Angels Network","https://vcdekho.com/investors/nandini-mansinghka"
"j-a-chowdary","J A Chowdary","Hyderabad Angels","https://vcdekho.com/investors/j-a-chowdary"
"sushanto-mitra","Sushanto Mitra","Lead Angels","https://vcdekho.com/investors/sushanto-mitra"
"raghav-kanoria","Raghav Kanoria","Calcutta Angels Network","https://vcdekho.com/investors/raghav-kanoria"
"sanjeev-bikhchandani","Sanjeev Bikhchandani","Info Edge Ventures","https://vcdekho.com/investors/sanjeev-bikhchandani"
"chinmaya-sharma","Chinmaya Sharma","Info Edge Ventures","https://vcdekho.com/investors/chinmaya-sharma"
"nishant-verman","Nishant Verman","Flipkart Ventures","https://vcdekho.com/investors/nishant-verman"
"amey-mashelkar","Amey Mashelkar","JioGenNext","https://vcdekho.com/investors/amey-mashelkar"
"zhooben-bhiwandiwala","Zhooben Bhiwandiwala","Mahindra Partners","https://vcdekho.com/investors/zhooben-bhiwandiwala"
"parag-shah","Parag Shah","Mahindra Partners","https://vcdekho.com/investors/parag-shah"
"chenelle-ansah","Chenelle Ansah","LightPace VC","https://vcdekho.com/investors/chenelle-ansah"
"deep-verma","Deep Verma","Tiger Global Management","https://vcdekho.com/investors/deep-verma"
"badri-pillapakkam","Badri Pillapakkam","Omidyar Network India","https://vcdekho.com/investors/badri-pillapakkam"
"willson-cuaca","Willson Cuaca","East Ventures","https://vcdekho.com/investors/willson-cuaca"
"jeremy-fritzhand","Jeremy Fritzhand","VentureStudio","https://vcdekho.com/investors/jeremy-fritzhand"
"micky-malka","Micky Malka","Ribbit Capital","https://vcdekho.com/investors/micky-malka"
"khaled-jalanbo","Khaled Jalanbo","Valia Ventures","https://vcdekho.com/investors/khaled-jalanbo"
"morgan-schwanke","Morgan Schwanke","Mana Ventures","https://vcdekho.com/investors/morgan-schwanke"
"elizabeth-yin","Elizabeth Yin","Hustle Fund","https://vcdekho.com/investors/elizabeth-yin"
"shiyan-koh","Shiyan Koh","Hustle Fund","https://vcdekho.com/investors/shiyan-koh"
"david-haddad","David Haddad","Superscout","https://vcdekho.com/investors/david-haddad"
"arup-kumar","Arup Kumar","SIDBI Venture Capital","https://vcdekho.com/investors/arup-kumar"
"sanjeev-kumar-shrivastava","Sanjeev Kumar Shrivastava","Canbank Venture Capital Fund","https://vcdekho.com/investors/sanjeev-kumar-shrivastava"
"v-anish-babu","V. Anish Babu","IFCI Venture Capital Funds","https://vcdekho.com/investors/v-anish-babu"
"puneet-nanda","Puneet Nanda","ICICI Venture","https://vcdekho.com/investors/puneet-nanda"
"s-sriniwasan","S. Sriniwasan","Kotak Private Equity","https://vcdekho.com/investors/s-sriniwasan"
"lee-fitzgerald","Lee FitzGerald","Patamar Capital","https://vcdekho.com/investors/lee-fitzgerald"
"sergej-belozerov","Sergej Belozerov","Greyhound Capital","https://vcdekho.com/investors/sergej-belozerov"
"ravi-mehta","Ravi Mehta","Steadview Capital","https://vcdekho.com/investors/ravi-mehta"
"takeshi-ebihara","Takeshi Ebihara","Rebright Partners","https://vcdekho.com/investors/takeshi-ebihara"
"brij-bhasin","Brij Bhasin","Rebright Partners","https://vcdekho.com/investors/brij-bhasin"
"rajan-anandan","Rajan Anandan","Surge","https://vcdekho.com/investors/rajan-anandan"
"jared-friedman","Jared Friedman","Y Combinator","https://vcdekho.com/investors/jared-friedman"
"ray-newal","Ray Newal","Techstars","https://vcdekho.com/investors/ray-newal"
"amit-anand","Amit Anand","Jungle Ventures","https://vcdekho.com/investors/amit-anand"
"paul-santos","Paul Santos","Wavemaker Partners","https://vcdekho.com/investors/paul-santos"
"yinglan-tan","Yinglan Tan","Insignia Ventures Partners","https://vcdekho.com/investors/yinglan-tan"
"supriya-singh","Supriya Singh","JAFCO Asia","https://vcdekho.com/investors/supriya-singh"
"tow-heng-tan","Tow Heng Tan","Seviora","https://vcdekho.com/investors/tow-heng-tan"
"shantanu-rastogi","Shantanu Rastogi","General Atlantic","https://vcdekho.com/investors/shantanu-rastogi"
"vishal-gupta","Vishal Gupta","Bessemer Venture Partners","https://vcdekho.com/investors/vishal-gupta"
"ashutosh-sharma","Ashutosh Sharma","Prosus Ventures","https://vcdekho.com/investors/ashutosh-sharma"
"apoorve-goyal","Apoorve Goyal","Prosus Ventures","https://vcdekho.com/investors/apoorve-goyal"
"ravi-lambah","Ravi Lambah","Temasek","https://vcdekho.com/investors/ravi-lambah"
"sumer-juneja","Sumer Juneja","SoftBank Investment Advisers","https://vcdekho.com/investors/sumer-juneja"
"jp-lee","JP Lee","SoftBank Ventures Asia","https://vcdekho.com/investors/jp-lee"
"nikhil-sachdev","Nikhil Sachdev","Insight Partners","https://vcdekho.com/investors/nikhil-sachdev"
"rahul-kishore","Rahul Kishore","Coatue Management","https://vcdekho.com/investors/rahul-kishore"
"yuri-milner","Yuri Milner","DST Global","https://vcdekho.com/investors/yuri-milner"
"mukesh-mehta","Mukesh Mehta","Blackstone Growth","https://vcdekho.com/investors/mukesh-mehta"
"narendra-ostawal","Narendra Ostawal","Warburg Pincus","https://vcdekho.com/investors/narendra-ostawal"
"amit-chandra","Amit Chandra","Bain Capital","https://vcdekho.com/investors/amit-chandra"
"amit-jain","Amit Jain","Carlyle Group","https://vcdekho.com/investors/amit-jain"
"brahmal-vasudevan","Brahmal Vasudevan","Creador","https://vcdekho.com/investors/brahmal-vasudevan"
"kabir-thakur","Kabir Thakur","Creador","https://vcdekho.com/investors/kabir-thakur"
"shilpa-kumar","Shilpa Kumar","British International Investment","https://vcdekho.com/investors/shilpa-kumar"
"vincent-vandenbussche","Vincent Vandenbussche","Proparco","https://vcdekho.com/investors/vincent-vandenbussche"
"prachi-windlass","Prachi Windlass","Michael & Susan Dell Foundation","https://vcdekho.com/investors/prachi-windlass"
"sachin-chiramel","Sachin Chiramel","Cisco Investments","https://vcdekho.com/investors/sachin-chiramel"
"snehal-deshpande","Snehal Deshpande","Samsung Ventures","https://vcdekho.com/investors/snehal-deshpande"
"abhijeet-muzumdar","Abhijeet Muzumdar","Amazon Smbhav Venture Fund","https://vcdekho.com/investors/abhijeet-muzumdar"
"alex-manson","Alex Manson","SC Ventures","https://vcdekho.com/investors/alex-manson"
"pawan-chaturvedi","Pawan Chaturvedi","Unilever Ventures","https://vcdekho.com/investors/pawan-chaturvedi"
"srini-vudayagiri","Srini Vudayagiri","Brand Capital","https://vcdekho.com/investors/srini-vudayagiri"
"nitish-mittersain","Nitish Mittersain","Nazara Ventures","https://vcdekho.com/investors/nitish-mittersain"
"yoko-fukata","Yoko Fukata","Sony Innovation Fund","https://vcdekho.com/investors/yoko-fukata"
"robert-linck","Robert Linck","Shell Ventures","https://vcdekho.com/investors/robert-linck"
"padmaja-ruparel","Padmaja Ruparel","IAN Fund","https://vcdekho.com/investors/padmaja-ruparel"
"rajnish-kapur","Rajnish Kapur","IAN Fund","https://vcdekho.com/investors/rajnish-kapur"
"priyanka-agarwal-chopra","Priyanka Agarwal Chopra","CIIE.CO","https://vcdekho.com/investors/priyanka-agarwal-chopra"
"kavikrut","Kavikrut","T-Hub","https://vcdekho.com/investors/kavikrut"
"c-v-jawahar","C. V. Jawahar","CIE IIIT Hyderabad","https://vcdekho.com/investors/c-v-jawahar"
"hemant-gupta","Hemant Gupta","Zone Startups India","https://vcdekho.com/investors/hemant-gupta"
"kalpesh-kikani","Kalpesh Kikani","Piramal Alternatives","https://vcdekho.com/investors/kalpesh-kikani"
"amit-agarwal","Amit Agarwal","Edelweiss Alternative Asset Advisors","https://vcdekho.com/investors/amit-agarwal"
"vishal-tulsyan","Vishal Tulsyan","Motilal Oswal Private Equity","https://vcdekho.com/investors/vishal-tulsyan"
"darius-pandole","Darius Pandole","JM Financial Private Equity","https://vcdekho.com/investors/darius-pandole"
"shreyansh-singh","Shreyansh Singh","Polygon Ventures","https://vcdekho.com/investors/shreyansh-singh"
"pranav-sharma","Pranav Sharma","Woodstock Fund","https://vcdekho.com/investors/pranav-sharma"
"himanshu-yadav","Himanshu Yadav","Woodstock Fund","https://vcdekho.com/investors/himanshu-yadav"
"harsh-jain","Harsh Jain","Dream Sports Ventures","https://vcdekho.com/investors/harsh-jain"
"t-s-anantakrishnan","T. S. Anantakrishnan","Varanium Capital Advisors","https://vcdekho.com/investors/t-s-anantakrishnan"
"aparajit-bhandarkar","Aparajit Bhandarkar","Varanium Capital Advisors","https://vcdekho.com/investors/aparajit-bhandarkar"
"rohit-jain","Rohit Jain","CoinDCX Ventures","https://vcdekho.com/investors/rohit-jain"
"prem-prabhakar","Prem Prabhakar","SBI Caps Ventures / SBICAP Ventures","https://vcdekho.com/investors/prem-prabhakar"
"anoop-ambika","Anoop Ambika","Kerala Startup Mission","https://vcdekho.com/investors/anoop-ambika"
"rasika-prashant","Rasika Prashant","NSRCEL","https://vcdekho.com/investors/rasika-prashant"
"sameer-nath","Sameer Nath","IIFL Seed Venture Fund / IIFL PE","https://vcdekho.com/investors/sameer-nath"
"sumegh-bhatia","Sumegh Bhatia","Lighthouse Canton","https://vcdekho.com/investors/sumegh-bhatia"
"suranjana-ghosh","Suranjana Ghosh","Marico Growth Ventures","https://vcdekho.com/investors/suranjana-ghosh"
"ronnie-screwvala","Ronnie Screwvala","upGrad Ventures","https://vcdekho.com/investors/ronnie-screwvala"
"himanshu-kapoor","Himanshu Kapoor","PayU Ventures","https://vcdekho.com/investors/himanshu-kapoor"
"mayank-shiromani","Mayank Shiromani","Mitsubishi UFJ Capital","https://vcdekho.com/investors/mayank-shiromani"
"rahil-rangwala","Rahil Rangwala","Accion Venture Lab","https://vcdekho.com/investors/rahil-rangwala"
"srinivas-ramanujam","Srinivas Ramanujam","Villgro","https://vcdekho.com/investors/srinivas-ramanujam"
"tamaswati-ghosh","Tamaswati Ghosh","IIT Madras Incubation Cell","https://vcdekho.com/investors/tamaswati-ghosh"
"shaji-varghese","Shaji Varghese","SINE IIT Bombay","https://vcdekho.com/investors/shaji-varghese"
"ashutosh-agnihotri","Ashutosh Agnihotri","SIIC IIT Kanpur","https://vcdekho.com/investors/ashutosh-agnihotri"
"v-k-rai","V. K. Rai","IIM Calcutta Innovation Park","https://vcdekho.com/investors/v-k-rai"
"saumya-kumar","Saumya Kumar","ISB DLabs / CEL","https://vcdekho.com/investors/saumya-kumar"
"chintan-bakshi","Chintan Bakshi","Startup Oasis","https://vcdekho.com/investors/chintan-bakshi"
"vish-sahasranamam","Vish Sahasranamam","Forge Innovation & Ventures","https://vcdekho.com/investors/vish-sahasranamam"
"mrutyunjay-suar","Mrutyunjay Suar","KIIT-TBI","https://vcdekho.com/investors/mrutyunjay-suar"
"k-suresh-kumar","K. Suresh Kumar","PSG-STEP","https://vcdekho.com/investors/k-suresh-kumar"
"tejbanta-s-chingtham","Tejbanta S. Chingtham","AIC-SMU Technology Business Incubation Foundation","https://vcdekho.com/investors/tejbanta-s-chingtham"
"nagaraja-prakasam","Nagaraja Prakasam","Nativelead Foundation / Nativelead Angels","https://vcdekho.com/investors/nagaraja-prakasam"
"alok-mittal","Alok Mittal","TiE Delhi-NCR Angels","https://vcdekho.com/investors/alok-mittal"
"apoorva-ranjan-sharma-2","Apoorva Ranjan Sharma","TiE Mumbai Angels","https://vcdekho.com/investors/apoorva-ranjan-sharma-2"
"shankar-v","Shankar V","TiE Chennai Angels","https://vcdekho.com/investors/shankar-v"
"seema-baid","Seema Baid","JITO Angel Network","https://vcdekho.com/investors/seema-baid"
"vineet-chadha","Vineet Chadha","Tata Capital Innovations","https://vcdekho.com/investors/vineet-chadha"
"sanjiv-aggarwal","Sanjiv Aggarwal","NIIF","https://vcdekho.com/investors/sanjiv-aggarwal"
"immanuvel-ganesan","Immanuvel Ganesan","NABKISAN Finance / NABARD ecosystem","https://vcdekho.com/investors/immanuvel-ganesan"
"ali-wasti","Ali Wasti","Wipro Ventures","https://vcdekho.com/investors/ali-wasti"
"girish-mathrubootham","Girish Mathrubootham","Freshworks Capital","https://vcdekho.com/investors/girish-mathrubootham"
"abhinav-asthana","Abhinav Asthana","Postman Capital","https://vcdekho.com/investors/abhinav-asthana"
"ritesh-arora","Ritesh Arora","BrowserStack Investments","https://vcdekho.com/investors/ritesh-arora"
"krish-subramanian","Krish Subramanian","Chargebee Investments","https://vcdekho.com/investors/krish-subramanian"
"shyam-mundhada","Shyam Mundhada","Infosys Innovation Fund","https://vcdekho.com/investors/shyam-mundhada"
"anil-sharma","Anil Sharma","TCS Co-Innovation / TCS Ventures","https://vcdekho.com/investors/anil-sharma"
"sachin-varshney","Sachin Varshney","HCL Software Investments","https://vcdekho.com/investors/sachin-varshney"
"srikumar-ramanathan","Srikumar Ramanathan","Mphasis NEXT Labs Investments","https://vcdekho.com/investors/srikumar-ramanathan"
"saurabh-dwivedi","Saurabh Dwivedi","Persistent Ventures","https://vcdekho.com/investors/saurabh-dwivedi"
"nupur-hemant","Nupur Hemant","Mindtree Ventures / LTIMindtree Investments","https://vcdekho.com/investors/nupur-hemant"
"jishnu-batabyal","Jishnu Batabyal","Godrej Family Office","https://vcdekho.com/investors/jishnu-batabyal"
"kapil-agarwal","Kapil Agarwal","Bharti Family Office","https://vcdekho.com/investors/kapil-agarwal"
"vellayan-subbiah","Vellayan Subbiah","Murugappa Family Office","https://vcdekho.com/investors/vellayan-subbiah"
"subodh-gupta","Subodh Gupta","Goenka Family Office","https://vcdekho.com/investors/subodh-gupta"
"akash-prakash","Akash Prakash","Amansa Holdings","https://vcdekho.com/investors/akash-prakash"
"sumeet-nagar","Sumeet Nagar","Malabar Investments","https://vcdekho.com/investors/sumeet-nagar"
"p-v-harikrishnan","P. V. Harikrishnan","KITVEN","https://vcdekho.com/investors/p-v-harikrishnan"
"paula-mariwala","Paula Mariwala","Stanford Angels & Entrepreneurs India","https://vcdekho.com/investors/paula-mariwala"
"sushanto-mitra-2","Sushanto Mitra","IIT Bombay Alumni Angels","https://vcdekho.com/investors/sushanto-mitra-2"
"shrikant-patil","Shrikant Patil","Maharashtra State Innovation Society","https://vcdekho.com/investors/shrikant-patil"
"suryateja-mallavarapu","Suryateja Mallavarapu","Andhra Pradesh Innovation Society","https://vcdekho.com/investors/suryateja-mallavarapu"
"jaykumar-joshi","Jaykumar Joshi","Gujarat Student Startup Innovation Hub / i-Hub","https://vcdekho.com/investors/jaykumar-joshi"
"sanjeev-kumar-gupta","Sanjeev Kumar Gupta","Karnataka Innovation Authority / Elevate","https://vcdekho.com/investors/sanjeev-kumar-gupta"
"l-nirmal-raj","L. Nirmal Raj","Tamil Nadu Startup & Innovation Mission","https://vcdekho.com/investors/l-nirmal-raj"
"smruti-ranjan-pradhan","Smruti Ranjan Pradhan","Odisha Startup / Startup Odisha","https://vcdekho.com/investors/smruti-ranjan-pradhan"
"kavikrut-2","Kavikrut","Telangana TSIC / T-Hub related programs","https://vcdekho.com/investors/kavikrut-2"
"surya-mantha","Surya Mantha","Unitus Ventures","https://vcdekho.com/investors/surya-mantha"
"bharati-jacob","Bharati Jacob","Seedfund","https://vcdekho.com/investors/bharati-jacob"
"shyam-menon","Shyam Menon","Infuse Ventures","https://vcdekho.com/investors/shyam-menon"
"vikram-gandhi","Vikram Gandhi","Asha Impact","https://vcdekho.com/investors/vikram-gandhi"
"rob-kaplan","Rob Kaplan","Circulate Capital","https://vcdekho.com/investors/rob-kaplan"
"mahesh-parasuraman","Mahesh Parasuraman","Amicus Capital","https://vcdekho.com/investors/mahesh-parasuraman"
"neeraj-bhargava","Neeraj Bhargava","Zodius Capital","https://vcdekho.com/investors/neeraj-bhargava"
"vijay-singh-rathore","Vijay Singh Rathore","Soonicorn Club Ventures","https://vcdekho.com/investors/vijay-singh-rathore"
"akhil-shahani","Akhil Shahani","UnLtd India","https://vcdekho.com/investors/akhil-shahani"
"taslimarif-saiyed","Taslimarif Saiyed","C-CAMP","https://vcdekho.com/investors/taslimarif-saiyed"
"satya-prakash-dash","Satya Prakash Dash","IKP Knowledge Park","https://vcdekho.com/investors/satya-prakash-dash"
"ranjit-kumar","Ranjit Kumar","a-IDEA NAARM","https://vcdekho.com/investors/ranjit-kumar"
"akriti-sharma","Akriti Sharma","Pusa Krishi","https://vcdekho.com/investors/akriti-sharma"
"ranjit-kumar-2","Ranjit Kumar","Agri Udaan","https://vcdekho.com/investors/ranjit-kumar-2"
"ashwani-pareek","Ashwani Pareek","NABI Mohali","https://vcdekho.com/investors/ashwani-pareek"
"sanjeev-chopra","Sanjeev Chopra","Electropreneur Park","https://vcdekho.com/investors/sanjeev-chopra"
"arvind-kumar","Arvind Kumar","STPI Centres of Entrepreneurship","https://vcdekho.com/investors/arvind-kumar"
"joginder-tanikella","Joginder Tanikella","T-Works","https://vcdekho.com/investors/joginder-tanikella"
"aparna-v","Aparna V.","SAP.iO Foundry India","https://vcdekho.com/investors/aparna-v"
"ragini-das","Ragini Das","Google for Startups Accelerator India","https://vcdekho.com/investors/ragini-das"
"kapil-chawla","Kapil Chawla","Microsoft for Startups India","https://vcdekho.com/investors/kapil-chawla"
"amitabh-nagpal","Amitabh Nagpal","AWS Activate India","https://vcdekho.com/investors/amitabh-nagpal"
"arundhati-banerjee","Arundhati Banerjee","NVIDIA Inception","https://vcdekho.com/investors/arundhati-banerjee"
"gaurav-goel","Gaurav Goel","Yes Fintech","https://vcdekho.com/investors/gaurav-goel"
"seshadri-kannan","Seshadri Kannan","TiE Nurture","https://vcdekho.com/investors/seshadri-kannan"
"sujit-jagirdar","Sujit Jagirdar","Founders Institute Hyderabad","https://vcdekho.com/investors/sujit-jagirdar"
"balan-gurumoorthy","Balan Gurumoorthy","IISc SID","https://vcdekho.com/investors/balan-gurumoorthy"
"keyur-punjani","Keyur Punjani","IIT Hyderabad i-TIC","https://vcdekho.com/investors/keyur-punjani"
"urmi-buragohain","Urmi Buragohain","IIT Guwahati Technology Incubation Centre","https://vcdekho.com/investors/urmi-buragohain"
"anil-singh","Anil Singh","IIT Mandi Catalyst","https://vcdekho.com/investors/anil-singh"
"bhupesh-kumar-lad","Bhupesh Kumar Lad","IIT Indore Innovation","https://vcdekho.com/investors/bhupesh-kumar-lad"
"soobhankar-pati","Soobhankar Pati","IIT Bhubaneswar Research & Entrepreneurship Park","https://vcdekho.com/investors/soobhankar-pati"
"azam-ali-khan","Azam Ali Khan","IIT Roorkee TIDES","https://vcdekho.com/investors/azam-ali-khan"
"subray-r-hegde","Subray R. Hegde","NITK STEP","https://vcdekho.com/investors/subray-r-hegde"
"susil-kumar-kanagaraj-victor","Susil Kumar Kanagaraj Victor","NIT Trichy TBI","https://vcdekho.com/investors/susil-kumar-kanagaraj-victor"
"sachin-arya","Sachin Arya","BITS Pilani TBI","https://vcdekho.com/investors/sachin-arya"
"krishnashree-achuthan","Krishnashree Achuthan","Amrita TBI","https://vcdekho.com/investors/krishnashree-achuthan"
"a-balachandran","A. Balachandran","VIT-TBI","https://vcdekho.com/investors/a-balachandran"
"yamini-bhushan-pandey","Yamini Bhushan Pandey","IIM Lucknow Enterprise Incubator","https://vcdekho.com/investors/yamini-bhushan-pandey"
"ashutosh-sarkar","Ashutosh Sarkar","IIM Kozhikode LIVE","https://vcdekho.com/investors/ashutosh-sarkar"
"avinash-punekar","Avinash Punekar","iCreate","https://vcdekho.com/investors/avinash-punekar"
"somveer-anand","Somveer Anand","Startup Punjab","https://vcdekho.com/investors/somveer-anand"
"suma-prashant","Suma Prashant","RTBI IIT Madras","https://vcdekho.com/investors/suma-prashant"
"neera-nundy","Neera Nundy","Dasra","https://vcdekho.com/investors/neera-nundy"
"mahesh-yagnaraman","Mahesh Yagnaraman","Acumen Academy India","https://vcdekho.com/investors/mahesh-yagnaraman"
"sanjeev-malhotra","Sanjeev Malhotra","NASSCOM CoE IoT & AI","https://vcdekho.com/investors/sanjeev-malhotra"
"nipun-jain","Nipun Jain","Razorpay Rize","https://vcdekho.com/investors/nipun-jain"
"priyank-narayan","Priyank Narayan","Ashoka University Entrepreneurship","https://vcdekho.com/investors/priyank-narayan"
"puneeth-rai","Puneeth Rai","AIC NITTE","https://vcdekho.com/investors/puneeth-rai"
"manohara-pai-m-m","Manohara Pai M M","Manipal Universal TBI","https://vcdekho.com/investors/manohara-pai-m-m"
"d-s-prashant","D S Prashant","Goa Startup Mission","https://vcdekho.com/investors/d-s-prashant"
"abha-rishi","Abha Rishi","Startup Madhya Pradesh","https://vcdekho.com/investors/abha-rishi"
"hemang-shah","Hemang Shah","Qualcomm Design in India Startup","https://vcdekho.com/investors/hemang-shah"
"nimesh-kampani","Nimesh Kampani","108 Capital","https://vcdekho.com/investors/nimesh-kampani"
"mohanlal-parameshwara-menon","Mohanlal Parameshwara Menon","77 East Ventures","https://vcdekho.com/investors/mohanlal-parameshwara-menon"
"kunal-khattar-2","Kunal Khattar","Advantedge","https://vcdekho.com/investors/kunal-khattar-2"
"amit-mehta","Amit Mehta","Asha Ventures","https://vcdekho.com/investors/amit-mehta"
"kabir-kochhar","Kabir Kochhar","Audacity Ventures","https://vcdekho.com/investors/kabir-kochhar"
"sanjay-g-kothari","Sanjay G Kothari","AudTen Capital","https://vcdekho.com/investors/sanjay-g-kothari"
"sagar-agarvwal","Sagar Agarvwal","Beams VC","https://vcdekho.com/investors/sagar-agarvwal"
"chhavi-bhardwaj-kargaonkar","Chhavi Bhardwaj Kargaonkar","ConsumerX Ventures","https://vcdekho.com/investors/chhavi-bhardwaj-kargaonkar"
"sandeep-jethwani","Sandeep Jethwani","Dezerv","https://vcdekho.com/investors/sandeep-jethwani"
"rajesh-sehgal","Rajesh Sehgal","Equanimity Ventures","https://vcdekho.com/investors/rajesh-sehgal"
"ruchira-shukla-2","Ruchira Shukla","Green Marble VC","https://vcdekho.com/investors/ruchira-shukla-2"
"ayush-goyal","Ayush Goyal","Induckt VC","https://vcdekho.com/investors/ayush-goyal"
"navneet-kaushik","Navneet Kaushik","Jamwant Ventures","https://vcdekho.com/investors/navneet-kaushik"
"vasu-guruswamy","Vasu Guruswamy","Lavni Ventures","https://vcdekho.com/investors/vasu-guruswamy"
"akshat-poddar","Akshat Poddar","LongView Ventures","https://vcdekho.com/investors/akshat-poddar"
"rajeev-mantri","Rajeev Mantri","Navam Capital","https://vcdekho.com/investors/rajeev-mantri"
"manoj-laddha","Manoj Laddha","Pangram Ventures","https://vcdekho.com/investors/manoj-laddha"
"siddharth-parekh","Siddharth Parekh","Paragon Partners","https://vcdekho.com/investors/siddharth-parekh"
"anupam-thareja","Anupam Thareja","Phi Capital","https://vcdekho.com/investors/anupam-thareja"
"ajay-jain","Ajay Jain","Silver Needle","https://vcdekho.com/investors/ajay-jain"
"andrey-terebenin","Andrey Terebenin","Sistema Asia Fund","https://vcdekho.com/investors/andrey-terebenin"
"anuj-jain","Anuj Jain","Startup-O","https://vcdekho.com/investors/anuj-jain"
"vikrant-varshney","Vikrant Varshney","SucSEED Indovation","https://vcdekho.com/investors/vikrant-varshney"
"mahavir-pratap-sharma","Mahavir Pratap Sharma","Swishin Ventures","https://vcdekho.com/investors/mahavir-pratap-sharma"
"manick-wadhwa","Manick Wadhwa","Tryrock Capital","https://vcdekho.com/investors/manick-wadhwa"
"madhu-vasepalli","Madhu Vasepalli","ValleyNXT Ventures","https://vcdekho.com/investors/madhu-vasepalli"
"pankaj-jethwani","Pankaj Jethwani","W Health Ventures","https://vcdekho.com/investors/pankaj-jethwani"
"sanjay-mehta","Sanjay Mehta","Angel Investor","https://vcdekho.com/investors/sanjay-mehta"
"kunal-shah","Kunal Shah","Angel Investor","https://vcdekho.com/investors/kunal-shah"
"anand-chandrasekaran","Anand Chandrasekaran","Angel Investor","https://vcdekho.com/investors/anand-chandrasekaran"
"kunal-bahl","Kunal Bahl","Angel Investor","https://vcdekho.com/investors/kunal-bahl"
"gaurav-munjal","Gaurav Munjal","Angel Investor","https://vcdekho.com/investors/gaurav-munjal"
"ritesh-agarwal","Ritesh Agarwal","OYO","https://vcdekho.com/investors/ritesh-agarwal"
"anupam-mittal","Anupam Mittal","Angel Investor","https://vcdekho.com/investors/anupam-mittal"
"sachin-bhatt","Sachin Bhatt","Angel Investor","https://vcdekho.com/investors/sachin-bhatt"
"rohit-bansal","Rohit Bansal","Angel Investor","https://vcdekho.com/investors/rohit-bansal"
"binny-bansal","Binny Bansal","Flipkart Ventures","https://vcdekho.com/investors/binny-bansal"
"sachin-bansal","Sachin Bansal","Navi","https://vcdekho.com/investors/sachin-bansal"
"falguni-nayar","Falguni Nayar","Nykaa","https://vcdekho.com/investors/falguni-nayar"
"peyush-bansal","Peyush Bansal","Angel Investor","https://vcdekho.com/investors/peyush-bansal"
"aman-gupta","Aman Gupta","boAt","https://vcdekho.com/investors/aman-gupta"
"deepinder-goyal","Deepinder Goyal","Angel Investor","https://vcdekho.com/investors/deepinder-goyal"
"bhavish-aggarwal","Bhavish Aggarwal","Angel Investor","https://vcdekho.com/investors/bhavish-aggarwal"
"harshil-mathur","Harshil Mathur","Angel Investor","https://vcdekho.com/investors/harshil-mathur"
"shashank-kumar","Shashank Kumar","Razorpay","https://vcdekho.com/investors/shashank-kumar"
"vidit-aatrey","Vidit Aatrey","Meesho","https://vcdekho.com/investors/vidit-aatrey"
"sanjay-sethi","Sanjay Sethi","Angel Investor","https://vcdekho.com/investors/sanjay-sethi"
"mukesh-bansal","Mukesh Bansal","Angel Investor","https://vcdekho.com/investors/mukesh-bansal"
"sujeet-kumar","Sujeet Kumar","Udaan","https://vcdekho.com/investors/sujeet-kumar"
"aprameya-radhakrishna","Aprameya Radhakrishna","Angel Investor","https://vcdekho.com/investors/aprameya-radhakrishna"
"sharad-sharma","Sharad Sharma","iSPIRT","https://vcdekho.com/investors/sharad-sharma"
"ashish-kashyap","Ashish Kashyap","Angel Investor","https://vcdekho.com/investors/ashish-kashyap"
"phanindra-sama","Phanindra Sama","redBus","https://vcdekho.com/investors/phanindra-sama"
"varun-alagh","Varun Alagh","Mamaearth","https://vcdekho.com/investors/varun-alagh"
"ghazal-alagh","Ghazal Alagh","Mamaearth","https://vcdekho.com/investors/ghazal-alagh"
"ankur-warikoo","Ankur Warikoo","Angel Investor","https://vcdekho.com/investors/ankur-warikoo"
"radhika-gupta","Radhika Gupta","Angel Investor","https://vcdekho.com/investors/radhika-gupta"
"nikhil-kamath","Nikhil Kamath","Angel Investor","https://vcdekho.com/investors/nikhil-kamath"
"ashneer-grover","Ashneer Grover","BharatPe","https://vcdekho.com/investors/ashneer-grover"
"namita-thapar","Namita Thapar","Angel Investor","https://vcdekho.com/investors/namita-thapar"
"vineeta-singh","Vineeta Singh","Angel Investor","https://vcdekho.com/investors/vineeta-singh"
"sumeet-arora","Sumeet Arora","Aevitas Capital","https://vcdekho.com/investors/sumeet-arora"
"ankit-bhati","Ankit Bhati","Angel Investor","https://vcdekho.com/investors/ankit-bhati"
"yashish-dahiya","Yashish Dahiya","Policybazaar","https://vcdekho.com/investors/yashish-dahiya"
"alok-bansal","Alok Bansal","Policybazaar","https://vcdekho.com/investors/alok-bansal"
"trishneet-arora","Trishneet Arora","Angel Investor","https://vcdekho.com/investors/trishneet-arora"
"kalyan-krishnamurthy","Kalyan Krishnamurthy","Flipkart Ventures","https://vcdekho.com/investors/kalyan-krishnamurthy"
"harsh-mariwala","Harsh Mariwala","Angel Investor","https://vcdekho.com/investors/harsh-mariwala"
"ashni-biyani","Ashni Biyani","Angel Investor","https://vcdekho.com/investors/ashni-biyani"
"meena-ganesh","Meena Ganesh","Portea Medical","https://vcdekho.com/investors/meena-ganesh"
"ganesh-krishnan","Ganesh Krishnan","Angel Investor","https://vcdekho.com/investors/ganesh-krishnan"
"revathi-kant","Revathi Kant","Maruti Suzuki","https://vcdekho.com/investors/revathi-kant"
"sairee-chahal","Sairee Chahal","SHEROES","https://vcdekho.com/investors/sairee-chahal"
"anisha-singh","Anisha Singh","Angel Investor","https://vcdekho.com/investors/anisha-singh"
"suchi-mukherjee","Suchi Mukherjee","Angel Investor","https://vcdekho.com/investors/suchi-mukherjee"
"manish-tandon","Manish Tandon","Udaan","https://vcdekho.com/investors/manish-tandon"
"praveen-sinha","Praveen Sinha","Angel Investor","https://vcdekho.com/investors/praveen-sinha"
"sridhar-vembu","Sridhar Vembu","Zoho Investments","https://vcdekho.com/investors/sridhar-vembu"
"shekhar-kirani","Shekhar Kirani","Angel Investor","https://vcdekho.com/investors/shekhar-kirani"
"prashanth-prakash","Prashanth Prakash","Angel Investor","https://vcdekho.com/investors/prashanth-prakash"
"abheek-anand","Abheek Anand","Steadview Capital","https://vcdekho.com/investors/abheek-anand"
"ravi-adusumalli","Ravi Adusumalli","Elevation Capital","https://vcdekho.com/investors/ravi-adusumalli"
"karthik-reddy","Karthik Reddy","Blume Ventures","https://vcdekho.com/investors/karthik-reddy"
"sanjay-nath","Sanjay Nath","Angel Investor","https://vcdekho.com/investors/sanjay-nath"
"anand-ladsariya","Anand Ladsariya","Everest Flavours","https://vcdekho.com/investors/anand-ladsariya"
"rehan-yahya","Rehan Yahya","growX ventures","https://vcdekho.com/investors/rehan-yahya"
"bala-parthasarathy","Bala Parthasarathy","Bala Parthasarathy Family Office","https://vcdekho.com/investors/bala-parthasarathy"
"ashish-gupta","Ashish Gupta","Helion Venture Partners","https://vcdekho.com/investors/ashish-gupta"
"sanjiv-kaul","Sanjiv Kaul","Angel Investor","https://vcdekho.com/investors/sanjiv-kaul"
"rishad-premji","Rishad Premji","Wipro Ventures","https://vcdekho.com/investors/rishad-premji"
"t-v-mohandas-pai","T.V. Mohandas Pai","Aarin Capital","https://vcdekho.com/investors/t-v-mohandas-pai"
"naveen-tewari","Naveen Tewari","Angel Investor","https://vcdekho.com/investors/naveen-tewari"
"piyush-shah","Piyush Shah","InMobi","https://vcdekho.com/investors/piyush-shah"
"ankit-sobti","Ankit Sobti","Angel Investor","https://vcdekho.com/investors/ankit-sobti"
"abhijit-kane","Abhijit Kane","Angel Investor","https://vcdekho.com/investors/abhijit-kane"
"srihari-kumar","Srihari Kumar","Angel Investor","https://vcdekho.com/investors/srihari-kumar"
"akash-sinha","Akash Sinha","Cashfree Payments","https://vcdekho.com/investors/akash-sinha"
"yashwanth-kumar","Yashwanth Kumar","Angel Investor","https://vcdekho.com/investors/yashwanth-kumar"
"shailesh-rao","Shailesh Rao","Angel Investor","https://vcdekho.com/investors/shailesh-rao"
"caesar-sengupta","Caesar Sengupta","Angel Investor","https://vcdekho.com/investors/caesar-sengupta"
"sameer-nigam","Sameer Nigam","Angel Investor","https://vcdekho.com/investors/sameer-nigam"
"rahul-chari","Rahul Chari","Angel Investor","https://vcdekho.com/investors/rahul-chari"
"dhruv-sheth","Dhruv Sheth","Angel Investor","https://vcdekho.com/investors/dhruv-sheth"
"bhavin-turakhia","Bhavin Turakhia","Angel Investor","https://vcdekho.com/investors/bhavin-turakhia"
"divyank-turakhia","Divyank Turakhia","Angel Investor","https://vcdekho.com/investors/divyank-turakhia"
"radhakishan-damani","Radhakishan Damani","Angel Investor","https://vcdekho.com/investors/radhakishan-damani"
"vijay-shekhar-sharma","Vijay Shekhar Sharma","Angel Investor","https://vcdekho.com/investors/vijay-shekhar-sharma"
"madhur-deora","Madhur Deora","Angel Investor","https://vcdekho.com/investors/madhur-deora"
"amit-nayyar","Amit Nayyar","Angel Investor","https://vcdekho.com/investors/amit-nayyar"
"deep-kalra","Deep Kalra","Angel Investor","https://vcdekho.com/investors/deep-kalra"
"rajesh-magow","Rajesh Magow","Angel Investor","https://vcdekho.com/investors/rajesh-magow"
"dinesh-agarwal","Dinesh Agarwal","Angel Investor","https://vcdekho.com/investors/dinesh-agarwal"
"brijesh-agrawal","Brijesh Agrawal","Angel Investor","https://vcdekho.com/investors/brijesh-agrawal"
"narayana-murthy","Narayana Murthy","Angel Investor","https://vcdekho.com/investors/narayana-murthy"
"sudha-murty","Sudha Murty","Angel Investor","https://vcdekho.com/investors/sudha-murty"
"nandan-nilekani","Nandan Nilekani","Angel Investor","https://vcdekho.com/investors/nandan-nilekani"
"rohini-nilekani","Rohini Nilekani","Angel Investor","https://vcdekho.com/investors/rohini-nilekani"
"kris-gopalakrishnan","Kris Gopalakrishnan","Angel Investor","https://vcdekho.com/investors/kris-gopalakrishnan"
"s-d-shibulal","S.D. Shibulal","Angel Investor","https://vcdekho.com/investors/s-d-shibulal"
"v-balakrishnan","V. Balakrishnan","Angel Investor","https://vcdekho.com/investors/v-balakrishnan"
"ravi-venkatesan","Ravi Venkatesan","Ravi Venkatesan","https://vcdekho.com/investors/ravi-venkatesan"
"kiran-mazumdar-shaw","Kiran Mazumdar-Shaw","Biocon","https://vcdekho.com/investors/kiran-mazumdar-shaw"
"leena-nair","Leena Nair","Angel Investor","https://vcdekho.com/investors/leena-nair"
"zia-mody","Zia Mody","AZB & Partners","https://vcdekho.com/investors/zia-mody"
"haresh-chawla","Haresh Chawla","Angel Investor","https://vcdekho.com/investors/haresh-chawla"
"manish-vij","Manish Vij","Angel Investor","https://vcdekho.com/investors/manish-vij"
"sandeep-tandon","Sandeep Tandon","Freecharge","https://vcdekho.com/investors/sandeep-tandon"
"sunil-kalra","Sunil Kalra","Angel Investor","https://vcdekho.com/investors/sunil-kalra"
"rishabh-gupta","Rishabh Gupta","Angel Investor","https://vcdekho.com/investors/rishabh-gupta"
"sanjiv-rangrass","Sanjiv Rangrass","ITC","https://vcdekho.com/investors/sanjiv-rangrass"
"pushkar-mukewar","Pushkar Mukewar","Drip Capital","https://vcdekho.com/investors/pushkar-mukewar"
"thirukumaran-nagarajan","Thirukumaran Nagarajan","Ninjacart","https://vcdekho.com/investors/thirukumaran-nagarajan"
"karthee-vidya","Karthee Vidya","Angel Investor","https://vcdekho.com/investors/karthee-vidya"
"raghunandan-g","Raghunandan G","Snapbizz","https://vcdekho.com/investors/raghunandan-g"
"sudhakar-reddy","Sudhakar Reddy","Angel Investor","https://vcdekho.com/investors/sudhakar-reddy"
"srikanth-iyer","Srikanth Iyer","Angel Investor","https://vcdekho.com/investors/srikanth-iyer"
"ashish-goel","Ashish Goel","Angel Investor","https://vcdekho.com/investors/ashish-goel"
"rahul-anand","Rahul Anand","Angel Investor","https://vcdekho.com/investors/rahul-anand"
"kavin-mittal","Kavin Mittal","Hike","https://vcdekho.com/investors/kavin-mittal"
"utsav-somani","Utsav Somani","Angel Investor","https://vcdekho.com/investors/utsav-somani"
"aakrit-vaish","Aakrit Vaish","Haptik","https://vcdekho.com/investors/aakrit-vaish"
"swapan-rajdev","Swapan Rajdev","Lightspeed","https://vcdekho.com/investors/swapan-rajdev"
"rishi-bharrdwaj","Rishi Bharrdwaj","Angel Investor","https://vcdekho.com/investors/rishi-bharrdwaj"
"sateesh-andra","Sateesh Andra","Angel Investor","https://vcdekho.com/investors/sateesh-andra"
"jayesh-parekh","Jayesh Parekh","Angel Investor","https://vcdekho.com/investors/jayesh-parekh"
"maneesh-bhandari","Maneesh Bhandari","WaterBridge Ventures","https://vcdekho.com/investors/maneesh-bhandari"
"saurabh-srivastava","Saurabh Srivastava","Indian Angel Network","https://vcdekho.com/investors/saurabh-srivastava"
"luis-miranda","Luis Miranda","Angel Investor","https://vcdekho.com/investors/luis-miranda"
"vishal-gondal","Vishal Gondal","Angel Investor","https://vcdekho.com/investors/vishal-gondal"
"arihant-patni","Arihant Patni","Angel Investor","https://vcdekho.com/investors/arihant-patni"
"rajiv-mehta","Rajiv Mehta","Angel Investor","https://vcdekho.com/investors/rajiv-mehta"
"suresh-narayanan","Suresh Narayanan","Angel Investor","https://vcdekho.com/investors/suresh-narayanan"
"pankaj-jaju","Pankaj Jaju","Angel Investor","https://vcdekho.com/investors/pankaj-jaju"
"anuj-srivastava","Anuj Srivastava","Angel Investor","https://vcdekho.com/investors/anuj-srivastava"
"sandeep-aggarwal","Sandeep Aggarwal","Angel Investor","https://vcdekho.com/investors/sandeep-aggarwal"
"radhika-aggarwal","Radhika Aggarwal","Angel Investor","https://vcdekho.com/investors/radhika-aggarwal"
"sanjeev-barnwal","Sanjeev Barnwal","Country Delight","https://vcdekho.com/investors/sanjeev-barnwal"
"adwaita-nayar","Adwaita Nayar","Nykaa","https://vcdekho.com/investors/adwaita-nayar"
"anchit-nayar","Anchit Nayar","Nykaa","https://vcdekho.com/investors/anchit-nayar"
"amit-chaudhary","Amit Chaudhary","Lenskart","https://vcdekho.com/investors/amit-chaudhary"
"sumeet-vadera","Sumeet Vadera","Udaan","https://vcdekho.com/investors/sumeet-vadera"
"ambareesh-murty","Ambareesh Murty","Pepperfry","https://vcdekho.com/investors/ambareesh-murty"
"roman-saini","Roman Saini","Angel Investor","https://vcdekho.com/investors/roman-saini"
"hemesh-singh","Hemesh Singh","Angel Investor","https://vcdekho.com/investors/hemesh-singh"
"sachin-gupta","Sachin Gupta","HackerEarth","https://vcdekho.com/investors/sachin-gupta"
"vivek-prakash","Vivek Prakash","Angel Investor","https://vcdekho.com/investors/vivek-prakash"
"zeeshan-ali-syed","Zeeshan Ali Syed","Angel Investor","https://vcdekho.com/investors/zeeshan-ali-syed"
"mayank-kumar","Mayank Kumar","upGrad Ventures","https://vcdekho.com/investors/mayank-kumar"
"phalgun-kompalli","Phalgun Kompalli","upGrad Ventures","https://vcdekho.com/investors/phalgun-kompalli"
"ishan-gupta","Ishan Gupta","EduKart","https://vcdekho.com/investors/ishan-gupta"
"karan-bajwa","Karan Bajwa","Google Cloud","https://vcdekho.com/investors/karan-bajwa"
"cp-gurnani","CP Gurnani","Angel Investor","https://vcdekho.com/investors/cp-gurnani"
"vanitha-narayanan","Vanitha Narayanan","Angel Investor","https://vcdekho.com/investors/vanitha-narayanan"
"kiran-karnik","Kiran Karnik","NASSCOM","https://vcdekho.com/investors/kiran-karnik"
"chetna-sinha","Chetna Sinha","Mann Deshi Foundation","https://vcdekho.com/investors/chetna-sinha"
"nachiket-mor","Nachiket Mor","Angel Investor","https://vcdekho.com/investors/nachiket-mor"
"roopa-kudva","Roopa Kudva","Omidyar Network India","https://vcdekho.com/investors/roopa-kudva"
"k-vaitheeswaran","K. Vaitheeswaran","Angel Investor","https://vcdekho.com/investors/k-vaitheeswaran"
"ashish-hemrajani","Ashish Hemrajani","Angel Investor","https://vcdekho.com/investors/ashish-hemrajani"
"parikshit-dar","Parikshit Dar","Times Internet","https://vcdekho.com/investors/parikshit-dar"
"kanika-tekriwal","Kanika Tekriwal","Angel Investor","https://vcdekho.com/investors/kanika-tekriwal"
"richa-kar","Richa Kar","Angel Investor","https://vcdekho.com/investors/richa-kar"
"shradha-sharma","Shradha Sharma","Angel Investor","https://vcdekho.com/investors/shradha-sharma"
"mahesh-murthy","Mahesh Murthy","Angel Investor","https://vcdekho.com/investors/mahesh-murthy"
"d-a-prasanna","D.A. Prasanna","Angel Investor","https://vcdekho.com/investors/d-a-prasanna"
"ranjan-pai","Ranjan Pai","Manipal Group","https://vcdekho.com/investors/ranjan-pai"
"devi-shetty","Devi Shetty","Angel Investor","https://vcdekho.com/investors/devi-shetty"
"anand-deshpande","Anand Deshpande","Angel Investor","https://vcdekho.com/investors/anand-deshpande"
"suresh-vaswani","Suresh Vaswani","Angel Investor","https://vcdekho.com/investors/suresh-vaswani"
"som-mittal","Som Mittal","Angel Investor","https://vcdekho.com/investors/som-mittal"
"ravi-gururaj","Ravi Gururaj","Fractal","https://vcdekho.com/investors/ravi-gururaj"
"avinash-raghava","Avinash Raghava","Angel Investor","https://vcdekho.com/investors/avinash-raghava"
"suresh-sambandam","Suresh Sambandam","Angel Investor","https://vcdekho.com/investors/suresh-sambandam"
"shashank-nd","Shashank ND","Angel Investor","https://vcdekho.com/investors/shashank-nd"
"abhinav-lal","Abhinav Lal","Angel Investor","https://vcdekho.com/investors/abhinav-lal"
"prashant-tandon","Prashant Tandon","Angel Investor","https://vcdekho.com/investors/prashant-tandon"
"dharmil-sheth","Dharmil Sheth","Angel Investor","https://vcdekho.com/investors/dharmil-sheth"
"tushar-vashisht","Tushar Vashisht","Angel Investor","https://vcdekho.com/investors/tushar-vashisht"
"sachin-shenoy","Sachin Shenoy","Angel Investor","https://vcdekho.com/investors/sachin-shenoy"
"ankit-nagori","Ankit Nagori","Angel Investor","https://vcdekho.com/investors/ankit-nagori"
"maninder-gulati","Maninder Gulati","OYO","https://vcdekho.com/investors/maninder-gulati"
"abhiraj-bhal","Abhiraj Bhal","Angel Investor","https://vcdekho.com/investors/abhiraj-bhal"
"raghav-chandra","Raghav Chandra","Angel Investor","https://vcdekho.com/investors/raghav-chandra"
"varun-khaitan","Varun Khaitan","Angel Investor","https://vcdekho.com/investors/varun-khaitan"
"ninad-karpe","Ninad Karpe","Angel Investor","https://vcdekho.com/investors/ninad-karpe"
"upasana-taku","Upasana Taku","MobiKwik","https://vcdekho.com/investors/upasana-taku"
"bipin-preet-singh","Bipin Preet Singh","Angel Investor","https://vcdekho.com/investors/bipin-preet-singh"
"harshvardhan-lunia","Harshvardhan Lunia","Lendingkart","https://vcdekho.com/investors/harshvardhan-lunia"
"bhavesh-manglani","Bhavesh Manglani","Delhivery","https://vcdekho.com/investors/bhavesh-manglani"
"sahil-barua","Sahil Barua","Delhivery","https://vcdekho.com/investors/sahil-barua"
"suraj-saharan","Suraj Saharan","Delhivery","https://vcdekho.com/investors/suraj-saharan"
"kapil-bharati","Kapil Bharati","Angel Investor","https://vcdekho.com/investors/kapil-bharati"
"mohit-kumar","Mohit Kumar","Angel Investor","https://vcdekho.com/investors/mohit-kumar"
"dheeraj-jain","Dheeraj Jain","Angel Investor","https://vcdekho.com/investors/dheeraj-jain"
"chaitanya-peddi","Chaitanya Peddi","Angel Investor","https://vcdekho.com/investors/chaitanya-peddi"
"prashant-pansare","Prashant Pansare","Angel Investor","https://vcdekho.com/investors/prashant-pansare"
"jagdish-mitra","Jagdish Mitra","Angel Investor","https://vcdekho.com/investors/jagdish-mitra"
"b-v-r-mohan-reddy","B.V.R. Mohan Reddy","Angel Investor","https://vcdekho.com/investors/b-v-r-mohan-reddy"
"j-a-chowdary-2","J.A. Chowdary","Angel Investor","https://vcdekho.com/investors/j-a-chowdary-2"
"raju-reddy","Raju Reddy","Angel Investor","https://vcdekho.com/investors/raju-reddy"
"vivek-raghavan","Vivek Raghavan","Angel Investor","https://vcdekho.com/investors/vivek-raghavan"
"pramod-varma","Pramod Varma","Angel Investor","https://vcdekho.com/investors/pramod-varma"
"mekin-maheshwari","Mekin Maheshwari","Udhyam Learning Foundation","https://vcdekho.com/investors/mekin-maheshwari"
"neeraj-kakkar","Neeraj Kakkar","Angel Investor","https://vcdekho.com/investors/neeraj-kakkar"
"ananth-narayanan","Ananth Narayanan","Angel Investor","https://vcdekho.com/investors/ananth-narayanan"
"ashutosh-lawania","Ashutosh Lawania","Mamaearth","https://vcdekho.com/investors/ashutosh-lawania"
"vineet-saxena","Vineet Saxena","Angel Investor","https://vcdekho.com/investors/vineet-saxena"
"manish-tiwary","Manish Tiwary","Angel Investor","https://vcdekho.com/investors/manish-tiwary"
"rishi-navani","Rishi Navani","Jade Capital","https://vcdekho.com/investors/rishi-navani"
"rahul-khanna","Rahul Khanna","Angel Investor","https://vcdekho.com/investors/rahul-khanna"
"akhil-gupta","Akhil Gupta","Bharti Enterprises","https://vcdekho.com/investors/akhil-gupta"
"sandeep-singhal","Sandeep Singhal","Angel Investor","https://vcdekho.com/investors/sandeep-singhal"
"jishnu-bhattacharjee","Jishnu Bhattacharjee","Angel Investor","https://vcdekho.com/investors/jishnu-bhattacharjee"
"mohit-bhatnagar","Mohit Bhatnagar","Angel Investor","https://vcdekho.com/investors/mohit-bhatnagar"
"sumir-chadha","Sumir Chadha","WestBridge Capital","https://vcdekho.com/investors/sumir-chadha"
"farhad-forbes","Farhad Forbes","Forbes Marshall","https://vcdekho.com/investors/farhad-forbes"
"shivakumar","Shivakumar","Angel Investor","https://vcdekho.com/investors/shivakumar"
"manu-jain","Manu Jain","Angel Investor","https://vcdekho.com/investors/manu-jain"
"pranay-chulet","Pranay Chulet","Zomato","https://vcdekho.com/investors/pranay-chulet"
"farid-ahsan","Farid Ahsan","Little Black Book","https://vcdekho.com/investors/farid-ahsan"
"ankush-sachdeva","Ankush Sachdeva","Angel Investor","https://vcdekho.com/investors/ankush-sachdeva"
"bhanu-pratap-singh","Bhanu Pratap Singh","Angel Investor","https://vcdekho.com/investors/bhanu-pratap-singh"
"apoorva-goyal","Apoorva Goyal","Angel Investor","https://vcdekho.com/investors/apoorva-goyal"
"akshay-bk","Akshay BK","BharatPe","https://vcdekho.com/investors/akshay-bk"
"vivek-gupta","Vivek Gupta","Angel Investor","https://vcdekho.com/investors/vivek-gupta"
"abhay-hanjura","Abhay Hanjura","Licious","https://vcdekho.com/investors/abhay-hanjura"
"saurabh-kumar","Saurabh Kumar","Angel Investor","https://vcdekho.com/investors/saurabh-kumar"
"nitin-gupta","Nitin Gupta","Angel Investor","https://vcdekho.com/investors/nitin-gupta"
"ashish-choudhary","Ashish Choudhary","Angel Investor","https://vcdekho.com/investors/ashish-choudhary"
"meher-pudumjee","Meher Pudumjee","Thermax","https://vcdekho.com/investors/meher-pudumjee"
"rati-forbes","Rati Forbes","Angel Investor","https://vcdekho.com/investors/rati-forbes"
"swati-piramal","Swati Piramal","Piramal Group","https://vcdekho.com/investors/swati-piramal"
"mark-kahn","Mark Kahn","Omnivore","https://vcdekho.com/investors/mark-kahn"
"jinesh-shah","Jinesh Shah","Omnivore","https://vcdekho.com/investors/jinesh-shah"
"sandeep-farias","Sandeep Farias","Elevar Equity","https://vcdekho.com/investors/sandeep-farias"
"jyotsna-krishnan","Jyotsna Krishnan","Elevar Equity","https://vcdekho.com/investors/jyotsna-krishnan"
"arpit-beri","Arpit Beri","Jungle Ventures","https://vcdekho.com/investors/arpit-beri"
"yash-sankrityayan","Yash Sankrityayan","Jungle Ventures","https://vcdekho.com/investors/yash-sankrityayan"
"rishab-malik","Rishab Malik","Jungle Ventures","https://vcdekho.com/investors/rishab-malik"
"nikhil-vora","Nikhil Vora","Sixth Sense Ventures","https://vcdekho.com/investors/nikhil-vora"
"anant-vidur-puri","Anant Vidur Puri","Bessemer Venture Partners","https://vcdekho.com/investors/anant-vidur-puri"
"nithin-kaimal","Nithin Kaimal","Bessemer Venture Partners","https://vcdekho.com/investors/nithin-kaimal"
"sarthak-misra","Sarthak Misra","SoftBank Investment Advisers","https://vcdekho.com/investors/sarthak-misra"
"rajan-anandan-2","Rajan Anandan","Sequoia (India) / Peak XV","https://vcdekho.com/investors/rajan-anandan-2"
"mohit-bhatnagar-2","Mohit Bhatnagar","Sequoia (India) / Peak XV","https://vcdekho.com/investors/mohit-bhatnagar-2"
"gv-ravishankar","GV Ravishankar","Sequoia (India) / Peak XV","https://vcdekho.com/investors/gv-ravishankar"
"sakshi-chopra","Sakshi Chopra","Sequoia (India) / Peak XV","https://vcdekho.com/investors/sakshi-chopra"
"rohit-agarwal","Rohit Agarwal","Sequoia (India) / Peak XV","https://vcdekho.com/investors/rohit-agarwal"
"avnish-bajaj","Avnish Bajaj","Matrix Partners","https://vcdekho.com/investors/avnish-bajaj"
"tarun-davda","Tarun Davda","Matrix Partners","https://vcdekho.com/investors/tarun-davda"
"bejul-somaia","Bejul Somaia","Lightspeed","https://vcdekho.com/investors/bejul-somaia"
"anand-lunia","Anand Lunia","India Quotient","https://vcdekho.com/investors/anand-lunia"
"madhukar-sinha","Madhukar Sinha","India Quotient","https://vcdekho.com/investors/madhukar-sinha"
"mukul-arora","Mukul Arora","Elevation Capital","https://vcdekho.com/investors/mukul-arora"
"anand-daniel","Anand Daniel","Accel","https://vcdekho.com/investors/anand-daniel"
"prashanth-prakash-2","Prashanth Prakash","Accel","https://vcdekho.com/investors/prashanth-prakash-2"
"jishnu-bhattacharjee-2","Jishnu Bhattacharjee","Nexus Venture Partners","https://vcdekho.com/investors/jishnu-bhattacharjee-2"
"anand-datta","Anand Datta","Nexus Venture Partners","https://vcdekho.com/investors/anand-datta"
"suvir-sujan","Suvir Sujan","Nexus Venture Partners","https://vcdekho.com/investors/suvir-sujan"
"bejul-somaia-2","Bejul Somaia","Lightspeed","https://vcdekho.com/investors/bejul-somaia-2"
"kanwaljit-singh","Kanwaljit Singh","Fireside Ventures","https://vcdekho.com/investors/kanwaljit-singh"
"pratip-mazumdar","Pratip Mazumdar","Inflexor Ventures","https://vcdekho.com/investors/pratip-mazumdar"
"shruti-jain-2","Shruti Jain","021 Capital","https://vcdekho.com/investors/shruti-jain-2"
"anirudh-iyer","Anirudh Iyer","021 Capital","https://vcdekho.com/investors/anirudh-iyer"
"chirag-gupta","Chirag Gupta","8X Ventures","https://vcdekho.com/investors/chirag-gupta"
"esha-arya","Esha Arya","8X Ventures","https://vcdekho.com/investors/esha-arya"
"ajay-singh-rajput","Ajay Singh Rajput","8X Ventures","https://vcdekho.com/investors/ajay-singh-rajput"
"vinod-agarwal","Vinod Agarwal","8X Ventures","https://vcdekho.com/investors/vinod-agarwal"
"nisa-amoils","Nisa Amoils","A100x Ventures","https://vcdekho.com/investors/nisa-amoils"
"frank-amato","Frank Amato","A100x Ventures","https://vcdekho.com/investors/frank-amato"
"sal-ternullo","Sal Ternullo","A100x Ventures","https://vcdekho.com/investors/sal-ternullo"
"uri-stav","Uri Stav","A100x Ventures","https://vcdekho.com/investors/uri-stav"
"ketan-kothari","Ketan Kothari","Aarii Ventures","https://vcdekho.com/investors/ketan-kothari"
"priyank-kothari","Priyank Kothari","Aarii Ventures","https://vcdekho.com/investors/priyank-kothari"
"dr-ranjan-pai","Dr. Ranjan Pai","Aarin Capital","https://vcdekho.com/investors/dr-ranjan-pai"
"tv-mohandas-pai","TV Mohandas Pai","Aarin Capital","https://vcdekho.com/investors/tv-mohandas-pai"
"dr-mansi-aggarwal","Dr. Mansi Aggarwal","Alkemi Growth Capital","https://vcdekho.com/investors/dr-mansi-aggarwal"
"arjun-sheth","Arjun Sheth","Anchorage Capital","https://vcdekho.com/investors/arjun-sheth"
"ravi-sheth","Ravi Sheth","Anchorage Capital","https://vcdekho.com/investors/ravi-sheth"
"geet-lulla","Geet Lulla","Anchorage Capital","https://vcdekho.com/investors/geet-lulla"
"rob-liu","Rob Liu","Athena","https://vcdekho.com/investors/rob-liu"
"eduardo-saverin","Eduardo Saverin","B Capital","https://vcdekho.com/investors/eduardo-saverin"
"raj-ganguly","Raj Ganguly","B Capital","https://vcdekho.com/investors/raj-ganguly"
"howard-morgan","Howard Morgan","B Capital","https://vcdekho.com/investors/howard-morgan"
"manu-iyer","Manu Iyer","Bluehill.vc","https://vcdekho.com/investors/manu-iyer"
"anoop-mohan","Anoop Mohan","Bluehill.vc","https://vcdekho.com/investors/anoop-mohan"
"rahul-jindal","Rahul Jindal","BlueLotus Ventures","https://vcdekho.com/investors/rahul-jindal"
"nirupa-shankar","Nirupa Shankar","Brigade REAP","https://vcdekho.com/investors/nirupa-shankar"
"mohan-parvatikar","Mohan Parvatikar","Brigade REAP","https://vcdekho.com/investors/mohan-parvatikar"
"abhay-garg","Abhay Garg","Brigade REAP","https://vcdekho.com/investors/abhay-garg"
"aiyappa-somayanda","Aiyappa Somayanda","Brigade REAP","https://vcdekho.com/investors/aiyappa-somayanda"
"gantavya-kshatree","Gantavya Kshatree","Brigade REAP","https://vcdekho.com/investors/gantavya-kshatree"
"richa-bajpai","Richa Bajpai","Campus Fund","https://vcdekho.com/investors/richa-bajpai"
"bharat-shah","Bharat Shah","Campus Fund","https://vcdekho.com/investors/bharat-shah"
"bijou-kurien","Bijou Kurien","Campus Fund","https://vcdekho.com/investors/bijou-kurien"
"kartik-h","Kartik H","Campus Fund","https://vcdekho.com/investors/kartik-h"
"phanindra-sama-2","Phanindra Sama","redBus","https://vcdekho.com/investors/phanindra-sama-2"
"amit-behl","Amit Behl","Capital 2B","https://vcdekho.com/investors/amit-behl"
"s-viswanatha-prasad-2","S. Viswanatha Prasad","Caspian Equity","https://vcdekho.com/investors/s-viswanatha-prasad-2"
"b-v-narasimham-2","B.V. Narasimham","Caspian Equity","https://vcdekho.com/investors/b-v-narasimham-2"
"vijayalakshmi-n-m","Vijayalakshmi N.M","Caspian Equity","https://vcdekho.com/investors/vijayalakshmi-n-m"
"emmanuel-murray","Emmanuel Murray","Caspian Equity","https://vcdekho.com/investors/emmanuel-murray"
"shilpa-sudhakar","Shilpa Sudhakar","Caspian Equity","https://vcdekho.com/investors/shilpa-sudhakar"
"nitin-savaliya","Nitin Savaliya","DHOLAKIA VENTURES","https://vcdekho.com/investors/nitin-savaliya"
"ritik-singh","Ritik Singh","Golden Sparrow","https://vcdekho.com/investors/ritik-singh"
"michael-marmor","Michael Marmor","Golden Sparrow","https://vcdekho.com/investors/michael-marmor"
"venkat-raju","Venkat Raju","Golden Sparrow","https://vcdekho.com/investors/venkat-raju"
"dr-amritendu-mukherjee","Dr. Amritendu Mukherjee","Golden Sparrow","https://vcdekho.com/investors/dr-amritendu-mukherjee"
"dr-anand-rao","Dr. Anand Rao","Golden Sparrow","https://vcdekho.com/investors/dr-anand-rao"
"prateek-behera","Prateek Behera","gradCapital","https://vcdekho.com/investors/prateek-behera"
"debamita-banerjee","Debamita Banerjee","gradCapital","https://vcdekho.com/investors/debamita-banerjee"
"kshitij-khandelwal","Kshitij Khandelwal","gradCapital","https://vcdekho.com/investors/kshitij-khandelwal"
"sambhav-jain","Sambhav Jain","gradCapital","https://vcdekho.com/investors/sambhav-jain"
"deepak-parekh","Deepak Parekh","HDFC Capital","https://vcdekho.com/investors/deepak-parekh"
"renu-sud-karnad","Renu Sud Karnad","HDFC Capital","https://vcdekho.com/investors/renu-sud-karnad"
"keki-mistry","Keki Mistry","HDFC Capital","https://vcdekho.com/investors/keki-mistry"
"karanpal-singh","Karanpal Singh","Hunch Ventures & Investments Pvt Ltd","https://vcdekho.com/investors/karanpal-singh"
"himangini-singh","Himangini Singh","Hunch Ventures & Investments Pvt Ltd","https://vcdekho.com/investors/himangini-singh"
"amit-dutta","Amit Dutta","Hunch Ventures & Investments Pvt Ltd","https://vcdekho.com/investors/amit-dutta"
"pavan-bakshi","Pavan Bakshi","Hunch Ventures & Investments Pvt Ltd","https://vcdekho.com/investors/pavan-bakshi"
"rudra-dalmia","Rudra Dalmia","Hunch Ventures & Investments Pvt Ltd","https://vcdekho.com/investors/rudra-dalmia"
"priyanka-chopra","Priyanka Chopra","IIMA Ventures","https://vcdekho.com/investors/priyanka-chopra"
"vipul-patel","Vipul Patel","IIMA Ventures","https://vcdekho.com/investors/vipul-patel"
"supriya-sharma","Supriya Sharma","IIMA Ventures","https://vcdekho.com/investors/supriya-sharma"
"chintan-bakshi-2","Chintan Bakshi","IIMA Ventures","https://vcdekho.com/investors/chintan-bakshi-2"
"sandeep-koujalgi","Sandeep Koujalgi","IIMA Ventures","https://vcdekho.com/investors/sandeep-koujalgi"
"deepanwita-chattopadhyay","Deepanwita Chattopadhyay","IKP Knowledge Park","https://vcdekho.com/investors/deepanwita-chattopadhyay"
"prateek-mittal","Prateek Mittal","Inno-Vest Advisors","https://vcdekho.com/investors/prateek-mittal"
"sreekanth-kurella","Sreekanth Kurella","Inno-Vest Advisors","https://vcdekho.com/investors/sreekanth-kurella"
"abhishek-bhandari","Abhishek Bhandari","Inno-Vest Advisors","https://vcdekho.com/investors/abhishek-bhandari"
"arundhati-mukherjee","Arundhati Mukherjee","Inno-Vest Advisors","https://vcdekho.com/investors/arundhati-mukherjee"
"pradnya-shelke","Pradnya Shelke","Inno-Vest Advisors","https://vcdekho.com/investors/pradnya-shelke"
"ashish-sharma","Ashish Sharma","Innoven Capital","https://vcdekho.com/investors/ashish-sharma"
"tarana-lalwani","Tarana Lalwani","Innoven Capital","https://vcdekho.com/investors/tarana-lalwani"
"sameer-mansukhani","Sameer Mansukhani","Innoven Capital","https://vcdekho.com/investors/sameer-mansukhani"
"aditya-mathur","Aditya Mathur","Innoven Capital","https://vcdekho.com/investors/aditya-mathur"
"nikhil-chandna","Nikhil Chandna","Innoven Capital","https://vcdekho.com/investors/nikhil-chandna"
"makhtar-diop","Makhtar Diop","International Finance Corporation (IFC)","https://vcdekho.com/investors/makhtar-diop"
"abhishek-sanghvi","Abhishek Sanghvi","Ecosystem Ventures","https://vcdekho.com/investors/abhishek-sanghvi"
"aditya-jadhav","Aditya Jadhav","Ecosystem Ventures","https://vcdekho.com/investors/aditya-jadhav"
"sudiip-maathur","Sudiip Maathur","Ecosystem Ventures","https://vcdekho.com/investors/sudiip-maathur"
"ganesh-balakrishnan","Ganesh Balakrishnan","Ecosystem Ventures","https://vcdekho.com/investors/ganesh-balakrishnan"
"aditya-somani","Aditya Somani","Ecosystem Ventures","https://vcdekho.com/investors/aditya-somani"
"nirav-sheth","Nirav Sheth","Kathyawad Ventures","https://vcdekho.com/investors/nirav-sheth"
"pankaj-anand","Pankaj Anand","Kathyawad Ventures","https://vcdekho.com/investors/pankaj-anand"
"amit-thakkar","Amit Thakkar","Kathyawad Ventures","https://vcdekho.com/investors/amit-thakkar"
"ashish-kumar","Ashish Kumar","Kathyawad Ventures","https://vcdekho.com/investors/ashish-kumar"
"gaurav-2","Gaurav","Kathyawad Ventures","https://vcdekho.com/investors/gaurav-2"
"doug-krupa","Doug Krupa","KKR","https://vcdekho.com/investors/doug-krupa"
"markus-egloff","Markus Egloff","KKR","https://vcdekho.com/investors/markus-egloff"
"rajul-garg","Rajul Garg","Leo Capital","https://vcdekho.com/investors/rajul-garg"
"shwetank-verma","Shwetank Verma","Leo Capital","https://vcdekho.com/investors/shwetank-verma"
"ravi-srivastava","Ravi Srivastava","Leo Capital","https://vcdekho.com/investors/ravi-srivastava"
"madhusmita-das","Madhusmita Das","Leo Capital","https://vcdekho.com/investors/madhusmita-das"
"henry-goodwin","Henry Goodwin","Leo Capital","https://vcdekho.com/investors/henry-goodwin"
"rashmi-guptey","Rashmi Guptey","Lightbox Ventures","https://vcdekho.com/investors/rashmi-guptey"
"jitha-thathachari","Jitha Thathachari","LongView Ventures","https://vcdekho.com/investors/jitha-thathachari"
"punit-chokhani","Punit Chokhani","LongView Ventures","https://vcdekho.com/investors/punit-chokhani"
"pandiya-kumar-rajamony","Pandiya Kumar Rajamony","Mindtree Ventures / LTIMindtree Investments","https://vcdekho.com/investors/pandiya-kumar-rajamony"
"sanjay-ramakrishnan-2","Sanjay Ramakrishnan","Multiple Ventures","https://vcdekho.com/investors/sanjay-ramakrishnan-2"
"raveen-sastry-2","Raveen Sastry","Multiple Ventures","https://vcdekho.com/investors/raveen-sastry-2"
"shruti-singhal","Shruti Singhal","Multiple Ventures","https://vcdekho.com/investors/shruti-singhal"
"natarajan-ranganathan","Natarajan Ranganathan","SRI Capital","https://vcdekho.com/investors/natarajan-ranganathan"
"ayush-jain","Ayush Jain","Multiple Ventures","https://vcdekho.com/investors/ayush-jain"
"gokul-dixit","Gokul Dixit","Naya Ventures","https://vcdekho.com/investors/gokul-dixit"
"kiran-kalluri","Kiran Kalluri","Naya Ventures","https://vcdekho.com/investors/kiran-kalluri"
"ravish-ailinani","Ravish Ailinani","Naya Ventures","https://vcdekho.com/investors/ravish-ailinani"
"shyam-penumaka","Shyam Penumaka","Naya Ventures","https://vcdekho.com/investors/shyam-penumaka"
"nikhil-rathi","Nikhil Rathi","Next Star Venture Capital LLP","https://vcdekho.com/investors/nikhil-rathi"
"sridhar-rampalli","Sridhar Rampalli","Pavestone VC","https://vcdekho.com/investors/sridhar-rampalli"
"srikanth-v-j-tanikella","Srikanth V J Tanikella","Pavestone VC","https://vcdekho.com/investors/srikanth-v-j-tanikella"
"laxmikanth-v","Laxmikanth V","Pavestone VC","https://vcdekho.com/investors/laxmikanth-v"
"manikandan-n","Manikandan N","Pavestone VC","https://vcdekho.com/investors/manikandan-n"
"sridhar-b","Sridhar B","Pavestone VC","https://vcdekho.com/investors/sridhar-b"
"samir-shah","Samir Shah","Peak Sustainability Ventures","https://vcdekho.com/investors/samir-shah"
"sanjay-nayar-2","Sanjay Nayar","Peak Sustainability Ventures","https://vcdekho.com/investors/sanjay-nayar-2"
"aakash-shah","Aakash Shah","Peak Sustainability Ventures","https://vcdekho.com/investors/aakash-shah"
"ahana-advani","Ahana Advani","Peak Sustainability Ventures","https://vcdekho.com/investors/ahana-advani"
"ravish-ratnam","Ravish Ratnam","PointOne Capital","https://vcdekho.com/investors/ravish-ratnam"
"sanjay-swamy","Sanjay Swamy","Prime Venture Partners","https://vcdekho.com/investors/sanjay-swamy"
"shripati-acharya","Shripati Acharya","Prime Venture Partners","https://vcdekho.com/investors/shripati-acharya"
"amit-somani","Amit Somani","Prime Venture Partners","https://vcdekho.com/investors/amit-somani"
"brij-bhushan","Brij Bhushan","Prime Venture Partners","https://vcdekho.com/investors/brij-bhushan"
"shivani-kulkarni","Shivani Kulkarni","Prime Venture Partners","https://vcdekho.com/investors/shivani-kulkarni"
"nazar-yasin","Nazar Yasin","Rise Capital","https://vcdekho.com/investors/nazar-yasin"
"anant-goenka","Anant Goenka","RPG VENTURES","https://vcdekho.com/investors/anant-goenka"
"kunjan-chikhlikar","Kunjan Chikhlikar","RPG VENTURES","https://vcdekho.com/investors/kunjan-chikhlikar"
"paul-drews","Paul Drews","Sales Force Ventures","https://vcdekho.com/investors/paul-drews"
"john-somorjai","John Somorjai","Sales Force Ventures","https://vcdekho.com/investors/john-somorjai"
"ken-asada","Ken Asada","Sales Force Ventures","https://vcdekho.com/investors/ken-asada"
"claudine-emeott","Claudine Emeott","Sales Force Ventures","https://vcdekho.com/investors/claudine-emeott"
"nowi-kallen","Nowi Kallen","Sales Force Ventures","https://vcdekho.com/investors/nowi-kallen"
"dr-sunil-k-shekhawat","Dr. Sunil K Shekhawat","SanchiConnect","https://vcdekho.com/investors/dr-sunil-k-shekhawat"
"baltej-singh","Baltej Singh","SanchiConnect","https://vcdekho.com/investors/baltej-singh"
"pushpendra-v-kaushal","Pushpendra V Kaushal","SanchiConnect","https://vcdekho.com/investors/pushpendra-v-kaushal"
"karthik-chandrasekar","Karthik Chandrasekar","Sangam Ventures","https://vcdekho.com/investors/karthik-chandrasekar"
"anisha-patnaik","Anisha Patnaik","Sangam Ventures","https://vcdekho.com/investors/anisha-patnaik"
"ravi-venkatesh","Ravi Venkatesh","Tanglin Venture Partners","https://vcdekho.com/investors/ravi-venkatesh"
"sankalp-gupta","Sankalp Gupta","Tanglin Venture Partners","https://vcdekho.com/investors/sankalp-gupta"
"russell-dreisenstock","Russell Dreisenstock","Tanglin Venture Partners","https://vcdekho.com/investors/russell-dreisenstock"
"shashank-sabesan","Shashank Sabesan","Tanglin Venture Partners","https://vcdekho.com/investors/shashank-sabesan"
"arun-scaria","Arun Scaria","Tanglin Venture Partners","https://vcdekho.com/investors/arun-scaria"
"manav-garg","Manav Garg","Together","https://vcdekho.com/investors/manav-garg"
"girish-mathrubootham-2","Girish Mathrubootham","Together","https://vcdekho.com/investors/girish-mathrubootham-2"
"lakshmi-shankar","Lakshmi Shankar","Together","https://vcdekho.com/investors/lakshmi-shankar"
"rahul-khanna-2","Rahul Khanna","Trifecta Capital","https://vcdekho.com/investors/rahul-khanna-2"
"nilesh-kothari","Nilesh Kothari","Trifecta Capital","https://vcdekho.com/investors/nilesh-kothari"
"lavanya-ashok","Lavanya Ashok","Trifecta Capital","https://vcdekho.com/investors/lavanya-ashok"
"abhishek-gupta-2","Abhishek Gupta","Trifecta Capital","https://vcdekho.com/investors/abhishek-gupta-2"
"deepak-mohan","Deepak Mohan","Trifecta Capital","https://vcdekho.com/investors/deepak-mohan"
"venkat-raju-2","Venkat Raju","Turbostart","https://vcdekho.com/investors/venkat-raju-2"
"rajagopal-koushik","Rajagopal Koushik","Turbostart","https://vcdekho.com/investors/rajagopal-koushik"
"ravi-rao","Ravi Rao","Turbostart","https://vcdekho.com/investors/ravi-rao"
"ms-bala","MS Bala","Turbostart","https://vcdekho.com/investors/ms-bala"
"shwetha-balnadu","Shwetha Balnadu","Turbostart","https://vcdekho.com/investors/shwetha-balnadu"
"andy-mcloughlin","Andy McLoughlin","Uncork Capital","https://vcdekho.com/investors/andy-mcloughlin"
"jeff-clavier","Jeff Clavier","Uncork Capital","https://vcdekho.com/investors/jeff-clavier"
"amy-saper","Amy Saper","Uncork Capital","https://vcdekho.com/investors/amy-saper"
"susan-liu","Susan Liu","Uncork Capital","https://vcdekho.com/investors/susan-liu"
"tripp-jones","Tripp Jones","Uncork Capital","https://vcdekho.com/investors/tripp-jones"
"prasanna","Prasanna","Upekkha","https://vcdekho.com/investors/prasanna"
"shekar","Shekar","Upekkha","https://vcdekho.com/investors/shekar"
"thiyagarajan-rajan","Thiyagarajan (Rajan)","Upekkha","https://vcdekho.com/investors/thiyagarajan-rajan"
"lopo-champalimaud","Lopo Champalimaud","V3 Ventures (Verlinvest)","https://vcdekho.com/investors/lopo-champalimaud"
"jimmy-dietz","Jimmy Dietz","V3 Ventures (Verlinvest)","https://vcdekho.com/investors/jimmy-dietz"
"abhiram-bhalerao-2","Abhiram Bhalerao","V3 Ventures (Verlinvest)","https://vcdekho.com/investors/abhiram-bhalerao-2"
"shweta-tripathi","Shweta Tripathi","V3 Ventures (Verlinvest)","https://vcdekho.com/investors/shweta-tripathi"
"kee-lock-chua-2","Kee Lock CHUA","Vertex Ventures","https://vcdekho.com/investors/kee-lock-chua-2"
"joo-hock-chua-2","Joo Hock CHUA","Vertex Ventures","https://vcdekho.com/investors/joo-hock-chua-2"
"ben-mathias","Ben MATHIAS","Vertex Ventures","https://vcdekho.com/investors/ben-mathias"
"piyush-kharbanda","Piyush KHARBANDA","Vertex Ventures","https://vcdekho.com/investors/piyush-kharbanda"
"genping-liu","Genping LIU","Vertex Ventures","https://vcdekho.com/investors/genping-liu"
"sweta-rau","Sweta Rau","White Venture Capital","https://vcdekho.com/investors/sweta-rau"
"amrish-rau","Amrish Rau","White Venture Capital","https://vcdekho.com/investors/amrish-rau"
"jitendra-gupta","Jitendra Gupta","White Venture Capital","https://vcdekho.com/investors/jitendra-gupta"
"xiang-rong-anthony-yeo","Xiang Rong (Anthony) Yeo","White Venture Capital","https://vcdekho.com/investors/xiang-rong-anthony-yeo"
"saloni-jiwrajka","Saloni Jiwrajka","White Venture Capital","https://vcdekho.com/investors/saloni-jiwrajka"
"aditya-pittie","Aditya Pittie","100X VC","https://vcdekho.com/investors/aditya-pittie"
"anand-lunia-2","Anand Lunia","100X VC","https://vcdekho.com/investors/anand-lunia-2"
"anil-joshi-2","Anil Joshi","100X VC","https://vcdekho.com/investors/anil-joshi-2"
"anupam-mittal-2","Anupam Mittal","100X VC","https://vcdekho.com/investors/anupam-mittal-2"
"julie-wolf","Julie Wolf","2048 Ventures","https://vcdekho.com/investors/julie-wolf"
"daniella-cohen","Daniella Cohen","2048 Ventures","https://vcdekho.com/investors/daniella-cohen"
"vikram-chachra","Vikram Chachra","8i Ventures","https://vcdekho.com/investors/vikram-chachra"
"vishwanath-v","Vishwanath V","8i Ventures","https://vcdekho.com/investors/vishwanath-v"
"rohan-sharma","Rohan Sharma","8i Ventures","https://vcdekho.com/investors/rohan-sharma"
"vignesh-shankar","Vignesh Shankar","a99 VC","https://vcdekho.com/investors/vignesh-shankar"
"ganesh-sathyamurthy","Ganesh Sathyamurthy","a99 VC","https://vcdekho.com/investors/ganesh-sathyamurthy"
"asha-venugopal","Asha Venugopal","a99 VC","https://vcdekho.com/investors/asha-venugopal"
"pankaj-singh","Pankaj Singh","Aagama Ventures","https://vcdekho.com/investors/pankaj-singh"
"lavanya-ashok-2","Lavanya Ashok","Aeravti Ventures","https://vcdekho.com/investors/lavanya-ashok-2"
"santiago-gomez","Santiago Gomez","Aeravti Ventures","https://vcdekho.com/investors/santiago-gomez"
"vivek-sivanandam-2","Vivek Sivanandam","Aeravti Ventures","https://vcdekho.com/investors/vivek-sivanandam-2"
"shardul-singh","Shardul Singh","Aeravti Ventures","https://vcdekho.com/investors/shardul-singh"
"aditya-siroya","Aditya Siroya","Aeravti Ventures","https://vcdekho.com/investors/aditya-siroya"
"binny-khanna","BINNY KHANNA","AIC Banasthali","https://vcdekho.com/investors/binny-khanna"
"ms-sanskriti-sharma","MS. SANSKRITI SHARMA","AIC Banasthali","https://vcdekho.com/investors/ms-sanskriti-sharma"
"kushal-bhagia","Kushal Bhagia","All In Capital","https://vcdekho.com/investors/kushal-bhagia"
"ryan-khoury","Ryan Khoury","Alpha Wave Global","https://vcdekho.com/investors/ryan-khoury"
"ravi-thakran","Ravi Thakran","Alpha Wave Global","https://vcdekho.com/investors/ravi-thakran"
"francis-suarez","Francis Suarez","Alpha Wave Global","https://vcdekho.com/investors/francis-suarez"
"matthew-corey","Matthew Corey","Alpha Wave Global","https://vcdekho.com/investors/matthew-corey"
"cathy-weist","Cathy Weist","Alpha Wave Global","https://vcdekho.com/investors/cathy-weist"
"ankit-agarwal","Ankit Agarwal","Alteria Capital","https://vcdekho.com/investors/ankit-agarwal"
"ajay-hattangdi","Ajay Hattangdi","Alteria Capital","https://vcdekho.com/investors/ajay-hattangdi"
"jinal-gandhi","Jinal Gandhi","Alteria Capital","https://vcdekho.com/investors/jinal-gandhi"
"deepak-malik","Deepak Malik","Alteria Capital","https://vcdekho.com/investors/deepak-malik"
"akshat-saxena","Akshat Saxena","Alteria Capital","https://vcdekho.com/investors/akshat-saxena"
"lavanya-indralingam","Lavanya Indralingam","Antler","https://vcdekho.com/investors/lavanya-indralingam"
"bede-moore","Bede Moore","Antler","https://vcdekho.com/investors/bede-moore"
"frank-stevenaar","Frank Stevenaar","Antler","https://vcdekho.com/investors/frank-stevenaar"
"rajiv-r","Rajiv R","Arali Ventures","https://vcdekho.com/investors/rajiv-r"
"sujata-k","Sujata K","Arali Ventures","https://vcdekho.com/investors/sujata-k"
"rohan-c","Rohan C","Arali Ventures","https://vcdekho.com/investors/rohan-c"
"svetha-r","Svetha R","Arali Ventures","https://vcdekho.com/investors/svetha-r"
"harshal-g","Harshal G","Arali Ventures","https://vcdekho.com/investors/harshal-g"
"sekhar-puli","Sekhar Puli","Aroa Venture Partners","https://vcdekho.com/investors/sekhar-puli"
"nitin-wadhwa","Nitin Wadhwa","Aroa Venture Partners","https://vcdekho.com/investors/nitin-wadhwa"
"suren-gounder","Suren Gounder","Aroa Venture Partners","https://vcdekho.com/investors/suren-gounder"
"rajiv-gupta","Rajiv Gupta","Avatar Growth Capital","https://vcdekho.com/investors/rajiv-gupta"
"gaurav-deepak","Gaurav Deepak","Avendus","https://vcdekho.com/investors/gaurav-deepak"
"kaushal-aggarwal","Kaushal Aggarwal","Avendus","https://vcdekho.com/investors/kaushal-aggarwal"
"ranu-vohra","Ranu Vohra","Avendus","https://vcdekho.com/investors/ranu-vohra"
"hiro-maeda","Hiro Maeda","BEENEXT","https://vcdekho.com/investors/hiro-maeda"
"hero-choudhary","Hero Choudhary","BEENEXT","https://vcdekho.com/investors/hero-choudhary"
"nao-ito","Nao Ito","BEENEXT","https://vcdekho.com/investors/nao-ito"
"chinmaya-saxena","Chinmaya Saxena","BEENEXT","https://vcdekho.com/investors/chinmaya-saxena"
"anirudh-garg","Anirudh Garg","BEENEXT","https://vcdekho.com/investors/anirudh-garg"
"haya-haffar","Haya Haffar","Beyond Capital Ventures","https://vcdekho.com/investors/haya-haffar"
"mohammad-majali","Mohammad Majali","Beyond Capital Ventures","https://vcdekho.com/investors/mohammad-majali"
"arjun-malhotra-2","Arjun Malhotra","Bharat Founders Fund","https://vcdekho.com/investors/arjun-malhotra-2"
"rohan-malhotra-2","Rohan Malhotra","Bharat Founders Fund","https://vcdekho.com/investors/rohan-malhotra-2"
"sera-arora","Sera Arora","Bharat Founders Fund","https://vcdekho.com/investors/sera-arora"
"radika-agarwal-2","Radika Agarwal","Bharat Founders Fund","https://vcdekho.com/investors/radika-agarwal-2"
"shreyans-salecha","Shreyans Salecha","Bharat Founders Fund","https://vcdekho.com/investors/shreyans-salecha"
"sowmya-arunkumar","Sowmya Arunkumar","C4D Partners","https://vcdekho.com/investors/sowmya-arunkumar"
"shiv-gaurav-bhargava","Shiv Gaurav Bhargava","Capitar Ventures","https://vcdekho.com/investors/shiv-gaurav-bhargava"
"vijayalakshmi-n-m-2","Vijayalakshmi N.M","Caspian Impact Investments","https://vcdekho.com/investors/vijayalakshmi-n-m-2"
"shilpa-sudhakar-2","Shilpa Sudhakar","Caspian Impact Investments","https://vcdekho.com/investors/shilpa-sudhakar-2"
"emmanuel-murray-2","Emmanuel Murray","Caspian Impact Investments","https://vcdekho.com/investors/emmanuel-murray-2"
"ria-das","Ria Das","Caspian Impact Investments","https://vcdekho.com/investors/ria-das"
"mohammed-junaid","Mohammed Junaid","Caspian Impact Investments","https://vcdekho.com/investors/mohammed-junaid"
"abhishek-sharman","Abhishek Sharman","CDM Capital","https://vcdekho.com/investors/abhishek-sharman"
"hithendra-ramachandran","Hithendra Ramachandran","CDM Capital","https://vcdekho.com/investors/hithendra-ramachandran"
"saurabh-devendra-singh","Saurabh Devendra Singh","CDM Capital","https://vcdekho.com/investors/saurabh-devendra-singh"
"anuraag-srivastava","Anuraag Srivastava","CDM Capital","https://vcdekho.com/investors/anuraag-srivastava"
"salil-bhargava","Salil Bhargava","CDM Capital","https://vcdekho.com/investors/salil-bhargava"
"mark-joseph","Mark Joseph","Chakra Fund","https://vcdekho.com/investors/mark-joseph"
"rampi-kandadai","Rampi Kandadai","Chakra Fund","https://vcdekho.com/investors/rampi-kandadai"
"mahendra-jain","Mahendra Jain","Chakra Fund","https://vcdekho.com/investors/mahendra-jain"
"vineeta-gupta","Vineeta Gupta","Chakra Fund","https://vcdekho.com/investors/vineeta-gupta"
"rahul-chopra","Rahul Chopra","Chakra Fund","https://vcdekho.com/investors/rahul-chopra"
"john-zeratsky","John Zeratsky","Character","https://vcdekho.com/investors/john-zeratsky"
"kristen-brillantes","Kristen Brillantes","Character","https://vcdekho.com/investors/kristen-brillantes"
"ashley-menezes","Ashley Menezes","ChrysCapital","https://vcdekho.com/investors/ashley-menezes"
"sanjay-kukreja","Sanjay Kukreja","ChrysCapital","https://vcdekho.com/investors/sanjay-kukreja"
"sanjiv-kaul-2","Sanjiv Kaul","ChrysCapital","https://vcdekho.com/investors/sanjiv-kaul-2"
"tanuj-dutta","Tanuj Dutta","Congruent Ventures","https://vcdekho.com/investors/tanuj-dutta"
"kevin-kopczynski","Kevin Kopczynski","Congruent Ventures","https://vcdekho.com/investors/kevin-kopczynski"
"marianne-wu","Marianne Wu","Congruent Ventures","https://vcdekho.com/investors/marianne-wu"
"eliza-cushman","Eliza Cushman","Congruent Ventures","https://vcdekho.com/investors/eliza-cushman"
"gray-robinson","Gray Robinson","Congruent Ventures","https://vcdekho.com/investors/gray-robinson"
"abhishek-mittal","Abhishek Mittal","Endurance Capital","https://vcdekho.com/investors/abhishek-mittal"
"tom-shinner","Tom Shinner","Entrepreneur First","https://vcdekho.com/investors/tom-shinner"
"jonny-clifford","Jonny Clifford","Entrepreneur First","https://vcdekho.com/investors/jonny-clifford"
"rahul-samat","Rahul Samat","Entrepreneur First","https://vcdekho.com/investors/rahul-samat"
"joe-ros","Joe Ros","Entrepreneur First","https://vcdekho.com/investors/joe-ros"
"elspeth-lawson","Elspeth Lawson","Entrepreneur First","https://vcdekho.com/investors/elspeth-lawson"
"ms-sadhika-agarwal","Ms. Sadhika Agarwal","Equirus Ventures","https://vcdekho.com/investors/ms-sadhika-agarwal"
"mr-gopan-v-p","Mr. Gopan V P","Equirus Ventures","https://vcdekho.com/investors/mr-gopan-v-p"
"pearl-agarwal-2","Pearl Agarwal","Eximius Ventures","https://vcdekho.com/investors/pearl-agarwal-2"
"preeti-nellore-sampat-2","Preeti Nellore Sampat","Eximius Ventures","https://vcdekho.com/investors/preeti-nellore-sampat-2"
"yogesh-mahansaria","Yogesh Mahansaria","Faering Capital","https://vcdekho.com/investors/yogesh-mahansaria"
"apurva-parekh","Apurva Parekh","Faering Capital","https://vcdekho.com/investors/apurva-parekh"
"shyam-patwari","Shyam Patwari","Faering Capital","https://vcdekho.com/investors/shyam-patwari"
"manish-deepak","Manish Deepak","Faering Capital","https://vcdekho.com/investors/manish-deepak"
"toshi-yadav","Toshi Yadav","Faering Capital","https://vcdekho.com/investors/toshi-yadav"
"aman-jain","Aman Jain","GetFive","https://vcdekho.com/investors/aman-jain"
"choo-yong-cheen","Choo Yong Cheen","GIC Private Limited","https://vcdekho.com/investors/choo-yong-cheen"
"liew-tzu-mi","Liew Tzu Mi","GIC Private Limited","https://vcdekho.com/investors/liew-tzu-mi"
"boon-chin-hau","Boon Chin Hau","GIC Private Limited","https://vcdekho.com/investors/boon-chin-hau"
"mark-ong","Mark Ong","GIC Private Limited","https://vcdekho.com/investors/mark-ong"
"goh-chin-kiong","Goh Chin Kiong","GIC Private Limited","https://vcdekho.com/investors/goh-chin-kiong"
"justin-hall","Justin Hall","Golden Gate Ventures","https://vcdekho.com/investors/justin-hall"
"angela-toy","Angela Toy","Golden Gate Ventures","https://vcdekho.com/investors/angela-toy"
"michael-lints","Michael Lints","Golden Gate Ventures","https://vcdekho.com/investors/michael-lints"
"hussain-abdulla","Hussain Abdulla","Golden Gate Ventures","https://vcdekho.com/investors/hussain-abdulla"
"jeffrey-chua","Jeffrey Chua","Golden Gate Ventures","https://vcdekho.com/investors/jeffrey-chua"
"arjun-malhotra-3","Arjun Malhotra","Good Capital","https://vcdekho.com/investors/arjun-malhotra-3"
"rohan-malhotra-3","Rohan Malhotra","Good Capital","https://vcdekho.com/investors/rohan-malhotra-3"
"andrew-brackin","Andrew Brackin","Gradient Ventures","https://vcdekho.com/investors/andrew-brackin"
"clayton-petty","Clayton Petty","Gradient Ventures","https://vcdekho.com/investors/clayton-petty"
"denise-teng","Denise Teng","Gradient Ventures","https://vcdekho.com/investors/denise-teng"
"vig-sachidananda","Vig Sachidananda","Gradient Ventures","https://vcdekho.com/investors/vig-sachidananda"
"kyle-duffy","Kyle Duffy","Gradient Ventures","https://vcdekho.com/investors/kyle-duffy"
"rajesh-sawhney","Rajesh Sawhney","GSF","https://vcdekho.com/investors/rajesh-sawhney"
"harish-r","Harish R","India Alternatives","https://vcdekho.com/investors/harish-r"
"rupa-vora","Rupa Vora","India Alternatives","https://vcdekho.com/investors/rupa-vora"
"karan-bhagat","Karan Bhagat","India Alternatives","https://vcdekho.com/investors/karan-bhagat"
"kiran-nadkarni","Kiran Nadkarni","India Alternatives","https://vcdekho.com/investors/kiran-nadkarni"
"satish-pillai","Satish Pillai","India Alternatives","https://vcdekho.com/investors/satish-pillai"
"yogesh-kulkarni","Yogesh Kulkarni","Indusbridge Ventures","https://vcdekho.com/investors/yogesh-kulkarni"
"david-brantner","David Brantner","Indusbridge Ventures","https://vcdekho.com/investors/david-brantner"
"sandeep-daga","Sandeep Daga","Indusbridge Ventures","https://vcdekho.com/investors/sandeep-daga"
"sg-murali","SG Murali","Indusbridge Ventures","https://vcdekho.com/investors/sg-murali"
"jyoti-devjani","Jyoti Devjani","Indusbridge Ventures","https://vcdekho.com/investors/jyoti-devjani"
"mitesh-shah","Mitesh Shah","Inflection Point Ventures","https://vcdekho.com/investors/mitesh-shah"
"vinod-bansal","Vinod Bansal","Inflection Point Ventures","https://vcdekho.com/investors/vinod-bansal"
"srini-ananth","Srini Ananth","Intel Capital","https://vcdekho.com/investors/srini-ananth"
"roi-bar-kat","Roi Bar-Kat","Intel Capital","https://vcdekho.com/investors/roi-bar-kat"
"abdul-guefor","Abdul Guefor","Intel Capital","https://vcdekho.com/investors/abdul-guefor"
"mark-rostick","Mark Rostick","Intel Capital","https://vcdekho.com/investors/mark-rostick"
"tianlin-wang","Tianlin Wang","Intel Capital","https://vcdekho.com/investors/tianlin-wang"
"jayesh-bhatia","Jayesh Bhatia","Intellecap","https://vcdekho.com/investors/jayesh-bhatia"
"pramod-kasat","Pramod Kasat","Intellecap","https://vcdekho.com/investors/pramod-kasat"
"santosh-singh","Santosh Singh","Intellecap","https://vcdekho.com/investors/santosh-singh"
"manoj-kumar-nambiar","Manoj Kumar Nambiar","Intellecap","https://vcdekho.com/investors/manoj-kumar-nambiar"
"vineet-chandra-rai","Vineet Chandra Rai","Intellecap","https://vcdekho.com/investors/vineet-chandra-rai"
"ketki-tulpule","Ketki Tulpule","IXP Lifesciences","https://vcdekho.com/investors/ketki-tulpule"
"ravindra-krishnappa","Ravindra Krishnappa","July Ventures","https://vcdekho.com/investors/ravindra-krishnappa"
"suresh-tr","Suresh TR","July Ventures","https://vcdekho.com/investors/suresh-tr"
"vishwanath-ms","Vishwanath MS","July Ventures","https://vcdekho.com/investors/vishwanath-ms"
"prakash-rao","Prakash Rao","July Ventures","https://vcdekho.com/investors/prakash-rao"
"bhushan-rao","Bhushan Rao","July Ventures","https://vcdekho.com/investors/bhushan-rao"
"paul-bishop","Paul Bishop","LocalGlobe","https://vcdekho.com/investors/paul-bishop"
"remus-brett","Remus Brett","LocalGlobe","https://vcdekho.com/investors/remus-brett"
"julia-svennerst-l-hawkins","Julia Svennerstål-Hawkins","LocalGlobe","https://vcdekho.com/investors/julia-svennerst-l-hawkins"
"amy-grimshaw","Amy Grimshaw","LocalGlobe","https://vcdekho.com/investors/amy-grimshaw"
"benjamin-grol","Benjamin Grol","LocalGlobe","https://vcdekho.com/investors/benjamin-grol"
"clay-dumas","Clay Dumas","Lowercarbon Capital","https://vcdekho.com/investors/clay-dumas"
"caie-kelley","Caie Kelley","Lowercarbon Capital","https://vcdekho.com/investors/caie-kelley"
"ryan-orbuch","Ryan Orbuch","Lowercarbon Capital","https://vcdekho.com/investors/ryan-orbuch"
"shawn-xu","Shawn Xu","Lowercarbon Capital","https://vcdekho.com/investors/shawn-xu"
"lauren-faber-o-connor","Lauren Faber O'Connor","Lowercarbon Capital","https://vcdekho.com/investors/lauren-faber-o-connor"
"ajay-srinivasan","Ajay Srinivasan","Lumis Partners","https://vcdekho.com/investors/ajay-srinivasan"
"neelam-dhawan","Neelam Dhawan","Lumis Partners","https://vcdekho.com/investors/neelam-dhawan"
"mukesh-aghi","Mukesh Aghi","Lumis Partners","https://vcdekho.com/investors/mukesh-aghi"
"arjun-malhotra-4","Arjun Malhotra","Lumis Partners","https://vcdekho.com/investors/arjun-malhotra-4"
"bradley-fishman","Bradley Fishman","M Venture Partners (MVP)","https://vcdekho.com/investors/bradley-fishman"
"sooman-wolffs","SooMan Wolffs","M Venture Partners (MVP)","https://vcdekho.com/investors/sooman-wolffs"
"memet-yazici","Memet Yazici","M Venture Partners (MVP)","https://vcdekho.com/investors/memet-yazici"
"karl-bornefalk","Karl Bornefalk","M Venture Partners (MVP)","https://vcdekho.com/investors/karl-bornefalk"
"santosh-rao","Santosh Rao","M Venture Partners (MVP)","https://vcdekho.com/investors/santosh-rao"
"rajesh-jejurikar","Rajesh Jejurikar","Mahindra Sparkle","https://vcdekho.com/investors/rajesh-jejurikar"
"amarjyoti-barua","Amarjyoti Barua","Mahindra Sparkle","https://vcdekho.com/investors/amarjyoti-barua"
"mohit-joshi","Mohit Joshi","Mahindra Sparkle","https://vcdekho.com/investors/mohit-joshi"
"raul-rebello","Raul Rebello","Mahindra Sparkle","https://vcdekho.com/investors/raul-rebello"
"amit-kumar-sinha","Amit Kumar Sinha","Mahindra Sparkle","https://vcdekho.com/investors/amit-kumar-sinha"
"vimal-kedia","Vimal Kedia","Manjushree Ventures","https://vcdekho.com/investors/vimal-kedia"
"surendra-kedia","Surendra Kedia","Manjushree Ventures","https://vcdekho.com/investors/surendra-kedia"
"basant-kumar-mohata","Basant Kumar Mohata","Manjushree Ventures","https://vcdekho.com/investors/basant-kumar-mohata"
"george-thomas","George Thomas","Menterra Ventures","https://vcdekho.com/investors/george-thomas"
"pranav-sanghvi","Pranav Sanghvi","Merak Ventures","https://vcdekho.com/investors/pranav-sanghvi"
"sreya-rakshit","Sreya Rakshit","Merak Ventures","https://vcdekho.com/investors/sreya-rakshit"
"abraham-thomas","Abraham Thomas","Merak Ventures","https://vcdekho.com/investors/abraham-thomas"
"soumitra-mishra","Soumitra Mishra","Merak Ventures","https://vcdekho.com/investors/soumitra-mishra"
"brian-smith","Brian Smith","Multicoin Capital","https://vcdekho.com/investors/brian-smith"
"matt-shapiro","Matt Shapiro","Multicoin Capital","https://vcdekho.com/investors/matt-shapiro"
"shayon-sengupta","Shayon Sengupta","Multicoin Capital","https://vcdekho.com/investors/shayon-sengupta"
"john-robert-reed","John Robert Reed","Multicoin Capital","https://vcdekho.com/investors/john-robert-reed"
"greg-xethalis","Greg Xethalis","Multicoin Capital","https://vcdekho.com/investors/greg-xethalis"
"mr-nandu-j-naik","Mr. Nandu J Naik","NABVENTURES","https://vcdekho.com/investors/mr-nandu-j-naik"
"mr-mohd-khalid","Mr. Mohd. Khalid","NABVENTURES","https://vcdekho.com/investors/mr-mohd-khalid"
"mr-ankit-bhatnagar","Mr. Ankit Bhatnagar","NABVENTURES","https://vcdekho.com/investors/mr-ankit-bhatnagar"
"ms-deepti-paliwal","Ms. Deepti Paliwal","NABVENTURES","https://vcdekho.com/investors/ms-deepti-paliwal"
"mr-shashwat-s-goyal","Mr. Shashwat S Goyal","NABVENTURES","https://vcdekho.com/investors/mr-shashwat-s-goyal"
"t-j-rylander","T.J. Rylander","next47","https://vcdekho.com/investors/t-j-rylander"
"moshe-zilberstein","Moshe Zilberstein","next47","https://vcdekho.com/investors/moshe-zilberstein"
"vivian-cheng","Vivian Cheng","next47","https://vcdekho.com/investors/vivian-cheng"
"colton-dempsey","Colton Dempsey","next47","https://vcdekho.com/investors/colton-dempsey"
"fred-ellis","Fred Ellis","next47","https://vcdekho.com/investors/fred-ellis"
"sonya-brown","Sonya Brown","Norwest Venture Partners","https://vcdekho.com/investors/sonya-brown"
"ran-ding","Ran Ding","Norwest Venture Partners","https://vcdekho.com/investors/ran-ding"
"tiba-aynechi-ph-d","Tiba Aynechi, Ph.D.","Norwest Venture Partners","https://vcdekho.com/investors/tiba-aynechi-ph-d"
"dror-nahumi","Dror Nahumi","Norwest Venture Partners","https://vcdekho.com/investors/dror-nahumi"
"zack-scott-md","Zack Scott, MD","Norwest Venture Partners","https://vcdekho.com/investors/zack-scott-md"
"jessica-huang-pouleur","Jessica Huang Pouleur","Openspace Ventures","https://vcdekho.com/investors/jessica-huang-pouleur"
"udhay-furtado","Udhay Furtado","Openspace Ventures","https://vcdekho.com/investors/udhay-furtado"
"ayu-tanoesoedibjo","Ayu Tanoesoedibjo","Openspace Ventures","https://vcdekho.com/investors/ayu-tanoesoedibjo"
"kelvin-goh","Kelvin Goh","Openspace Ventures","https://vcdekho.com/investors/kelvin-goh"
"omesh-fabiani","Omesh Fabiani","Openspace Ventures","https://vcdekho.com/investors/omesh-fabiani"
"cosmo-jiang","Cosmo Jiang","Pantera Capital","https://vcdekho.com/investors/cosmo-jiang"
"franklin-bi","Franklin Bi","Pantera Capital","https://vcdekho.com/investors/franklin-bi"
"scott-lawin","Scott Lawin","Pantera Capital","https://vcdekho.com/investors/scott-lawin"
"marc-selfon","Marc Selfon","Pantera Capital","https://vcdekho.com/investors/marc-selfon"
"matt-gorham","Matt Gorham","Pantera Capital","https://vcdekho.com/investors/matt-gorham"
"swati-a-piramal","Swati A. Piramal","Piramal Family Office","https://vcdekho.com/investors/swati-a-piramal"
"nandini-piramal","Nandini Piramal","Piramal Family Office","https://vcdekho.com/investors/nandini-piramal"
"pawel-chudzinski","Pawel Chudzinski","Point Nine Capital","https://vcdekho.com/investors/pawel-chudzinski"
"ricardo-sequerra-amram","Ricardo Sequerra Amram","Point Nine Capital","https://vcdekho.com/investors/ricardo-sequerra-amram"
"kolja-hebenstreit","Kolja Hebenstreit","Point Nine Capital","https://vcdekho.com/investors/kolja-hebenstreit"
"michael-wolfe","Michael Wolfe","Point Nine Capital","https://vcdekho.com/investors/michael-wolfe"
"aleksandra-zorylo","Aleksandra Zorylo","Point Nine Capital","https://vcdekho.com/investors/aleksandra-zorylo"
"kris-gopalakrishnan-2","Kris Gopalakrishnan","Pratithi Investments","https://vcdekho.com/investors/kris-gopalakrishnan-2"
"saumya-jain","Saumya Jain","Pratithi Investments","https://vcdekho.com/investors/saumya-jain"
"abhishek-panda","Abhishek Panda","Pratithi Investments","https://vcdekho.com/investors/abhishek-panda"
"sakshi-budhadev","Sakshi Budhadev","Pratithi Investments","https://vcdekho.com/investors/sakshi-budhadev"
"sumit-dhanuka","Sumit Dhanuka","Precog Innovation Partners","https://vcdekho.com/investors/sumit-dhanuka"
"b-ganesh-shenoy","B. Ganesh Shenoy","Precog Innovation Partners","https://vcdekho.com/investors/b-ganesh-shenoy"
"amit-dhamija","Amit Dhamija","Precog Innovation Partners","https://vcdekho.com/investors/amit-dhamija"
"abhishek-dhawan","Abhishek Dhawan","Precog Innovation Partners","https://vcdekho.com/investors/abhishek-dhawan"
"bhumika-singh","Bhumika Singh","Precog Innovation Partners","https://vcdekho.com/investors/bhumika-singh"
"amias-gerety","Amias Gerety","QED Investors","https://vcdekho.com/investors/amias-gerety"
"bill-cilluffo","Bill Cilluffo","QED Investors","https://vcdekho.com/investors/bill-cilluffo"
"camila-vieira","Camila Vieira","QED Investors","https://vcdekho.com/investors/camila-vieira"
"gbenga-ajayi","Gbenga Ajayi","QED Investors","https://vcdekho.com/investors/gbenga-ajayi"
"laura-bock","Laura Bock","QED Investors","https://vcdekho.com/investors/laura-bock"
"tushar-gupta","Tushar Gupta","Qualcomm Ventures","https://vcdekho.com/investors/tushar-gupta"
"song-mao","Song Mao","Qualcomm Ventures","https://vcdekho.com/investors/song-mao"
"boaz-peer","Boaz Peer","Qualcomm Ventures","https://vcdekho.com/investors/boaz-peer"
"varsha-tagare","Varsha Tagare","Qualcomm Ventures","https://vcdekho.com/investors/varsha-tagare"
"albert-wang","Albert Wang","Qualcomm Ventures","https://vcdekho.com/investors/albert-wang"
"ganesh-rengaswamy","Ganesh Rengaswamy","Quona Capital","https://vcdekho.com/investors/ganesh-rengaswamy"
"david-mathewson","David Mathewson","Quona Capital","https://vcdekho.com/investors/david-mathewson"
"johan-bosini","Johan Bosini","Quona Capital","https://vcdekho.com/investors/johan-bosini"
"rafa-de-la-guia","Rafa de la Guia","Quona Capital","https://vcdekho.com/investors/rafa-de-la-guia"
"varun-malhotra","Varun Malhotra","Quona Capital","https://vcdekho.com/investors/varun-malhotra"
"mr-arif-sayed-alkazim","Mr. Arif Sayed Alkazim","Revanta Capital","https://vcdekho.com/investors/mr-arif-sayed-alkazim"
"mr-gautam-shroff","Mr. Gautam Shroff","Revanta Capital","https://vcdekho.com/investors/mr-gautam-shroff"
"suraj-gaydhane","Suraj Gaydhane","Revanta Capital","https://vcdekho.com/investors/suraj-gaydhane"
"julien-cristiani","Julien Cristiani","SE Ventures","https://vcdekho.com/investors/julien-cristiani"
"carlos-ck-kokron","Carlos (CK) Kokron","SE Ventures","https://vcdekho.com/investors/carlos-ck-kokron"
"siddharth-mehta","Siddharth Mehta","SE Ventures","https://vcdekho.com/investors/siddharth-mehta"
"brad-jones","Brad Jones","SE Ventures","https://vcdekho.com/investors/brad-jones"
"gemma-odena-bult","Gemma Odena Bultó","SE Ventures","https://vcdekho.com/investors/gemma-odena-bult"
"tom-wilson","Tom Wilson","Seedcamp","https://vcdekho.com/investors/tom-wilson"
"sia-houchangnia","Sia Houchangnia","Seedcamp","https://vcdekho.com/investors/sia-houchangnia"
"felix-martinez","Felix Martinez","Seedcamp","https://vcdekho.com/investors/felix-martinez"
"hilary-howe","Hilary Howe","Seedcamp","https://vcdekho.com/investors/hilary-howe"
"devin-hunt","Devin Hunt","Seedcamp","https://vcdekho.com/investors/devin-hunt"
"pae-wu","Pae Wu","SOSV","https://vcdekho.com/investors/pae-wu"
"po-bronson","Po Bronson","SOSV","https://vcdekho.com/investors/po-bronson"
"stephen-chambers","Stephen Chambers","SOSV","https://vcdekho.com/investors/stephen-chambers"
"mohan-s-iyer","Mohan S. Iyer","SOSV","https://vcdekho.com/investors/mohan-s-iyer"
"duncan-turner","Duncan Turner","SOSV","https://vcdekho.com/investors/duncan-turner"
"yash-jain","Yash Jain","Sparrow Capital","https://vcdekho.com/investors/yash-jain"
"aakash-goyal","Aakash Goyal","Sparrow Capital","https://vcdekho.com/investors/aakash-goyal"
"vijay-jacob","Vijay Jacob","Speciale Invest","https://vcdekho.com/investors/vijay-jacob"
"krishnaswamy-srinivasan","Krishnaswamy Srinivasan","Speciale Invest","https://vcdekho.com/investors/krishnaswamy-srinivasan"
"vishnu-rajeev","Vishnu Rajeev","Speciale Invest","https://vcdekho.com/investors/vishnu-rajeev"
"dr-mridula-menon","Dr Mridula Menon","Speciale Invest","https://vcdekho.com/investors/dr-mridula-menon"
"sunil-cavale","Sunil Cavale","Speciale Invest","https://vcdekho.com/investors/sunil-cavale"
"suresh-jain","Suresh Jain","Sun Icon Ventures","https://vcdekho.com/investors/suresh-jain"
"sanjay-shah","Sanjay Shah","Theia Ventures","https://vcdekho.com/investors/sanjay-shah"
"ritesh-toshniwal","Ritesh Toshniwal","Thinkuvate","https://vcdekho.com/investors/ritesh-toshniwal"
"vikas-saxena","Vikas Saxena","Thinkuvate","https://vcdekho.com/investors/vikas-saxena"
"mayank-jain","Mayank Jain","Thinkuvate","https://vcdekho.com/investors/mayank-jain"
"kunal-bahl-2","Kunal Bahl","Titan Capital","https://vcdekho.com/investors/kunal-bahl-2"
"rohit-bansal-2","Rohit Bansal","Titan Capital","https://vcdekho.com/investors/rohit-bansal-2"
"manik-pasricha","Manik Pasricha","Titan Capital","https://vcdekho.com/investors/manik-pasricha"
"utpal-sharma","Utpal Sharma","Titan Capital","https://vcdekho.com/investors/utpal-sharma"
"shiv-kapoor","Shiv Kapoor","Titan Capital","https://vcdekho.com/investors/shiv-kapoor"
"satish-chander","Satish Chander","True North","https://vcdekho.com/investors/satish-chander"
"kapil-singhal","Kapil Singhal","True North","https://vcdekho.com/investors/kapil-singhal"
"divya-sehgal","Divya Sehgal","True North","https://vcdekho.com/investors/divya-sehgal"
"maninder-singh-juneja","Maninder Singh Juneja","True North","https://vcdekho.com/investors/maninder-singh-juneja"
"nitin-nayak","Nitin Nayak","True North","https://vcdekho.com/investors/nitin-nayak"
"igor-burlakov","Igor Burlakov","Verb Ventures","https://vcdekho.com/investors/igor-burlakov"
"stefania-chaitidou","Stefania Chaitidou","Verb Ventures","https://vcdekho.com/investors/stefania-chaitidou"
"abhilash-paul","Abhilash Paul","Verb Ventures","https://vcdekho.com/investors/abhilash-paul"
"christos-malikkidis","Christos Malikkidis","Verb Ventures","https://vcdekho.com/investors/christos-malikkidis"
"dureka-oldenburg-carrasquillo","Dureka Oldenburg Carrasquillo","Verb Ventures","https://vcdekho.com/investors/dureka-oldenburg-carrasquillo"
"ben-mathias-2","Ben MATHIAS","Vertex Ventures SE Asia & India","https://vcdekho.com/investors/ben-mathias-2"
"piyush-kharbanda-2","Piyush KHARBANDA","Vertex Ventures SE Asia & India","https://vcdekho.com/investors/piyush-kharbanda-2"
"genping-liu-2","Genping LIU","Vertex Ventures SE Asia & India","https://vcdekho.com/investors/genping-liu-2"
"kanika-mayar","Kanika MAYAR","Vertex Ventures SE Asia & India","https://vcdekho.com/investors/kanika-mayar"
"gary-khoeng","Gary KHOENG","Vertex Ventures SE Asia & India","https://vcdekho.com/investors/gary-khoeng"
"reid-hoffman","Reid Hoffman","Village Global","https://vcdekho.com/investors/reid-hoffman"
"ben-casnocha","Ben Casnocha","Village Global","https://vcdekho.com/investors/ben-casnocha"
"lindsay-m-pettingill","Lindsay M. Pettingill","Village Global","https://vcdekho.com/investors/lindsay-m-pettingill"
"erik-torenberg","Erik Torenberg","Village Global","https://vcdekho.com/investors/erik-torenberg"
"liz-factor","Liz Factor","Village Global","https://vcdekho.com/investors/liz-factor"
"hardik-doshi","Hardik Doshi","White Whale","https://vcdekho.com/investors/hardik-doshi"
"anirudh-iyer-2","Anirudh Iyer","Xeed Ventures","https://vcdekho.com/investors/anirudh-iyer-2"
"mathew-cyriac","Mathew Cyriac","Yali Capital","https://vcdekho.com/investors/mathew-cyriac"
"karthikeyan-karthik-madathil","Karthikeyan 'Karthik' Madathil","Yali Capital","https://vcdekho.com/investors/karthikeyan-karthik-madathil"
"kaushik-ram","Kaushik Ram","Yali Capital","https://vcdekho.com/investors/kaushik-ram"
"lip-bu-tan","Lip-Bu Tan","Yali Capital","https://vcdekho.com/investors/lip-bu-tan"
"aydin-senkut","Aydin Senkut","Felicis","https://vcdekho.com/investors/aydin-senkut"
"villi-iltchev","Villi Iltchev","Felicis","https://vcdekho.com/investors/villi-iltchev"
"neeraj-agrawal","Neeraj Agrawal","Battery Ventures","https://vcdekho.com/investors/neeraj-agrawal"
"chelsea-stoner","Chelsea Stoner","Battery Ventures","https://vcdekho.com/investors/chelsea-stoner"
"ashu-garg","Ashu Garg","Foundation Capital","https://vcdekho.com/investors/ashu-garg"
"steve-vassallo","Steve Vassallo","Foundation Capital","https://vcdekho.com/investors/steve-vassallo"
"deepak-kamra","Deepak Kamra","Canaan Partners","https://vcdekho.com/investors/deepak-kamra"
"nina-achadjian","Nina Achadjian","Canaan Partners","https://vcdekho.com/investors/nina-achadjian"
"jixun-foo","Jixun Foo","Granite Asia","https://vcdekho.com/investors/jixun-foo"
"hans-tung","Hans Tung","Granite Asia","https://vcdekho.com/investors/hans-tung"
"sriram-krishnan","Sriram Krishnan","Andreessen Horowitz","https://vcdekho.com/investors/sriram-krishnan"
"anish-acharya","Anish Acharya","Andreessen Horowitz","https://vcdekho.com/investors/anish-acharya"